Using pre-set license
Built from '6000.0/release' branch; Version is '6000.0.35f1 (9a3bc604008a) revision 10107846'; Using compiler version '193933523'; Build Type 'Release'
OS: 'Windows 11  (10.0.26200) 64bit Professional' Language: 'pt' Physical Memory: 16087 MB
BatchMode: 1, IsHumanControllingUs: 0, StartBugReporterOnCrash: 0, Is64bit: 1, IsPro: 1

COMMAND LINE ARGUMENTS:
C:\Program Files\Unity\Hub\Editor\6000.0.35f1\Editor\Unity.exe
-adb2
-batchMode
-noUpm
-name
AssetImportWorker5
-projectPath
C:/xampp/htdocs/GIT/ProjectionSpray - Unoeste/Unoeste/SpayUnoeste
-logFile
Logs/AssetImportWorker5.log
-srvPort
58605
-job-worker-count
7
-background-job-worker-count
8
-gc-helper-count
1
Successfully changed project path to: C:/xampp/htdocs/GIT/ProjectionSpray - Unoeste/Unoeste/SpayUnoeste
C:/xampp/htdocs/GIT/ProjectionSpray - Unoeste/Unoeste/SpayUnoeste
[UnityMemory] Configuration Parameters - Can be set up in boot.config
    "memorysetup-bucket-allocator-granularity=16"
    "memorysetup-bucket-allocator-bucket-count=8"
    "memorysetup-bucket-allocator-block-size=33554432"
    "memorysetup-bucket-allocator-block-count=8"
    "memorysetup-main-allocator-block-size=16777216"
    "memorysetup-thread-allocator-block-size=16777216"
    "memorysetup-gfx-main-allocator-block-size=16777216"
    "memorysetup-gfx-thread-allocator-block-size=16777216"
    "memorysetup-cache-allocator-block-size=4194304"
    "memorysetup-typetree-allocator-block-size=2097152"
    "memorysetup-profiler-bucket-allocator-granularity=16"
    "memorysetup-profiler-bucket-allocator-bucket-count=8"
    "memorysetup-profiler-bucket-allocator-block-size=33554432"
    "memorysetup-profiler-bucket-allocator-block-count=8"
    "memorysetup-profiler-allocator-block-size=16777216"
    "memorysetup-profiler-editor-allocator-block-size=1048576"
    "memorysetup-temp-allocator-size-main=16777216"
    "memorysetup-job-temp-allocator-block-size=2097152"
    "memorysetup-job-temp-allocator-block-size-background=1048576"
    "memorysetup-job-temp-allocator-reduction-small-platforms=262144"
    "memorysetup-allocator-temp-initial-block-size-main=262144"
    "memorysetup-allocator-temp-initial-block-size-worker=262144"
    "memorysetup-temp-allocator-size-background-worker=32768"
    "memorysetup-temp-allocator-size-job-worker=262144"
    "memorysetup-temp-allocator-size-preload-manager=33554432"
    "memorysetup-temp-allocator-size-nav-mesh-worker=65536"
    "memorysetup-temp-allocator-size-audio-worker=65536"
    "memorysetup-temp-allocator-size-cloud-worker=32768"
    "memorysetup-temp-allocator-size-gi-baking-worker=262144"
    "memorysetup-temp-allocator-size-gi-baking-worker=262144"
    "memorysetup-temp-allocator-size-gi-baking-worker=262144"
    "memorysetup-temp-allocator-size-gi-baking-worker=262144"
    "memorysetup-temp-allocator-size-gi-baking-worker=262144"
    "memorysetup-temp-allocator-size-gfx=262144"
Player connection [31308]  Target information:

Player connection [31308]  * "[IP] 192.168.56.1 [Port] 0 [Flags] 2 [Guid] 1059788658 [EditorId] 1059788658 [Version] 1048832 [Id] WindowsEditor(7,Note-107277) [Debug] 1 [PackageName] WindowsEditor [ProjectName] Editor" 

Player connection [31308]  * "[IP] 26.147.95.184 [Port] 0 [Flags] 2 [Guid] 1059788658 [EditorId] 1059788658 [Version] 1048832 [Id] WindowsEditor(7,Note-107277) [Debug] 1 [PackageName] WindowsEditor [ProjectName] Editor" 

Player connection [31308]  * "[IP] 172.19.6.251 [Port] 0 [Flags] 2 [Guid] 1059788658 [EditorId] 1059788658 [Version] 1048832 [Id] WindowsEditor(7,Note-107277) [Debug] 1 [PackageName] WindowsEditor [ProjectName] Editor" 

Player connection [31308] Host joined multi-casting on [225.0.0.222:54997]...
Player connection [31308] Host joined alternative multi-casting on [225.0.0.222:34997]...
JobSystem: Creating JobQueue using job-worker-count value 7
Input System module state changed to: Initialized.
[Physics::Module] Initialized fallback backend.
[Physics::Module] Id: 0xdecafbad
Library Redirect Path: Library/
[Physics::Module] Selected backend.
[Physics::Module] Name: PhysX
[Physics::Module] Id: 0xf2b8ea05
[Physics::Module] SDK Version: 4.1.2
[Physics::Module] Integration Version: 1.0.0
[Physics::Module] Threading Mode: Multi-Threaded
Refreshing native plugins compatible for Editor in 12.18 ms, found 5 plugins.
Preloading 1 native plugins for Editor in 2.08 ms.
Initialize engine version: 6000.0.35f1 (9a3bc604008a)
[Subsystems] Discovering subsystems at path C:/Program Files/Unity/Hub/Editor/6000.0.35f1/Editor/Data/Resources/UnitySubsystems
[Subsystems] Discovering subsystems at path C:/xampp/htdocs/GIT/ProjectionSpray - Unoeste/Unoeste/SpayUnoeste/Assets
GfxDevice: creating device client; kGfxThreadingModeNonThreaded
Direct3D:
    Version:  Direct3D 11.0 [level 11.1]
    Renderer: NVIDIA GeForce RTX 4050 Laptop GPU (ID=0x28a1)
    Vendor:   NVIDIA
    VRAM:     5936 MB
    Driver:   31.0.15.4618
Shader 'Oculus/OVRMRCameraFrameLit': fallback shader 'Alpha-Diffuse' not found
Initialize mono
Mono path[0] = 'C:/Program Files/Unity/Hub/Editor/6000.0.35f1/Editor/Data/Managed'
Mono path[1] = 'C:/Program Files/Unity/Hub/Editor/6000.0.35f1/Editor/Data/MonoBleedingEdge/lib/mono/unityjit-win32'
Mono config path = 'C:/Program Files/Unity/Hub/Editor/6000.0.35f1/Editor/Data/MonoBleedingEdge/etc'
Using monoOptions --debugger-agent=transport=dt_socket,embedding=1,server=y,suspend=n,address=127.0.0.1:56436
Begin MonoManager ReloadAssembly
Registering precompiled unity dll's ...
Register platform support module: C:/Program Files/Unity/Hub/Editor/6000.0.35f1/Editor/Data/PlaybackEngines/WebGLSupport/UnityEditor.WebGL.Extensions.dll
Register platform support module: C:/Program Files/Unity/Hub/Editor/6000.0.35f1/Editor/Data/PlaybackEngines/MacStandaloneSupport/UnityEditor.OSXStandalone.Extensions.dll
Register platform support module: C:/Program Files/Unity/Hub/Editor/6000.0.35f1/Editor/Data/PlaybackEngines/WindowsStandaloneSupport/UnityEditor.WindowsStandalone.Extensions.dll
Register platform support module: C:/Program Files/Unity/Hub/Editor/6000.0.35f1/Editor/Data/PlaybackEngines/MetroSupport/UnityEditor.UWP.Extensions.dll
Register platform support module: C:/Program Files/Unity/Hub/Editor/6000.0.35f1/Editor/Data/PlaybackEngines/AndroidPlayer/UnityEditor.Android.Extensions.dll
Register platform support module: C:/Program Files/Unity/Hub/Editor/6000.0.35f1/Editor/Data/PlaybackEngines/iOSSupport/UnityEditor.iOS.Extensions.dll
Register platform support module: C:/Program Files/Unity/Hub/Editor/6000.0.35f1/Editor/Data/PlaybackEngines/LinuxStandaloneSupport/UnityEditor.LinuxStandalone.Extensions.dll
Registered in 0.011558 seconds.
- Loaded All Assemblies, in  0.393 seconds
Native extension for LinuxStandalone target not found
Native extension for iOS target not found
Native extension for Android target not found
Android Extension - Scanning For ADB Devices 245 ms
Native extension for UWP target not found
Native extension for WindowsStandalone target not found
Native extension for OSXStandalone target not found
Native extension for WebGL target not found
Mono: successfully reloaded assembly
- Finished resetting the current domain, in  0.579 seconds
Domain Reload Profiling: 970ms
	BeginReloadAssembly (145ms)
		ExecutionOrderSort (0ms)
		DisableScriptedObjects (0ms)
		BackupInstance (0ms)
		ReleaseScriptingObjects (0ms)
		CreateAndSetChildDomain (1ms)
	RebuildCommonClasses (29ms)
	RebuildNativeTypeToScriptingClass (9ms)
	initialDomainReloadingComplete (50ms)
	LoadAllAssembliesAndSetupDomain (157ms)
		LoadAssemblies (144ms)
		RebuildTransferFunctionScriptingTraits (0ms)
		AnalyzeDomain (153ms)
			TypeCache.Refresh (151ms)
				TypeCache.ScanAssembly (136ms)
			BuildScriptInfoCaches (0ms)
			ResolveRequiredComponents (0ms)
	FinalizeReload (580ms)
		ReleaseScriptCaches (0ms)
		RebuildScriptCaches (0ms)
		SetupLoadedEditorAssemblies (550ms)
			LogAssemblyErrors (0ms)
			InitializePlatformSupportModulesInManaged (341ms)
			SetLoadedEditorAssemblies (3ms)
			BeforeProcessingInitializeOnLoad (45ms)
			ProcessInitializeOnLoadAttributes (106ms)
			ProcessInitializeOnLoadMethodAttributes (55ms)
			AfterProcessingInitializeOnLoad (0ms)
			EditorAssembliesLoaded (0ms)
		ExecutionOrderSort2 (0ms)
		AwakeInstancesAfterBackupRestoration (0ms)
========================================================================
Worker process is ready to serve import requests
Import Worker Mode flag is 0x00
Begin MonoManager ReloadAssembly
- Loaded All Assemblies, in  0.748 seconds
Refreshing native plugins compatible for Editor in 5.48 ms, found 5 plugins.
Native extension for LinuxStandalone target not found
Native extension for iOS target not found
Native extension for Android target not found
Native extension for UWP target not found
Native extension for WindowsStandalone target not found
Native extension for OSXStandalone target not found
Native extension for WebGL target not found
Refreshing native plugins compatible for Editor in 4.37 ms, found 5 plugins.
Mono: successfully reloaded assembly
- Finished resetting the current domain, in  0.734 seconds
Domain Reload Profiling: 1477ms
	BeginReloadAssembly (162ms)
		ExecutionOrderSort (0ms)
		DisableScriptedObjects (5ms)
		BackupInstance (0ms)
		ReleaseScriptingObjects (0ms)
		CreateAndSetChildDomain (31ms)
	RebuildCommonClasses (33ms)
	RebuildNativeTypeToScriptingClass (10ms)
	initialDomainReloadingComplete (40ms)
	LoadAllAssembliesAndSetupDomain (497ms)
		LoadAssemblies (401ms)
		RebuildTransferFunctionScriptingTraits (0ms)
		AnalyzeDomain (190ms)
			TypeCache.Refresh (129ms)
				TypeCache.ScanAssembly (116ms)
			BuildScriptInfoCaches (46ms)
			ResolveRequiredComponents (13ms)
	FinalizeReload (734ms)
		ReleaseScriptCaches (0ms)
		RebuildScriptCaches (0ms)
		SetupLoadedEditorAssemblies (557ms)
			LogAssemblyErrors (0ms)
			InitializePlatformSupportModulesInManaged (18ms)
			SetLoadedEditorAssemblies (5ms)
			BeforeProcessingInitializeOnLoad (105ms)
			ProcessInitializeOnLoadAttributes (336ms)
			ProcessInitializeOnLoadMethodAttributes (89ms)
			AfterProcessingInitializeOnLoad (4ms)
			EditorAssembliesLoaded (0ms)
		ExecutionOrderSort2 (0ms)
		AwakeInstancesAfterBackupRestoration (5ms)
Shader 'Oculus/OVRMRCameraFrameLit': fallback shader 'Alpha-Diffuse' not found
Launched and connected shader compiler UnityShaderCompiler.exe after 0.02 seconds
Refreshing native plugins compatible for Editor in 5.47 ms, found 5 plugins.
Preloading 1 native plugins for Editor in 0.07 ms.
Unloading 285 Unused Serialized files (Serialized files now loaded: 0)
Unloading 7459 unused Assets / (6.2 MB). Loaded Objects now: 8164.
Memory consumption went from 193.4 MB to 187.2 MB.
Total: 10.340400 ms (FindLiveObjects: 1.148100 ms CreateObjectMapping: 0.375600 ms MarkObjects: 5.479100 ms  DeleteObjects: 3.335300 ms)

========================================================================
Received Import Request.
  Time since last request: 73422.194612 seconds.
  path: Assets/Oculus/SampleFramework/Usage/HandsInteractionTrainScene.unity
  artifactKey: Guid(a9c41884ef0c347628dfd8a4af4a022e) Importer(2089858483,192608db42251d675da83286b1cce702)
Start importing Assets/Oculus/SampleFramework/Usage/HandsInteractionTrainScene.unity using Guid(a9c41884ef0c347628dfd8a4af4a022e) Importer(2089858483,192608db42251d675da83286b1cce702) (ScriptedImporter) -> (artifact id: '53b2712c257bf6372cea3e15aa62fc6a') in 0.2148 seconds
Number of updated asset objects reloaded before import = 0Number of asset objects unloaded after import = 1

========================================================================
Received Import Request.
  Time since last request: 0.000018 seconds.
  path: Assets/Oculus/Platform/Scripts/MatchmakingCriterionImportance.cs
  artifactKey: Guid(030eb76e37b12924e96e8b450291a220) Importer(2089858483,192608db42251d675da83286b1cce702)
Start importing Assets/Oculus/Platform/Scripts/MatchmakingCriterionImportance.cs using Guid(030eb76e37b12924e96e8b450291a220) Importer(2089858483,192608db42251d675da83286b1cce702) (ScriptedImporter) -> (artifact id: '8c58b9de9d7d181323a254f6264dd25b') in 0.0423023 seconds
Number of updated asset objects reloaded before import = 0Number of asset objects unloaded after import = 0

========================================================================
Received Import Request.
  Time since last request: 0.000072 seconds.
  path: Assets/Oculus/Platform/Scripts/TimeWindow.cs
  artifactKey: Guid(676a14e7240dad94eabb75f82b511b74) Importer(2089858483,192608db42251d675da83286b1cce702)
Start importing Assets/Oculus/Platform/Scripts/TimeWindow.cs using Guid(676a14e7240dad94eabb75f82b511b74) Importer(2089858483,192608db42251d675da83286b1cce702) (ScriptedImporter) -> (artifact id: '26252ff720c7a24f5e8366e1cb84ee1a') in 0.0135093 seconds
Number of updated asset objects reloaded before import = 0Number of asset objects unloaded after import = 0

========================================================================
Received Import Request.
  Time since last request: 0.000033 seconds.
  path: Assets/Oculus/Platform/Scripts/VoipOptions.cs
  artifactKey: Guid(c646331fd9da59549978785e62b6ae3e) Importer(2089858483,192608db42251d675da83286b1cce702)
Start importing Assets/Oculus/Platform/Scripts/VoipOptions.cs using Guid(c646331fd9da59549978785e62b6ae3e) Importer(2089858483,192608db42251d675da83286b1cce702) (ScriptedImporter) -> (artifact id: '518a18dd4618ce72b4dc2698c0d6c140') in 0.0196152 seconds
Number of updated asset objects reloaded before import = 0Number of asset objects unloaded after import = 0

========================================================================
Received Import Request.
  Time since last request: 0.000018 seconds.
  path: Assets/Oculus/Platform/Scripts/PeerConnectionState.cs
  artifactKey: Guid(bda0ab1d901c7a444a8a78a509c6b3e9) Importer(2089858483,192608db42251d675da83286b1cce702)
Start importing Assets/Oculus/Platform/Scripts/PeerConnectionState.cs using Guid(bda0ab1d901c7a444a8a78a509c6b3e9) Importer(2089858483,192608db42251d675da83286b1cce702) (ScriptedImporter) -> (artifact id: 'c48415d0368feaffe7c0b38e74668c62') in 0.01472 seconds
Number of updated asset objects reloaded before import = 0Number of asset objects unloaded after import = 0

========================================================================
Received Import Request.
  Time since last request: 0.000035 seconds.
  path: Assets/Oculus/Platform/Scripts/VoipAudioSource.cs
  artifactKey: Guid(d7c40db1e91886345b8e1866120f6c49) Importer(2089858483,192608db42251d675da83286b1cce702)
Start importing Assets/Oculus/Platform/Scripts/VoipAudioSource.cs using Guid(d7c40db1e91886345b8e1866120f6c49) Importer(2089858483,192608db42251d675da83286b1cce702) (ScriptedImporter) -> (artifact id: '5dedd1aefea9d2a0b356f6ce0643aeb0') in 0.0138446 seconds
Number of updated asset objects reloaded before import = 0Number of asset objects unloaded after import = 0

========================================================================
Received Import Request.
  Time since last request: 0.000013 seconds.
  path: Assets/Oculus/Platform/Scripts/Request.cs
  artifactKey: Guid(e3a84fde40d771d4cada2a72c18a961d) Importer(2089858483,192608db42251d675da83286b1cce702)
Start importing Assets/Oculus/Platform/Scripts/Request.cs using Guid(e3a84fde40d771d4cada2a72c18a961d) Importer(2089858483,192608db42251d675da83286b1cce702) (ScriptedImporter) -> (artifact id: '8e2a14954e0b60a8ff346f4435e3c3d8') in 0.0127971 seconds
Number of updated asset objects reloaded before import = 0Number of asset objects unloaded after import = 0

========================================================================
Received Import Request.
  Time since last request: 1.262271 seconds.
  path: Assets/Oculus/VR/Editor/AndroidManifest.OVRSubmission.xml
  artifactKey: Guid(7a16cc136accf1f42bdc6f71f94b50ac) Importer(2089858483,192608db42251d675da83286b1cce702)
Start importing Assets/Oculus/VR/Editor/AndroidManifest.OVRSubmission.xml using Guid(7a16cc136accf1f42bdc6f71f94b50ac) Importer(2089858483,192608db42251d675da83286b1cce702) (ScriptedImporter) -> (artifact id: 'd26145969fe8c6de1f0e7b2f81400a13') in 0.0147395 seconds
Number of updated asset objects reloaded before import = 0Number of asset objects unloaded after import = 1

========================================================================
Received Import Request.
  Time since last request: 0.000021 seconds.
  path: Assets/Oculus/VR/Editor/OVRGradleGeneration.cs
  artifactKey: Guid(ee7053149e3a159409d4deeb2f2e687f) Importer(2089858483,192608db42251d675da83286b1cce702)
Start importing Assets/Oculus/VR/Editor/OVRGradleGeneration.cs using Guid(ee7053149e3a159409d4deeb2f2e687f) Importer(2089858483,192608db42251d675da83286b1cce702) (ScriptedImporter) -> (artifact id: '111c87629fc6ea1cdb59aa37907ecebc') in 0.0133468 seconds
Number of updated asset objects reloaded before import = 0Number of asset objects unloaded after import = 0

========================================================================
Received Import Request.
  Time since last request: 0.000014 seconds.
  path: Assets/Oculus/VR/Scripts/OVRSceneManager.cs
  artifactKey: Guid(f2253d75e3ddc644b8153409c62dd74e) Importer(2089858483,192608db42251d675da83286b1cce702)
Start importing Assets/Oculus/VR/Scripts/OVRSceneManager.cs using Guid(f2253d75e3ddc644b8153409c62dd74e) Importer(2089858483,192608db42251d675da83286b1cce702) (ScriptedImporter) -> (artifact id: 'ecadd7f26ccf1ea96a7e9cf981bb08cd') in 0.0144892 seconds
Number of updated asset objects reloaded before import = 0Number of asset objects unloaded after import = 0

========================================================================
Received Import Request.
  Time since last request: 0.000018 seconds.
  path: Assets/Oculus/VR/Scripts/OVRControllerDrivenHandPosesSample.cs
  artifactKey: Guid(cbda8bf3da21c8c439de0e9e7422103d) Importer(2089858483,192608db42251d675da83286b1cce702)
Start importing Assets/Oculus/VR/Scripts/OVRControllerDrivenHandPosesSample.cs using Guid(cbda8bf3da21c8c439de0e9e7422103d) Importer(2089858483,192608db42251d675da83286b1cce702) (ScriptedImporter) -> (artifact id: 'de369ed9ca12330d5ce72e62de29223b') in 0.0166227 seconds
Number of updated asset objects reloaded before import = 0Number of asset objects unloaded after import = 0

========================================================================
Received Import Request.
  Time since last request: 0.000016 seconds.
  path: Assets/Oculus/VR/Prefabs/OVRCameraRig.prefab
  artifactKey: Guid(126d619cf4daa52469682f85c1378b4a) Importer(2089858483,192608db42251d675da83286b1cce702)
Start importing Assets/Oculus/VR/Prefabs/OVRCameraRig.prefab using Guid(126d619cf4daa52469682f85c1378b4a) Importer(2089858483,192608db42251d675da83286b1cce702) (ScriptedImporter) -> (artifact id: '0646e14835fae8c83fe2483e9ef94f28') in 0.0571734 seconds
Number of updated asset objects reloaded before import = 0Number of asset objects unloaded after import = 29

========================================================================
Received Import Request.
  Time since last request: 0.000016 seconds.
  path: Assets/Oculus/VR/Scripts/OVRKtxTexture.cs
  artifactKey: Guid(23eec80b7bf73ba41a46466912cd6bb9) Importer(2089858483,192608db42251d675da83286b1cce702)
Start importing Assets/Oculus/VR/Scripts/OVRKtxTexture.cs using Guid(23eec80b7bf73ba41a46466912cd6bb9) Importer(2089858483,192608db42251d675da83286b1cce702) (ScriptedImporter) -> (artifact id: 'b9ae4044043ec27275fb3dca2a03e7b2') in 0.0143658 seconds
Number of updated asset objects reloaded before import = 0Number of asset objects unloaded after import = 0

========================================================================
Received Import Request.
  Time since last request: 0.000034 seconds.
  path: Assets/Oculus/VR/Scenes/MRC.unity
  artifactKey: Guid(c249320cff740054f973da7f7e24bd1f) Importer(2089858483,192608db42251d675da83286b1cce702)
Start importing Assets/Oculus/VR/Scenes/MRC.unity using Guid(c249320cff740054f973da7f7e24bd1f) Importer(2089858483,192608db42251d675da83286b1cce702) (ScriptedImporter) -> (artifact id: '10932a1adb1ec1cc0ccd9763bad3ad72') in 0.0172189 seconds
Number of updated asset objects reloaded before import = 0Number of asset objects unloaded after import = 1

========================================================================
Received Import Request.
  Time since last request: 0.000018 seconds.
  path: Assets/Oculus/VR/Prefabs/OVRHandPrefab.prefab
  artifactKey: Guid(835e735ca71bf78459fb2cababd74112) Importer(2089858483,192608db42251d675da83286b1cce702)
Start importing Assets/Oculus/VR/Prefabs/OVRHandPrefab.prefab using Guid(835e735ca71bf78459fb2cababd74112) Importer(2089858483,192608db42251d675da83286b1cce702) (ScriptedImporter) -> (artifact id: 'd959c7e101dbecef66db2efd3a4b858d') in 0.0740556 seconds
Number of updated asset objects reloaded before import = 0Number of asset objects unloaded after import = 11

========================================================================
Received Import Request.
  Time since last request: 0.000029 seconds.
  path: Assets/Oculus/VR/Scripts/OVRMixedReality.cs
  artifactKey: Guid(5daf6258e951ab84bb8b3e3b03386396) Importer(2089858483,192608db42251d675da83286b1cce702)
Start importing Assets/Oculus/VR/Scripts/OVRMixedReality.cs using Guid(5daf6258e951ab84bb8b3e3b03386396) Importer(2089858483,192608db42251d675da83286b1cce702) (ScriptedImporter) -> (artifact id: '3e66f499afde39e8644504470324a979') in 0.0134028 seconds
Number of updated asset objects reloaded before import = 0Number of asset objects unloaded after import = 0

========================================================================
Received Import Request.
  Time since last request: 0.000015 seconds.
  path: Assets/Oculus/VR/Textures/cube_texture.png
  artifactKey: Guid(020d1a102a7f2a14ebf6cefe7b977303) Importer(2089858483,192608db42251d675da83286b1cce702)
Start importing Assets/Oculus/VR/Textures/cube_texture.png using Guid(020d1a102a7f2a14ebf6cefe7b977303) Importer(2089858483,192608db42251d675da83286b1cce702) (ScriptedImporter) -> (artifact id: 'c50053bdb6d252e65de60e3e56b97479') in 0.0456521 seconds
Number of updated asset objects reloaded before import = 0Number of asset objects unloaded after import = 1

========================================================================
Received Import Request.
  Time since last request: 0.000017 seconds.
  path: Assets/Oculus/VR/Editor/OVRLayerAttributeEditor.cs
  artifactKey: Guid(6c08392d306aac74a88ba571af63c985) Importer(2089858483,192608db42251d675da83286b1cce702)
Start importing Assets/Oculus/VR/Editor/OVRLayerAttributeEditor.cs using Guid(6c08392d306aac74a88ba571af63c985) Importer(2089858483,192608db42251d675da83286b1cce702) (ScriptedImporter) -> (artifact id: '5b63db625c32a0ccdf234089510c5c4c') in 0.0143336 seconds
Number of updated asset objects reloaded before import = 0Number of asset objects unloaded after import = 0

========================================================================
Received Import Request.
  Time since last request: 0.000030 seconds.
  path: Assets/Oculus/VR/Meshes/Cone.obj
  artifactKey: Guid(c28fa8d61f81fb742b1180a6d4516625) Importer(2089858483,192608db42251d675da83286b1cce702)
Start importing Assets/Oculus/VR/Meshes/Cone.obj using Guid(c28fa8d61f81fb742b1180a6d4516625) Importer(2089858483,192608db42251d675da83286b1cce702) (ScriptedImporter) -> (artifact id: 'efd76f0eb320da279b1d6f09b7e07aa0') in 0.0448414 seconds
Number of updated asset objects reloaded before import = 0Number of asset objects unloaded after import = 11

========================================================================
Received Import Request.
  Time since last request: 0.000013 seconds.
  path: Assets/Oculus/VR/Resources/Unlit Transparent Color.shader
  artifactKey: Guid(ced943c76cb8fb8489bab18c3dfcdcd3) Importer(2089858483,192608db42251d675da83286b1cce702)
Start importing Assets/Oculus/VR/Resources/Unlit Transparent Color.shader using Guid(ced943c76cb8fb8489bab18c3dfcdcd3) Importer(2089858483,192608db42251d675da83286b1cce702) (ScriptedImporter) -> (artifact id: '5964647b2870151dcadff77b3b866c2c') in 0.0159675 seconds
Number of updated asset objects reloaded before import = 0Number of asset objects unloaded after import = 1

========================================================================
Received Import Request.
  Time since last request: 0.000012 seconds.
  path: Assets/Oculus/VR/Scripts/ProcessPort.cs
  artifactKey: Guid(17dd7e783188e83429006afe222c8d1f) Importer(2089858483,192608db42251d675da83286b1cce702)
Start importing Assets/Oculus/VR/Scripts/ProcessPort.cs using Guid(17dd7e783188e83429006afe222c8d1f) Importer(2089858483,192608db42251d675da83286b1cce702) (ScriptedImporter) -> (artifact id: '3d9ec38d032518d4f4ac68292271efc7') in 0.0140367 seconds
Number of updated asset objects reloaded before import = 0Number of asset objects unloaded after import = 0

========================================================================
Received Import Request.
  Time since last request: 0.000012 seconds.
  path: Assets/Oculus/VR/Materials/cursor_timer_material.mat
  artifactKey: Guid(9531aa878fd5c4749b288b72024e8d2f) Importer(2089858483,192608db42251d675da83286b1cce702)
Start importing Assets/Oculus/VR/Materials/cursor_timer_material.mat using Guid(9531aa878fd5c4749b288b72024e8d2f) Importer(2089858483,192608db42251d675da83286b1cce702) (ScriptedImporter) -> (artifact id: 'c9e9adfaa54d962d338e4754145337d7') in 0.0223034 seconds
Number of updated asset objects reloaded before import = 0Number of asset objects unloaded after import = 3

========================================================================
Received Import Request.
  Time since last request: 0.000016 seconds.
  path: Assets/Oculus/VR/Editor/OVRUpgradePrompt.cs
  artifactKey: Guid(d134fa77d4daeb3438e46370381147bd) Importer(2089858483,192608db42251d675da83286b1cce702)
Start importing Assets/Oculus/VR/Editor/OVRUpgradePrompt.cs using Guid(d134fa77d4daeb3438e46370381147bd) Importer(2089858483,192608db42251d675da83286b1cce702) (ScriptedImporter) -> (artifact id: '4ec19381e2f088db1b891fae157b93a4') in 0.0140685 seconds
Number of updated asset objects reloaded before import = 0Number of asset objects unloaded after import = 0

========================================================================
Received Import Request.
  Time since last request: 0.000019 seconds.
  path: Assets/Oculus/VR/Prefabs/OVRPlayerController.prefab
  artifactKey: Guid(ce816f2e6abb0504092c23ed9b970dfd) Importer(2089858483,192608db42251d675da83286b1cce702)
Start importing Assets/Oculus/VR/Prefabs/OVRPlayerController.prefab using Guid(ce816f2e6abb0504092c23ed9b970dfd) Importer(2089858483,192608db42251d675da83286b1cce702) (ScriptedImporter) -> (artifact id: '89c7924a74197636abad437ae5c8edc5') in 0.0361732 seconds
Number of updated asset objects reloaded before import = 0Number of asset objects unloaded after import = 38

========================================================================
Received Import Request.
  Time since last request: 0.000033 seconds.
  path: Assets/Oculus/VR/Resources/Texture2D Blit.shader
  artifactKey: Guid(a31796e9e8816c7448b55d584c9417f1) Importer(2089858483,192608db42251d675da83286b1cce702)
Start importing Assets/Oculus/VR/Resources/Texture2D Blit.shader using Guid(a31796e9e8816c7448b55d584c9417f1) Importer(2089858483,192608db42251d675da83286b1cce702) (ScriptedImporter) -> (artifact id: '852f785735399ebe9603f5a59c1fa161') in 0.0182588 seconds
Number of updated asset objects reloaded before import = 0Number of asset objects unloaded after import = 1

========================================================================
Received Import Request.
  Time since last request: 0.000014 seconds.
  path: Assets/Oculus/VR/Editor/OVRSceneAnchorEditor.cs
  artifactKey: Guid(8e18bcae6dd3bd34ca8e7a8074696d36) Importer(2089858483,192608db42251d675da83286b1cce702)
Start importing Assets/Oculus/VR/Editor/OVRSceneAnchorEditor.cs using Guid(8e18bcae6dd3bd34ca8e7a8074696d36) Importer(2089858483,192608db42251d675da83286b1cce702) (ScriptedImporter) -> (artifact id: 'b79b143e8f35ed5a055acfc19e633b8d') in 0.018124 seconds
Number of updated asset objects reloaded before import = 0Number of asset objects unloaded after import = 0

========================================================================
Received Import Request.
  Time since last request: 0.000012 seconds.
  path: Assets/Oculus/VR/Editor/OVRDeviceSelector.cs
  artifactKey: Guid(157dce969e882084080e0a2c39efe398) Importer(2089858483,192608db42251d675da83286b1cce702)
Start importing Assets/Oculus/VR/Editor/OVRDeviceSelector.cs using Guid(157dce969e882084080e0a2c39efe398) Importer(2089858483,192608db42251d675da83286b1cce702) (ScriptedImporter) -> (artifact id: '81531c436da2bccbbbd5ffbcb7856b03') in 0.0158785 seconds
Number of updated asset objects reloaded before import = 0Number of asset objects unloaded after import = 0

========================================================================
Received Import Request.
  Time since last request: 0.000013 seconds.
  path: Assets/Oculus/VR/Editor/OVRBundleManager.cs
  artifactKey: Guid(7a46c155525da654c8ef823c069361d3) Importer(2089858483,192608db42251d675da83286b1cce702)
Start importing Assets/Oculus/VR/Editor/OVRBundleManager.cs using Guid(7a46c155525da654c8ef823c069361d3) Importer(2089858483,192608db42251d675da83286b1cce702) (ScriptedImporter) -> (artifact id: '28130ab6eb3259c7163fc93d9dcda08a') in 0.0148937 seconds
Number of updated asset objects reloaded before import = 0Number of asset objects unloaded after import = 0

========================================================================
Received Import Request.
  Time since last request: 0.000014 seconds.
  path: Assets/Oculus/VR/Editor/OVRScreenshotWizard.cs
  artifactKey: Guid(b8b9ee1d7b188284f90d944cd54eb026) Importer(2089858483,192608db42251d675da83286b1cce702)
Start importing Assets/Oculus/VR/Editor/OVRScreenshotWizard.cs using Guid(b8b9ee1d7b188284f90d944cd54eb026) Importer(2089858483,192608db42251d675da83286b1cce702) (ScriptedImporter) -> (artifact id: '678183aef7aabc1390a5a0b0421b0c7f') in 0.0147807 seconds
Number of updated asset objects reloaded before import = 0Number of asset objects unloaded after import = 0

========================================================================
Received Import Request.
  Time since last request: 0.000012 seconds.
  path: Assets/Oculus/VR/Editor/OVRShaderBuildProcessor.cs
  artifactKey: Guid(cb08fbbe69f983b4dbac5e1b413fea34) Importer(2089858483,192608db42251d675da83286b1cce702)
Start importing Assets/Oculus/VR/Editor/OVRShaderBuildProcessor.cs using Guid(cb08fbbe69f983b4dbac5e1b413fea34) Importer(2089858483,192608db42251d675da83286b1cce702) (ScriptedImporter) -> (artifact id: '274f4c02c9ed40e617727f5bcc8ea650') in 0.0132193 seconds
Number of updated asset objects reloaded before import = 0Number of asset objects unloaded after import = 0

========================================================================
Received Import Request.
  Time since last request: 0.000016 seconds.
  path: Assets/Oculus/VR/Scripts/OVRSpaceQuery.cs
  artifactKey: Guid(d973961a989cda640bc3ee0f57238813) Importer(2089858483,192608db42251d675da83286b1cce702)
Start importing Assets/Oculus/VR/Scripts/OVRSpaceQuery.cs using Guid(d973961a989cda640bc3ee0f57238813) Importer(2089858483,192608db42251d675da83286b1cce702) (ScriptedImporter) -> (artifact id: 'ec1321507e0a7c8dba72c0e98fa87f16') in 0.015747 seconds
Number of updated asset objects reloaded before import = 0Number of asset objects unloaded after import = 0

========================================================================
Received Import Request.
  Time since last request: 0.000026 seconds.
  path: Assets/Oculus/VR/Resources/Underlay Impostor.shader
  artifactKey: Guid(eaeac9ce83896a04691d2590189776f5) Importer(2089858483,192608db42251d675da83286b1cce702)
Start importing Assets/Oculus/VR/Resources/Underlay Impostor.shader using Guid(eaeac9ce83896a04691d2590189776f5) Importer(2089858483,192608db42251d675da83286b1cce702) (ScriptedImporter) -> (artifact id: '449b8d49b69b0dde9079069b8b6078be') in 0.0132964 seconds
Number of updated asset objects reloaded before import = 0Number of asset objects unloaded after import = 1

========================================================================
Received Import Request.
  Time since last request: 0.000017 seconds.
  path: Assets/Oculus/VR/Scripts/OVRInput.cs
  artifactKey: Guid(d210caf8a50e1954c80690fa858572ad) Importer(2089858483,192608db42251d675da83286b1cce702)
Start importing Assets/Oculus/VR/Scripts/OVRInput.cs using Guid(d210caf8a50e1954c80690fa858572ad) Importer(2089858483,192608db42251d675da83286b1cce702) (ScriptedImporter) -> (artifact id: '3d2398ac47b976eab634dbd41fa82fb3') in 0.0135885 seconds
Number of updated asset objects reloaded before import = 0Number of asset objects unloaded after import = 0

========================================================================
Received Import Request.
  Time since last request: 0.000017 seconds.
  path: Assets/Oculus/VR/Scripts/OVRSemanticClassification.cs
  artifactKey: Guid(d27eb19907558e74dac38868da186e37) Importer(2089858483,192608db42251d675da83286b1cce702)
Start importing Assets/Oculus/VR/Scripts/OVRSemanticClassification.cs using Guid(d27eb19907558e74dac38868da186e37) Importer(2089858483,192608db42251d675da83286b1cce702) (ScriptedImporter) -> (artifact id: 'fe727f288d082e3b5d433773450c6586') in 0.0139696 seconds
Number of updated asset objects reloaded before import = 0Number of asset objects unloaded after import = 0

========================================================================
Received Import Request.
  Time since last request: 0.000014 seconds.
  path: Assets/Oculus/VR/Scripts/OVROverlayMeshGenerator.cs
  artifactKey: Guid(302cd5de63ddc99458f67a786f625bad) Importer(2089858483,192608db42251d675da83286b1cce702)
Start importing Assets/Oculus/VR/Scripts/OVROverlayMeshGenerator.cs using Guid(302cd5de63ddc99458f67a786f625bad) Importer(2089858483,192608db42251d675da83286b1cce702) (ScriptedImporter) -> (artifact id: '42937495c8ccb7bdc57d93f0ac1f2bad') in 0.0136673 seconds
Number of updated asset objects reloaded before import = 0Number of asset objects unloaded after import = 0

========================================================================
Received Import Request.
  Time since last request: 0.000013 seconds.
  path: Assets/Oculus/VR/Scripts/OVROnCompleteListener.cs
  artifactKey: Guid(8730118d7f00f9b47b09be73f7e91d2b) Importer(2089858483,192608db42251d675da83286b1cce702)
Start importing Assets/Oculus/VR/Scripts/OVROnCompleteListener.cs using Guid(8730118d7f00f9b47b09be73f7e91d2b) Importer(2089858483,192608db42251d675da83286b1cce702) (ScriptedImporter) -> (artifact id: 'd4cd46b3273abca5f356e89cf6395ece') in 0.0162505 seconds
Number of updated asset objects reloaded before import = 0Number of asset objects unloaded after import = 0

========================================================================
Received Import Request.
  Time since last request: 0.000013 seconds.
  path: Assets/Oculus/VR/Scripts/OVRFaceExpressions.cs
  artifactKey: Guid(a95044baf65b10c4e89b246d2f881ac9) Importer(2089858483,192608db42251d675da83286b1cce702)
Start importing Assets/Oculus/VR/Scripts/OVRFaceExpressions.cs using Guid(a95044baf65b10c4e89b246d2f881ac9) Importer(2089858483,192608db42251d675da83286b1cce702) (ScriptedImporter) -> (artifact id: 'fdb8ad74e3271e5323165bcd3d92f6c8') in 0.0130525 seconds
Number of updated asset objects reloaded before import = 0Number of asset objects unloaded after import = 0

========================================================================
Received Import Request.
  Time since last request: 0.000031 seconds.
  path: Assets/Oculus/VR/Shaders/Unlit Crosshair.shader
  artifactKey: Guid(05b53b473302943b58b8e33c93a38dac) Importer(2089858483,192608db42251d675da83286b1cce702)
Start importing Assets/Oculus/VR/Shaders/Unlit Crosshair.shader using Guid(05b53b473302943b58b8e33c93a38dac) Importer(2089858483,192608db42251d675da83286b1cce702) (ScriptedImporter) -> (artifact id: '85ee66abd1f567660614356071f11242') in 0.0136128 seconds
Number of updated asset objects reloaded before import = 0Number of asset objects unloaded after import = 1

========================================================================
Received Import Request.
  Time since last request: 0.000021 seconds.
  path: Assets/Oculus/VR/Editor/OVRScenePlaneEditor.cs
  artifactKey: Guid(c4285a4f3278cac429d023fa9e25209f) Importer(2089858483,192608db42251d675da83286b1cce702)
Start importing Assets/Oculus/VR/Editor/OVRScenePlaneEditor.cs using Guid(c4285a4f3278cac429d023fa9e25209f) Importer(2089858483,192608db42251d675da83286b1cce702) (ScriptedImporter) -> (artifact id: 'b0868e1d4c52a274ba3ab2253449232f') in 0.0144968 seconds
Number of updated asset objects reloaded before import = 0Number of asset objects unloaded after import = 0

========================================================================
Received Import Request.
  Time since last request: 0.000012 seconds.
  path: Assets/Oculus/VR/Scripts/OVRHumanBodyBonesMappings.cs
  artifactKey: Guid(f2e3477ad4486b44f9ddd3073d05c8e5) Importer(2089858483,192608db42251d675da83286b1cce702)
Start importing Assets/Oculus/VR/Scripts/OVRHumanBodyBonesMappings.cs using Guid(f2e3477ad4486b44f9ddd3073d05c8e5) Importer(2089858483,192608db42251d675da83286b1cce702) (ScriptedImporter) -> (artifact id: '4fd03fd2acb9458c2cfd09b071e061c2') in 0.0140729 seconds
Number of updated asset objects reloaded before import = 0Number of asset objects unloaded after import = 0

========================================================================
Received Import Request.
  Time since last request: 0.000013 seconds.
  path: Assets/Oculus/VR/Textures/handle.png
  artifactKey: Guid(ce8f78b2b9292484e97f36ad9568fc4f) Importer(2089858483,192608db42251d675da83286b1cce702)
Start importing Assets/Oculus/VR/Textures/handle.png using Guid(ce8f78b2b9292484e97f36ad9568fc4f) Importer(2089858483,192608db42251d675da83286b1cce702) (ScriptedImporter) -> (artifact id: '2ce9a76b955aa572f41e3f99fdfd5f5a') in 0.0251099 seconds
Number of updated asset objects reloaded before import = 0Number of asset objects unloaded after import = 3

========================================================================
Received Import Request.
  Time since last request: 0.000014 seconds.
  path: Assets/Oculus/VR/Scripts/OVRHapticsClip.cs
  artifactKey: Guid(c123270a848515b458069b5242866451) Importer(2089858483,192608db42251d675da83286b1cce702)
Start importing Assets/Oculus/VR/Scripts/OVRHapticsClip.cs using Guid(c123270a848515b458069b5242866451) Importer(2089858483,192608db42251d675da83286b1cce702) (ScriptedImporter) -> (artifact id: '7150150904da0156652c36f1a511eed7') in 0.0131735 seconds
Number of updated asset objects reloaded before import = 0Number of asset objects unloaded after import = 0

========================================================================
Received Import Request.
  Time since last request: 1.442641 seconds.
  path: Assets/Oculus/VR/ThirdParty/SimpleJSON.cs
  artifactKey: Guid(0139b31452e91b94787e54aa18f7b7f0) Importer(2089858483,192608db42251d675da83286b1cce702)
Start importing Assets/Oculus/VR/ThirdParty/SimpleJSON.cs using Guid(0139b31452e91b94787e54aa18f7b7f0) Importer(2089858483,192608db42251d675da83286b1cce702) (ScriptedImporter) -> (artifact id: '42285ac53583c6d9f65af3b5155d3a1f') in 0.0135527 seconds
Number of updated asset objects reloaded before import = 0Number of asset objects unloaded after import = 0

========================================================================
Received Import Request.
  Time since last request: 0.000022 seconds.
  path: Assets/Oculus/Interaction/Runtime/Materials/UIUnderlayImposter.mat
  artifactKey: Guid(5c093e4058df12042a75bcb967ca1554) Importer(2089858483,192608db42251d675da83286b1cce702)
Start importing Assets/Oculus/Interaction/Runtime/Materials/UIUnderlayImposter.mat using Guid(5c093e4058df12042a75bcb967ca1554) Importer(2089858483,192608db42251d675da83286b1cce702) (ScriptedImporter) -> (artifact id: '29e8748150326c7d6444b1bf14ffe613') in 0.0150135 seconds
Number of updated asset objects reloaded before import = 0Number of asset objects unloaded after import = 1

========================================================================
Received Import Request.
  Time since last request: 0.000016 seconds.
  path: Assets/Oculus/Interaction/Editor/Grab/GrabbingRuleEditor.cs
  artifactKey: Guid(17f32e95fcaa23e45a5ac1297f201be2) Importer(2089858483,192608db42251d675da83286b1cce702)
Start importing Assets/Oculus/Interaction/Editor/Grab/GrabbingRuleEditor.cs using Guid(17f32e95fcaa23e45a5ac1297f201be2) Importer(2089858483,192608db42251d675da83286b1cce702) (ScriptedImporter) -> (artifact id: 'cc1c332c0766750bd1bbdb2223c127e4') in 0.0138654 seconds
Number of updated asset objects reloaded before import = 0Number of asset objects unloaded after import = 0

========================================================================
Received Import Request.
  Time since last request: 0.000033 seconds.
  path: Assets/Oculus/AudioManager/Scripts/Audio/MinMaxAttribute.cs
  artifactKey: Guid(15126f023faf44286a08bdb5bdbdb6e7) Importer(2089858483,192608db42251d675da83286b1cce702)
Start importing Assets/Oculus/AudioManager/Scripts/Audio/MinMaxAttribute.cs using Guid(15126f023faf44286a08bdb5bdbdb6e7) Importer(2089858483,192608db42251d675da83286b1cce702) (ScriptedImporter) -> (artifact id: '30535beda7d95eecd010f4ef52a727bd') in 0.0138767 seconds
Number of updated asset objects reloaded before import = 0Number of asset objects unloaded after import = 0

========================================================================
Received Import Request.
  Time since last request: 0.000014 seconds.
  path: Assets/Oculus/Interaction/Editor/Surfaces/CylinderSurfaceEditor.cs
  artifactKey: Guid(e07ffae6a51b8ba438d7976a6c2dfd0d) Importer(2089858483,192608db42251d675da83286b1cce702)
Start importing Assets/Oculus/Interaction/Editor/Surfaces/CylinderSurfaceEditor.cs using Guid(e07ffae6a51b8ba438d7976a6c2dfd0d) Importer(2089858483,192608db42251d675da83286b1cce702) (ScriptedImporter) -> (artifact id: '2c712d4664102f47f376c86427563626') in 0.0149306 seconds
Number of updated asset objects reloaded before import = 0Number of asset objects unloaded after import = 0

========================================================================
Received Import Request.
  Time since last request: 0.000015 seconds.
  path: Assets/Oculus/Interaction/Runtime/Materials/OculusHandPinchMaterial.mat
  artifactKey: Guid(861c253c01be7f7489f64e9ac001a10c) Importer(2089858483,192608db42251d675da83286b1cce702)
Start importing Assets/Oculus/Interaction/Runtime/Materials/OculusHandPinchMaterial.mat using Guid(861c253c01be7f7489f64e9ac001a10c) Importer(2089858483,192608db42251d675da83286b1cce702) (ScriptedImporter) -> (artifact id: 'f9c8ca4b9b289abc0e9772bd5321dd82') in 0.0401027 seconds
Number of updated asset objects reloaded before import = 0Number of asset objects unloaded after import = 1

========================================================================
Received Import Request.
  Time since last request: 0.000023 seconds.
  path: Assets/Oculus/Interaction/Runtime/Shaders/OculusHandCursor.shader
  artifactKey: Guid(57c328e70d404164ab9b23ac6fc12df6) Importer(2089858483,192608db42251d675da83286b1cce702)
Start importing Assets/Oculus/Interaction/Runtime/Shaders/OculusHandCursor.shader using Guid(57c328e70d404164ab9b23ac6fc12df6) Importer(2089858483,192608db42251d675da83286b1cce702) (ScriptedImporter) -> (artifact id: '49c13a13532c31cd97264dc6b82da97a') in 0.017321 seconds
Number of updated asset objects reloaded before import = 0Number of asset objects unloaded after import = 1

========================================================================
Received Import Request.
  Time since last request: 0.000013 seconds.
  path: Assets/Oculus/Interaction/Samples/Materials/PeaceParticle.mat
  artifactKey: Guid(fd99b5750768afe49a50b7cc49e23729) Importer(2089858483,192608db42251d675da83286b1cce702)
Start importing Assets/Oculus/Interaction/Samples/Materials/PeaceParticle.mat using Guid(fd99b5750768afe49a50b7cc49e23729) Importer(2089858483,192608db42251d675da83286b1cce702) (ScriptedImporter) -> (artifact id: 'e2aa7876f9b2e6803d0f79390a3e10f4') in 0.0171744 seconds
Number of updated asset objects reloaded before import = 0Number of asset objects unloaded after import = 2

========================================================================
Received Import Request.
  Time since last request: 0.000017 seconds.
  path: Assets/Oculus/AudioManager/Audio/TestSounds/metal_sliding_door_open_01a.wav
  artifactKey: Guid(8198ccc08475a764daaf226b841a55f1) Importer(2089858483,192608db42251d675da83286b1cce702)
Start importing Assets/Oculus/AudioManager/Audio/TestSounds/metal_sliding_door_open_01a.wav using Guid(8198ccc08475a764daaf226b841a55f1) Importer(2089858483,192608db42251d675da83286b1cce702) (ScriptedImporter) -> (artifact id: 'b148a674594028f9237a8b1a35094d0f') in 0.0278643 seconds
Number of updated asset objects reloaded before import = 0Number of asset objects unloaded after import = 1

========================================================================
Received Import Request.
  Time since last request: 0.000028 seconds.
  path: Assets/Oculus/Interaction/Editor/PackageUtils/AssetListWindow.cs
  artifactKey: Guid(ecccce924260f0a47ae428db9ff1a6ad) Importer(2089858483,192608db42251d675da83286b1cce702)
Start importing Assets/Oculus/Interaction/Editor/PackageUtils/AssetListWindow.cs using Guid(ecccce924260f0a47ae428db9ff1a6ad) Importer(2089858483,192608db42251d675da83286b1cce702) (ScriptedImporter) -> (artifact id: '7a411be3da491b32ba64b5aab9cd601f') in 0.0147543 seconds
Number of updated asset objects reloaded before import = 0Number of asset objects unloaded after import = 0

========================================================================
Received Import Request.
  Time since last request: 0.000026 seconds.
  path: Assets/Oculus/Interaction/Editor/Surfaces/PointablePlaneEditor.cs
  artifactKey: Guid(cc069bacb4ae95441bc48180b8df363d) Importer(2089858483,192608db42251d675da83286b1cce702)
Start importing Assets/Oculus/Interaction/Editor/Surfaces/PointablePlaneEditor.cs using Guid(cc069bacb4ae95441bc48180b8df363d) Importer(2089858483,192608db42251d675da83286b1cce702) (ScriptedImporter) -> (artifact id: '88432d4c22d3a421b67bf895a0459b24') in 0.0126247 seconds
Number of updated asset objects reloaded before import = 0Number of asset objects unloaded after import = 0

========================================================================
Received Import Request.
  Time since last request: 0.000011 seconds.
  path: Assets/Oculus/Interaction/OVRIntegration/Editor/Oculus.Interaction.OVR.Editor.asmdef
  artifactKey: Guid(ac6f6d26602ccd34383cd68b90e9941b) Importer(2089858483,192608db42251d675da83286b1cce702)
Start importing Assets/Oculus/Interaction/OVRIntegration/Editor/Oculus.Interaction.OVR.Editor.asmdef using Guid(ac6f6d26602ccd34383cd68b90e9941b) Importer(2089858483,192608db42251d675da83286b1cce702) (ScriptedImporter) -> (artifact id: '1e8bfe89b3989d1b4660a5f39dfbf07c') in 0.012565 seconds
Number of updated asset objects reloaded before import = 0Number of asset objects unloaded after import = 1

========================================================================
Received Import Request.
  Time since last request: 0.000012 seconds.
  path: Assets/Oculus/Interaction/Runtime/Prefabs/InputOVR.prefab
  artifactKey: Guid(79afd2227c07813448bc8aa5f9d37d7a) Importer(2089858483,192608db42251d675da83286b1cce702)
Start importing Assets/Oculus/Interaction/Runtime/Prefabs/InputOVR.prefab using Guid(79afd2227c07813448bc8aa5f9d37d7a) Importer(2089858483,192608db42251d675da83286b1cce702) (ScriptedImporter) -> (artifact id: '1595123d58064e7638c1721d203ac67a') in 0.0157298 seconds
Number of updated asset objects reloaded before import = 0Number of asset objects unloaded after import = 4

========================================================================
Received Import Request.
  Time since last request: 0.000019 seconds.
  path: Assets/Oculus/Interaction/Samples/Fonts/Roboto-Medium SDF.asset
  artifactKey: Guid(b8f5aeb9c6de7614db2631011b869bc3) Importer(2089858483,192608db42251d675da83286b1cce702)
Start importing Assets/Oculus/Interaction/Samples/Fonts/Roboto-Medium SDF.asset using Guid(b8f5aeb9c6de7614db2631011b869bc3) Importer(2089858483,192608db42251d675da83286b1cce702) (ScriptedImporter) -> (artifact id: 'fc0c9221f646157b1c0120f95c61c628') in 0.0461445 seconds
Number of updated asset objects reloaded before import = 0Number of asset objects unloaded after import = 3

========================================================================
Received Import Request.
  Time since last request: 0.000085 seconds.
  path: Assets/Oculus/Interaction/Editor/PoseDetection/FingerFeatureListPropertyDrawer.cs
  artifactKey: Guid(dffceaad44e34343a4e55875976ac097) Importer(2089858483,192608db42251d675da83286b1cce702)
Start importing Assets/Oculus/Interaction/Editor/PoseDetection/FingerFeatureListPropertyDrawer.cs using Guid(dffceaad44e34343a4e55875976ac097) Importer(2089858483,192608db42251d675da83286b1cce702) (ScriptedImporter) -> (artifact id: '77bc03a5e47e91b7e101625f810dc568') in 0.0144505 seconds
Number of updated asset objects reloaded before import = 0Number of asset objects unloaded after import = 0

========================================================================
Received Import Request.
  Time since last request: 0.000023 seconds.
  path: Assets/Oculus/Interaction/Editor/AutoWiring/InteractionAutoWiring.cs
  artifactKey: Guid(cda6aee7f7301f34d88ea873bdf0e310) Importer(2089858483,192608db42251d675da83286b1cce702)
Start importing Assets/Oculus/Interaction/Editor/AutoWiring/InteractionAutoWiring.cs using Guid(cda6aee7f7301f34d88ea873bdf0e310) Importer(2089858483,192608db42251d675da83286b1cce702) (ScriptedImporter) -> (artifact id: '47ac6bb739f71106a56d90133b599eba') in 0.0142356 seconds
Number of updated asset objects reloaded before import = 0Number of asset objects unloaded after import = 0

========================================================================
Received Import Request.
  Time since last request: 0.000017 seconds.
  path: Assets/Oculus/Interaction/Runtime/Materials/ProceduralArcMaterial.mat
  artifactKey: Guid(ed965723b6756dc4faaa410790e98e31) Importer(2089858483,192608db42251d675da83286b1cce702)
Start importing Assets/Oculus/Interaction/Runtime/Materials/ProceduralArcMaterial.mat using Guid(ed965723b6756dc4faaa410790e98e31) Importer(2089858483,192608db42251d675da83286b1cce702) (ScriptedImporter) -> (artifact id: '84221b0a73575b07ae8b611cf6869ba5') in 0.0156392 seconds
Number of updated asset objects reloaded before import = 0Number of asset objects unloaded after import = 1

========================================================================
Received Import Request.
  Time since last request: 0.000017 seconds.
  path: Assets/Oculus/Interaction/Runtime/Prefabs/Controller Hands.prefab
  artifactKey: Guid(07e1cd5d205161848bba75bdd1513c57) Importer(2089858483,192608db42251d675da83286b1cce702)
Start importing Assets/Oculus/Interaction/Runtime/Prefabs/Controller Hands.prefab using Guid(07e1cd5d205161848bba75bdd1513c57) Importer(2089858483,192608db42251d675da83286b1cce702) (ScriptedImporter) -> (artifact id: '1d933081bd5ef23b1a0f15882faa3b00') in 0.0165886 seconds
Number of updated asset objects reloaded before import = 0Number of asset objects unloaded after import = 4

========================================================================
Received Import Request.
  Time since last request: 0.000017 seconds.
  path: Assets/Oculus/Interaction/Editor/Hands/HandVisualEditor.cs
  artifactKey: Guid(037bf294d05876e4c8dd96432f39faaa) Importer(2089858483,192608db42251d675da83286b1cce702)
Start importing Assets/Oculus/Interaction/Editor/Hands/HandVisualEditor.cs using Guid(037bf294d05876e4c8dd96432f39faaa) Importer(2089858483,192608db42251d675da83286b1cce702) (ScriptedImporter) -> (artifact id: 'cc278ed6e33bbb39cc036a4655c6ccc5') in 0.0129891 seconds
Number of updated asset objects reloaded before import = 0Number of asset objects unloaded after import = 0

========================================================================
Received Import Request.
  Time since last request: 0.000023 seconds.
  path: Assets/Oculus/Interaction/Samples/Animations/TutorialLocomotion_2.anim
  artifactKey: Guid(1b5eb14f2b778414fb2d8a7f6c0d58d2) Importer(2089858483,192608db42251d675da83286b1cce702)
Start importing Assets/Oculus/Interaction/Samples/Animations/TutorialLocomotion_2.anim using Guid(1b5eb14f2b778414fb2d8a7f6c0d58d2) Importer(2089858483,192608db42251d675da83286b1cce702) (ScriptedImporter) -> (artifact id: '52d731c7dc4e66e87653a063f8f6aa77') in 0.0898876 seconds
Number of updated asset objects reloaded before import = 0Number of asset objects unloaded after import = 1

========================================================================
Received Import Request.
  Time since last request: 0.000017 seconds.
  path: Assets/Oculus/Interaction/Editor/AutoWiring/UnityObjectAddedBroadcaster.cs
  artifactKey: Guid(6713358c2c4d39e4ba0eae4312ee2580) Importer(2089858483,192608db42251d675da83286b1cce702)
Start importing Assets/Oculus/Interaction/Editor/AutoWiring/UnityObjectAddedBroadcaster.cs using Guid(6713358c2c4d39e4ba0eae4312ee2580) Importer(2089858483,192608db42251d675da83286b1cce702) (ScriptedImporter) -> (artifact id: '4233b81800c477341442618474f594e5') in 0.0145378 seconds
Number of updated asset objects reloaded before import = 0Number of asset objects unloaded after import = 0

========================================================================
Received Import Request.
  Time since last request: 0.000027 seconds.
  path: Assets/Oculus/Interaction/Samples/Materials/FramePoseTwoHandedParticle.mat
  artifactKey: Guid(4f0bfa166f8d21e4f8b433ae64c0c0c0) Importer(2089858483,192608db42251d675da83286b1cce702)
Start importing Assets/Oculus/Interaction/Samples/Materials/FramePoseTwoHandedParticle.mat using Guid(4f0bfa166f8d21e4f8b433ae64c0c0c0) Importer(2089858483,192608db42251d675da83286b1cce702) (ScriptedImporter) -> (artifact id: '4300cbbd59a85b9663705f08af073eaf') in 0.0137056 seconds
Number of updated asset objects reloaded before import = 0Number of asset objects unloaded after import = 2

========================================================================
Received Import Request.
  Time since last request: 0.000018 seconds.
  path: Assets/Oculus/Interaction/Runtime/Textures/Reticle-Dot.png
  artifactKey: Guid(aa3a2b3718100f84fb5d8ff9adb8ccb7) Importer(2089858483,192608db42251d675da83286b1cce702)
Start importing Assets/Oculus/Interaction/Runtime/Textures/Reticle-Dot.png using Guid(aa3a2b3718100f84fb5d8ff9adb8ccb7) Importer(2089858483,192608db42251d675da83286b1cce702) (ScriptedImporter) -> (artifact id: 'c8ef5a3219bf22bc0a3d04936fc78de6') in 0.0256269 seconds
Number of updated asset objects reloaded before import = 0Number of asset objects unloaded after import = 3

========================================================================
Received Import Request.
  Time since last request: 0.000013 seconds.
  path: Assets/Oculus/Interaction/Samples/Fonts/Roboto-Bold SDF.asset
  artifactKey: Guid(a6446991ef31ced4190c53c206cf4b3e) Importer(2089858483,192608db42251d675da83286b1cce702)
Start importing Assets/Oculus/Interaction/Samples/Fonts/Roboto-Bold SDF.asset using Guid(a6446991ef31ced4190c53c206cf4b3e) Importer(2089858483,192608db42251d675da83286b1cce702) (ScriptedImporter) -> (artifact id: '9cc2d6c4c5a95814504dd17bcfc65499') in 0.0246632 seconds
Number of updated asset objects reloaded before import = 0Number of asset objects unloaded after import = 3

========================================================================
Received Import Request.
  Time since last request: 0.000012 seconds.
  path: Assets/Oculus/Interaction/Editor/Poke/PokeInteractableEditor.cs
  artifactKey: Guid(308350aa983f9894b8b098e2eba08a60) Importer(2089858483,192608db42251d675da83286b1cce702)
Start importing Assets/Oculus/Interaction/Editor/Poke/PokeInteractableEditor.cs using Guid(308350aa983f9894b8b098e2eba08a60) Importer(2089858483,192608db42251d675da83286b1cce702) (ScriptedImporter) -> (artifact id: 'e1950d1d1fe84f4141dafa06d3ae226f') in 0.0150364 seconds
Number of updated asset objects reloaded before import = 0Number of asset objects unloaded after import = 0

========================================================================
Received Import Request.
  Time since last request: 0.000016 seconds.
  path: Assets/Oculus/Interaction/Runtime/Materials/LocomotionIndicatorMaterial.mat
  artifactKey: Guid(e0c493fb22c458946bd44e502efbecd7) Importer(2089858483,192608db42251d675da83286b1cce702)
Start importing Assets/Oculus/Interaction/Runtime/Materials/LocomotionIndicatorMaterial.mat using Guid(e0c493fb22c458946bd44e502efbecd7) Importer(2089858483,192608db42251d675da83286b1cce702) (ScriptedImporter) -> (artifact id: 'a80455ada461052356ae2f3e4d426cf7') in 0.0163731 seconds
Number of updated asset objects reloaded before import = 0Number of asset objects unloaded after import = 1

========================================================================
Received Import Request.
  Time since last request: 0.000013 seconds.
  path: Assets/Oculus/Interaction/Runtime/Shaders/OculusControllerRayShader.shader
  artifactKey: Guid(1fd0c0add1014e349be27442ff000696) Importer(2089858483,192608db42251d675da83286b1cce702)
Start importing Assets/Oculus/Interaction/Runtime/Shaders/OculusControllerRayShader.shader using Guid(1fd0c0add1014e349be27442ff000696) Importer(2089858483,192608db42251d675da83286b1cce702) (ScriptedImporter) -> (artifact id: '9dbfa64a827be31b3c3076048ce555b3') in 0.0154624 seconds
Number of updated asset objects reloaded before import = 0Number of asset objects unloaded after import = 1

========================================================================
Received Import Request.
  Time since last request: 0.000025 seconds.
  path: Assets/Oculus/Interaction/Editor/Utils/EditorConstants.cs
  artifactKey: Guid(6098114538e7342429e2722e7766d1af) Importer(2089858483,192608db42251d675da83286b1cce702)
Start importing Assets/Oculus/Interaction/Editor/Utils/EditorConstants.cs using Guid(6098114538e7342429e2722e7766d1af) Importer(2089858483,192608db42251d675da83286b1cce702) (ScriptedImporter) -> (artifact id: '1d6eafef9e788a3cffbf812d31157bc7') in 0.0170984 seconds
Number of updated asset objects reloaded before import = 0Number of asset objects unloaded after import = 0

========================================================================
Received Import Request.
  Time since last request: 0.000044 seconds.
  path: Assets/Oculus/Interaction/Samples/Materials/Moon.fbx
  artifactKey: Guid(c248512dc5f8d7546ae41e52308e4b20) Importer(2089858483,192608db42251d675da83286b1cce702)
Start importing Assets/Oculus/Interaction/Samples/Materials/Moon.fbx using Guid(c248512dc5f8d7546ae41e52308e4b20) Importer(2089858483,192608db42251d675da83286b1cce702) (ScriptedImporter) -> (artifact id: 'c01885baaa9890854ced794c56e2d833') in 0.0369262 seconds
Number of updated asset objects reloaded before import = 0Number of asset objects unloaded after import = 9

========================================================================
Received Import Request.
  Time since last request: 0.000022 seconds.
  path: Assets/Oculus/Interaction/Samples/Animations/TutorialLocomotion_Teleport.controller
  artifactKey: Guid(70786d2beb4615842bdaa90e491c3614) Importer(2089858483,192608db42251d675da83286b1cce702)
Start importing Assets/Oculus/Interaction/Samples/Animations/TutorialLocomotion_Teleport.controller using Guid(70786d2beb4615842bdaa90e491c3614) Importer(2089858483,192608db42251d675da83286b1cce702) (ScriptedImporter) -> (artifact id: 'd2664215f40c7088bc8526f930f31232') in 0.1595186 seconds
Number of updated asset objects reloaded before import = 0Number of asset objects unloaded after import = 11

========================================================================
Received Import Request.
  Time since last request: 0.000018 seconds.
  path: Assets/Oculus/AudioManager/Scripts/Utils/InspectorNoteAttribute.cs
  artifactKey: Guid(4616bbe65d311471f8d71174295f4986) Importer(2089858483,192608db42251d675da83286b1cce702)
Start importing Assets/Oculus/AudioManager/Scripts/Utils/InspectorNoteAttribute.cs using Guid(4616bbe65d311471f8d71174295f4986) Importer(2089858483,192608db42251d675da83286b1cce702) (ScriptedImporter) -> (artifact id: 'd41e2031cb823f8b1f00e8d89b40c95c') in 0.0148853 seconds
Number of updated asset objects reloaded before import = 0Number of asset objects unloaded after import = 0

========================================================================
Received Import Request.
  Time since last request: 0.000024 seconds.
  path: Assets/Oculus/Interaction/Editor/PoseDetection/TransformFeatureStateThresholdsEditor.cs
  artifactKey: Guid(195af56ffbd76364e83ff93de249a25a) Importer(2089858483,192608db42251d675da83286b1cce702)
Start importing Assets/Oculus/Interaction/Editor/PoseDetection/TransformFeatureStateThresholdsEditor.cs using Guid(195af56ffbd76364e83ff93de249a25a) Importer(2089858483,192608db42251d675da83286b1cce702) (ScriptedImporter) -> (artifact id: '9c5d2d096d7bfc3758fff380702db462') in 0.0140075 seconds
Number of updated asset objects reloaded before import = 0Number of asset objects unloaded after import = 0

========================================================================
Received Import Request.
  Time since last request: 0.000017 seconds.
  path: Assets/Oculus/Interaction/Runtime/Textures/Reticle-Circle.png
  artifactKey: Guid(4aa4a1b9a03d9b54d80515831235fbe9) Importer(2089858483,192608db42251d675da83286b1cce702)
Start importing Assets/Oculus/Interaction/Runtime/Textures/Reticle-Circle.png using Guid(4aa4a1b9a03d9b54d80515831235fbe9) Importer(2089858483,192608db42251d675da83286b1cce702) (ScriptedImporter) -> (artifact id: 'f7184efd0bb0fcdd967fc0c577ca5f21') in 0.0371208 seconds
Number of updated asset objects reloaded before import = 0Number of asset objects unloaded after import = 3

========================================================================
Received Import Request.
  Time since last request: 0.000037 seconds.
  path: Assets/Oculus/Interaction/Samples/Animations/IconBarAnimation.controller
  artifactKey: Guid(8bf5fc3bb0102da45942422080a436f0) Importer(2089858483,192608db42251d675da83286b1cce702)
Start importing Assets/Oculus/Interaction/Samples/Animations/IconBarAnimation.controller using Guid(8bf5fc3bb0102da45942422080a436f0) Importer(2089858483,192608db42251d675da83286b1cce702) (ScriptedImporter) -> (artifact id: '554fbfbc64ef8630bc699622a9f66f2f') in 0.0281769 seconds
Number of updated asset objects reloaded before import = 0Number of asset objects unloaded after import = 17

========================================================================
Received Import Request.
  Time since last request: 0.000014 seconds.
  path: Assets/Oculus/Interaction/Runtime/Materials/OculusControllerRayCursor.mat
  artifactKey: Guid(29459c8b5bc102840b9a63876129bd1d) Importer(2089858483,192608db42251d675da83286b1cce702)
Start importing Assets/Oculus/Interaction/Runtime/Materials/OculusControllerRayCursor.mat using Guid(29459c8b5bc102840b9a63876129bd1d) Importer(2089858483,192608db42251d675da83286b1cce702) (ScriptedImporter) -> (artifact id: '409f076cbedb91cb8b4dbfa4daf8db1e') in 0.017773 seconds
Number of updated asset objects reloaded before import = 0Number of asset objects unloaded after import = 1

========================================================================
Received Import Request.
  Time since last request: 0.000027 seconds.
  path: Assets/Oculus/Interaction/Editor/Poke/PokeInteractorEditor.cs
  artifactKey: Guid(46c04bf9df613494998209c4f4705544) Importer(2089858483,192608db42251d675da83286b1cce702)
Start importing Assets/Oculus/Interaction/Editor/Poke/PokeInteractorEditor.cs using Guid(46c04bf9df613494998209c4f4705544) Importer(2089858483,192608db42251d675da83286b1cce702) (ScriptedImporter) -> (artifact id: 'c0935c0d58e30193b610385e9cb11d12') in 0.0174895 seconds
Number of updated asset objects reloaded before import = 0Number of asset objects unloaded after import = 0

========================================================================
Received Import Request.
  Time since last request: 1.142050 seconds.
  path: Assets/Oculus/Interaction/Samples/Materials/SkyboxGradient.mat
  artifactKey: Guid(220c53501a6feeb44842c61d7364609c) Importer(2089858483,192608db42251d675da83286b1cce702)
Start importing Assets/Oculus/Interaction/Samples/Materials/SkyboxGradient.mat using Guid(220c53501a6feeb44842c61d7364609c) Importer(2089858483,192608db42251d675da83286b1cce702) (ScriptedImporter) -> (artifact id: '15d7fa3a44314e1a890db896ddcc5fa9') in 0.0171427 seconds
Number of updated asset objects reloaded before import = 0Number of asset objects unloaded after import = 1

========================================================================
Received Import Request.
  Time since last request: 0.000017 seconds.
  path: Assets/Oculus/Platform/Scripts/Models/Pid.cs
  artifactKey: Guid(f5a809bffe673614799d0d8d63f3dd3f) Importer(2089858483,192608db42251d675da83286b1cce702)
Start importing Assets/Oculus/Platform/Scripts/Models/Pid.cs using Guid(f5a809bffe673614799d0d8d63f3dd3f) Importer(2089858483,192608db42251d675da83286b1cce702) (ScriptedImporter) -> (artifact id: '806c07873645c9d76088256929102ac2') in 0.0124918 seconds
Number of updated asset objects reloaded before import = 0Number of asset objects unloaded after import = 0

========================================================================
Received Import Request.
  Time since last request: 0.000017 seconds.
  path: Assets/Oculus/Platform/Scripts/Models/SdkAccount.cs
  artifactKey: Guid(1c2ffbfe79b26bc4cb0155394995dfe2) Importer(2089858483,192608db42251d675da83286b1cce702)
Start importing Assets/Oculus/Platform/Scripts/Models/SdkAccount.cs using Guid(1c2ffbfe79b26bc4cb0155394995dfe2) Importer(2089858483,192608db42251d675da83286b1cce702) (ScriptedImporter) -> (artifact id: '95956925ace396cecc988edb4148b374') in 0.0190589 seconds
Number of updated asset objects reloaded before import = 0Number of asset objects unloaded after import = 0

========================================================================
Received Import Request.
  Time since last request: 0.000030 seconds.
  path: Assets/Oculus/Platform/Samples/SimplePlatformSample/DataEntry.cs
  artifactKey: Guid(e10d7d54285902b48a88ddf18008a848) Importer(2089858483,192608db42251d675da83286b1cce702)
Start importing Assets/Oculus/Platform/Samples/SimplePlatformSample/DataEntry.cs using Guid(e10d7d54285902b48a88ddf18008a848) Importer(2089858483,192608db42251d675da83286b1cce702) (ScriptedImporter) -> (artifact id: '1c606bc01ef062709e366243f979ab6a') in 0.0168991 seconds
Number of updated asset objects reloaded before import = 0Number of asset objects unloaded after import = 0

========================================================================
Received Import Request.
  Time since last request: 0.000024 seconds.
  path: Assets/Oculus/Platform/Scripts/Models/AchievementUpdate.cs
  artifactKey: Guid(a49cc0ca1bcdd99409f7658b336e2d06) Importer(2089858483,192608db42251d675da83286b1cce702)
Start importing Assets/Oculus/Platform/Scripts/Models/AchievementUpdate.cs using Guid(a49cc0ca1bcdd99409f7658b336e2d06) Importer(2089858483,192608db42251d675da83286b1cce702) (ScriptedImporter) -> (artifact id: '1436e2fa159a093d82f3a0cee390fca0') in 0.0181467 seconds
Number of updated asset objects reloaded before import = 0Number of asset objects unloaded after import = 0

========================================================================
Received Import Request.
  Time since last request: 0.000021 seconds.
  path: Assets/Oculus/Platform/Scripts/Models/Purchase.cs
  artifactKey: Guid(bbc306c37ea31f045b98ea0008ddf1d3) Importer(2089858483,192608db42251d675da83286b1cce702)
Start importing Assets/Oculus/Platform/Scripts/Models/Purchase.cs using Guid(bbc306c37ea31f045b98ea0008ddf1d3) Importer(2089858483,192608db42251d675da83286b1cce702) (ScriptedImporter) -> (artifact id: '0c3f3bc8ed34d35a5f90c2bf47971d5a') in 0.017102 seconds
Number of updated asset objects reloaded before import = 0Number of asset objects unloaded after import = 0

========================================================================
Received Import Request.
  Time since last request: 0.000021 seconds.
  path: Assets/Oculus/Interaction/Samples/Scripts/AudioPhysics.cs
  artifactKey: Guid(5c94ad25aabf9b34eb79cd433132dee6) Importer(2089858483,192608db42251d675da83286b1cce702)
Start importing Assets/Oculus/Interaction/Samples/Scripts/AudioPhysics.cs using Guid(5c94ad25aabf9b34eb79cd433132dee6) Importer(2089858483,192608db42251d675da83286b1cce702) (ScriptedImporter) -> (artifact id: 'e1f64f8b7af4fa3f3188a658caa24491') in 0.0177385 seconds
Number of updated asset objects reloaded before import = 0Number of asset objects unloaded after import = 0

========================================================================
Received Import Request.
  Time since last request: 0.000024 seconds.
  path: Assets/Oculus/Platform/Scripts/Models/MatchmakingEnqueueResultAndRoom.cs
  artifactKey: Guid(27627f3a1bc9da84d82880eb12ab2753) Importer(2089858483,192608db42251d675da83286b1cce702)
Start importing Assets/Oculus/Platform/Scripts/Models/MatchmakingEnqueueResultAndRoom.cs using Guid(27627f3a1bc9da84d82880eb12ab2753) Importer(2089858483,192608db42251d675da83286b1cce702) (ScriptedImporter) -> (artifact id: '12ea71439a54c0ebcff59dfb23f9481a') in 0.020197 seconds
Number of updated asset objects reloaded before import = 0Number of asset objects unloaded after import = 0

========================================================================
Received Import Request.
  Time since last request: 0.000019 seconds.
  path: Assets/Oculus/LipSync/Scripts/Helpers/OVRTouchpad.cs
  artifactKey: Guid(edde1cb2a78471f409fce5084e6c720c) Importer(2089858483,192608db42251d675da83286b1cce702)
Start importing Assets/Oculus/LipSync/Scripts/Helpers/OVRTouchpad.cs using Guid(edde1cb2a78471f409fce5084e6c720c) Importer(2089858483,192608db42251d675da83286b1cce702) (ScriptedImporter) -> (artifact id: '05523ed8ca52b2d2d2728dc6b542fdf3') in 0.0169592 seconds
Number of updated asset objects reloaded before import = 0Number of asset objects unloaded after import = 0

========================================================================
Received Import Request.
  Time since last request: 0.000034 seconds.
  path: Assets/Oculus/Interaction/Samples/Textures/Paper.png
  artifactKey: Guid(f6db4193c1df53543b019284e43e28bb) Importer(2089858483,192608db42251d675da83286b1cce702)
Start importing Assets/Oculus/Interaction/Samples/Textures/Paper.png using Guid(f6db4193c1df53543b019284e43e28bb) Importer(2089858483,192608db42251d675da83286b1cce702) (ScriptedImporter) -> (artifact id: '22b3cb7f47761590e91703cd4307b0bd') in 0.0225477 seconds
Number of updated asset objects reloaded before import = 0Number of asset objects unloaded after import = 1

========================================================================
Received Import Request.
  Time since last request: 0.000028 seconds.
  path: Assets/Oculus/Platform/Scripts/Models/CalApplicationFinalized.cs
  artifactKey: Guid(b380c9d8a3128734d9377d59e8817d41) Importer(2089858483,192608db42251d675da83286b1cce702)
Start importing Assets/Oculus/Platform/Scripts/Models/CalApplicationFinalized.cs using Guid(b380c9d8a3128734d9377d59e8817d41) Importer(2089858483,192608db42251d675da83286b1cce702) (ScriptedImporter) -> (artifact id: '16db18770c3b972cebb7f39765618cd5') in 0.0154171 seconds
Number of updated asset objects reloaded before import = 0Number of asset objects unloaded after import = 0

========================================================================
Received Import Request.
  Time since last request: 0.000021 seconds.
  path: Assets/Oculus/LipSync/Models/RobotHead_TextureFlip/sil.png
  artifactKey: Guid(46b2920291e9b8c4888ad3fe3f5e5e69) Importer(2089858483,192608db42251d675da83286b1cce702)
Start importing Assets/Oculus/LipSync/Models/RobotHead_TextureFlip/sil.png using Guid(46b2920291e9b8c4888ad3fe3f5e5e69) Importer(2089858483,192608db42251d675da83286b1cce702) (ScriptedImporter) -> (artifact id: 'af0fe4fe22b47223d9179100a7beb333') in 0.0245323 seconds
Number of updated asset objects reloaded before import = 0Number of asset objects unloaded after import = 1

========================================================================
Received Import Request.
  Time since last request: 0.000018 seconds.
  path: Assets/Oculus/LipSync/Plugins/MacOSX/OVRLipSync.bundle
  artifactKey: Guid(79c2e7f7b1a214443ab64ef151d6bd36) Importer(2089858483,192608db42251d675da83286b1cce702)
Start importing Assets/Oculus/LipSync/Plugins/MacOSX/OVRLipSync.bundle using Guid(79c2e7f7b1a214443ab64ef151d6bd36) Importer(2089858483,192608db42251d675da83286b1cce702) (ScriptedImporter) -> (artifact id: '9610de0991291160151b5202c821b846') in 0.0188788 seconds
Number of updated asset objects reloaded before import = 0Number of asset objects unloaded after import = 0

========================================================================
Received Import Request.
  Time since last request: 0.000019 seconds.
  path: Assets/Oculus/LipSync/Models/RobotHead_TextureFlip/RR.png
  artifactKey: Guid(6d47a54f2b89a59459fd7561d360bab2) Importer(2089858483,192608db42251d675da83286b1cce702)
Start importing Assets/Oculus/LipSync/Models/RobotHead_TextureFlip/RR.png using Guid(6d47a54f2b89a59459fd7561d360bab2) Importer(2089858483,192608db42251d675da83286b1cce702) (ScriptedImporter) -> (artifact id: '51c20eb10f2d05e0b707db418f9ce644') in 0.0251635 seconds
Number of updated asset objects reloaded before import = 0Number of asset objects unloaded after import = 1

========================================================================
Received Import Request.
  Time since last request: 0.000053 seconds.
  path: Assets/Oculus/SampleFramework/Usage/AppDeeplink/AppDeeplinkUI.cs
  artifactKey: Guid(027619fb17fc6bc45ae5b76ade2abc42) Importer(2089858483,192608db42251d675da83286b1cce702)
Start importing Assets/Oculus/SampleFramework/Usage/AppDeeplink/AppDeeplinkUI.cs using Guid(027619fb17fc6bc45ae5b76ade2abc42) Importer(2089858483,192608db42251d675da83286b1cce702) (ScriptedImporter) -> (artifact id: 'b4f118899662b7af6c158c3d35824bdd') in 0.0172143 seconds
Number of updated asset objects reloaded before import = 0Number of asset objects unloaded after import = 0

========================================================================
Received Import Request.
  Time since last request: 0.000040 seconds.
  path: Assets/Oculus/Platform/Scripts/Models/LinkedAccount.cs
  artifactKey: Guid(e353eb0df55137e43a2bf9e54864c76f) Importer(2089858483,192608db42251d675da83286b1cce702)
Start importing Assets/Oculus/Platform/Scripts/Models/LinkedAccount.cs using Guid(e353eb0df55137e43a2bf9e54864c76f) Importer(2089858483,192608db42251d675da83286b1cce702) (ScriptedImporter) -> (artifact id: 'f8d3fae0fa55a9a1c2a5dc106fb65b79') in 0.0169979 seconds
Number of updated asset objects reloaded before import = 0Number of asset objects unloaded after import = 0

========================================================================
Received Import Request.
  Time since last request: 0.000027 seconds.
  path: Assets/Oculus/Interaction/Samples/Shaders/InteractionCG.cginc
  artifactKey: Guid(ad62366434a0c0d43828de4737c3ed09) Importer(2089858483,192608db42251d675da83286b1cce702)
Start importing Assets/Oculus/Interaction/Samples/Shaders/InteractionCG.cginc using Guid(ad62366434a0c0d43828de4737c3ed09) Importer(2089858483,192608db42251d675da83286b1cce702) (ScriptedImporter) -> (artifact id: 'bec97706c0b42f37c3efa56387af2de1') in 0.0157832 seconds
Number of updated asset objects reloaded before import = 0Number of asset objects unloaded after import = 1

========================================================================
Received Import Request.
  Time since last request: 0.000017 seconds.
  path: Assets/Oculus/Interaction/Samples/Scripts/SamplesInfoPanel.cs
  artifactKey: Guid(dc3d610027e65de40bcf0a2bc84ff198) Importer(2089858483,192608db42251d675da83286b1cce702)
Start importing Assets/Oculus/Interaction/Samples/Scripts/SamplesInfoPanel.cs using Guid(dc3d610027e65de40bcf0a2bc84ff198) Importer(2089858483,192608db42251d675da83286b1cce702) (ScriptedImporter) -> (artifact id: '4866bf65e90ce7c51bb3466ef68c1812') in 0.0163719 seconds
Number of updated asset objects reloaded before import = 0Number of asset objects unloaded after import = 0

========================================================================
Received Import Request.
  Time since last request: 0.000017 seconds.
  path: Assets/Oculus/Interaction/Samples/Textures/Scissors.png
  artifactKey: Guid(f5342f171ba4a9d42801d9116dc2da0c) Importer(2089858483,192608db42251d675da83286b1cce702)
Start importing Assets/Oculus/Interaction/Samples/Textures/Scissors.png using Guid(f5342f171ba4a9d42801d9116dc2da0c) Importer(2089858483,192608db42251d675da83286b1cce702) (ScriptedImporter) -> (artifact id: 'e4cd4593a4233bea5260077c114b4f86') in 0.0214687 seconds
Number of updated asset objects reloaded before import = 0Number of asset objects unloaded after import = 1

========================================================================
Received Import Request.
  Time since last request: 0.000019 seconds.
  path: Assets/Oculus/Platform/Samples/EntitlementCheck/EntitlementCheck.cs
  artifactKey: Guid(75ccf1814f335d94ab1902064233299e) Importer(2089858483,192608db42251d675da83286b1cce702)
Start importing Assets/Oculus/Platform/Samples/EntitlementCheck/EntitlementCheck.cs using Guid(75ccf1814f335d94ab1902064233299e) Importer(2089858483,192608db42251d675da83286b1cce702) (ScriptedImporter) -> (artifact id: '0e14cd8dc9be65fb5e73898b69ea667d') in 0.0157049 seconds
Number of updated asset objects reloaded before import = 0Number of asset objects unloaded after import = 0

========================================================================
Received Import Request.
  Time since last request: 0.000021 seconds.
  path: Assets/Oculus/Platform/Scripts/Models/PartyUpdateNotification.cs
  artifactKey: Guid(573ee0e0d33266642ac7f2e8bf951553) Importer(2089858483,192608db42251d675da83286b1cce702)
Start importing Assets/Oculus/Platform/Scripts/Models/PartyUpdateNotification.cs using Guid(573ee0e0d33266642ac7f2e8bf951553) Importer(2089858483,192608db42251d675da83286b1cce702) (ScriptedImporter) -> (artifact id: 'cdefa604d1c9300600c38507414c4c4e') in 0.0171348 seconds
Number of updated asset objects reloaded before import = 0Number of asset objects unloaded after import = 0

========================================================================
Received Import Request.
  Time since last request: 0.000030 seconds.
  path: Assets/Oculus/Platform/Scripts/Models/SystemVoipState.cs
  artifactKey: Guid(6393103106f621e4cb6b8819417de993) Importer(2089858483,192608db42251d675da83286b1cce702)
Start importing Assets/Oculus/Platform/Scripts/Models/SystemVoipState.cs using Guid(6393103106f621e4cb6b8819417de993) Importer(2089858483,192608db42251d675da83286b1cce702) (ScriptedImporter) -> (artifact id: 'cea20e34ed071527c3d7cb9c219964f7') in 0.0188587 seconds
Number of updated asset objects reloaded before import = 0Number of asset objects unloaded after import = 0

========================================================================
Received Import Request.
  Time since last request: 0.000031 seconds.
  path: Assets/Oculus/SampleFramework/Core/TouchControllers/RightControllerPf.prefab
  artifactKey: Guid(fa4a34fb8bbe14649bca25aee46a5f4e) Importer(2089858483,192608db42251d675da83286b1cce702)
Start importing Assets/Oculus/SampleFramework/Core/TouchControllers/RightControllerPf.prefab using Guid(fa4a34fb8bbe14649bca25aee46a5f4e) Importer(2089858483,192608db42251d675da83286b1cce702) (ScriptedImporter) -> (artifact id: 'e380feaa83ba8fd0538400aabb3af55d') in 0.0315617 seconds
Number of updated asset objects reloaded before import = 0Number of asset objects unloaded after import = 66

========================================================================
Received Import Request.
  Time since last request: 0.000017 seconds.
  path: Assets/Oculus/Platform/Scripts/Models/LivestreamingVideoStats.cs
  artifactKey: Guid(3f7d781612e6d584782a9c0275cb1331) Importer(2089858483,192608db42251d675da83286b1cce702)
Start importing Assets/Oculus/Platform/Scripts/Models/LivestreamingVideoStats.cs using Guid(3f7d781612e6d584782a9c0275cb1331) Importer(2089858483,192608db42251d675da83286b1cce702) (ScriptedImporter) -> (artifact id: 'a9f52435434d0aaf8f88b9d01f887d91') in 0.0133875 seconds
Number of updated asset objects reloaded before import = 0Number of asset objects unloaded after import = 0

========================================================================
Received Import Request.
  Time since last request: 0.000016 seconds.
  path: Assets/Oculus/Platform/Scripts/Models/AppDownloadProgressResult.cs
  artifactKey: Guid(25f163f65a485584e959ef48124ae22f) Importer(2089858483,192608db42251d675da83286b1cce702)
Start importing Assets/Oculus/Platform/Scripts/Models/AppDownloadProgressResult.cs using Guid(25f163f65a485584e959ef48124ae22f) Importer(2089858483,192608db42251d675da83286b1cce702) (ScriptedImporter) -> (artifact id: '6321d81aed70a4c1a52cf86e3f783731') in 0.0176161 seconds
Number of updated asset objects reloaded before import = 0Number of asset objects unloaded after import = 0

========================================================================
Received Import Request.
  Time since last request: 0.000016 seconds.
  path: Assets/Oculus/Interaction/Samples/Scripts/AudioTrigger.cs
  artifactKey: Guid(925ef87c5bafc37469a2f7ec825dee4b) Importer(2089858483,192608db42251d675da83286b1cce702)
Start importing Assets/Oculus/Interaction/Samples/Scripts/AudioTrigger.cs using Guid(925ef87c5bafc37469a2f7ec825dee4b) Importer(2089858483,192608db42251d675da83286b1cce702) (ScriptedImporter) -> (artifact id: '59ca27fcbf1462ae457dae3474d8ef55') in 0.0152027 seconds
Number of updated asset objects reloaded before import = 0Number of asset objects unloaded after import = 0

========================================================================
Received Import Request.
  Time since last request: 0.000038 seconds.
  path: Assets/Oculus/Interaction/Samples/Scenes/BasicRay.unity
  artifactKey: Guid(7e040656f12f8dc44a6d88406081f26c) Importer(2089858483,192608db42251d675da83286b1cce702)
Start importing Assets/Oculus/Interaction/Samples/Scenes/BasicRay.unity using Guid(7e040656f12f8dc44a6d88406081f26c) Importer(2089858483,192608db42251d675da83286b1cce702) (ScriptedImporter) -> (artifact id: 'c9498870531a624a060119a974fd6993') in 0.016974 seconds
Number of updated asset objects reloaded before import = 0Number of asset objects unloaded after import = 1

========================================================================
Received Import Request.
  Time since last request: 0.000034 seconds.
  path: Assets/Oculus/Interaction/Samples/Materials/ThumbsUp.mat
  artifactKey: Guid(a4c9f2c1fbaa2df4b96621830e060af2) Importer(2089858483,192608db42251d675da83286b1cce702)
Start importing Assets/Oculus/Interaction/Samples/Materials/ThumbsUp.mat using Guid(a4c9f2c1fbaa2df4b96621830e060af2) Importer(2089858483,192608db42251d675da83286b1cce702) (ScriptedImporter) -> (artifact id: '81f08122b0bf743cbc92f86f98819937') in 0.0187831 seconds
Number of updated asset objects reloaded before import = 0Number of asset objects unloaded after import = 2

========================================================================
Received Import Request.
  Time since last request: 0.000017 seconds.
  path: Assets/Oculus/Platform/Scripts/Models/AssetFileDeleteResult.cs
  artifactKey: Guid(a64ebca65bbe4334394aa3648ff7733f) Importer(2089858483,192608db42251d675da83286b1cce702)
Start importing Assets/Oculus/Platform/Scripts/Models/AssetFileDeleteResult.cs using Guid(a64ebca65bbe4334394aa3648ff7733f) Importer(2089858483,192608db42251d675da83286b1cce702) (ScriptedImporter) -> (artifact id: '95ef31802a18f2b3eae15aadec9f5d5f') in 0.0170939 seconds
Number of updated asset objects reloaded before import = 0Number of asset objects unloaded after import = 0

========================================================================
Received Import Request.
  Time since last request: 0.000018 seconds.
  path: Assets/Oculus/Interaction/Samples/Scenes/ComplexGrab.unity
  artifactKey: Guid(b4db51bf4876fde4ebaca05af639db73) Importer(2089858483,192608db42251d675da83286b1cce702)
Start importing Assets/Oculus/Interaction/Samples/Scenes/ComplexGrab.unity using Guid(b4db51bf4876fde4ebaca05af639db73) Importer(2089858483,192608db42251d675da83286b1cce702) (ScriptedImporter) -> (artifact id: 'cd4b0d28212b22e469377e8e0b4de9b3') in 0.0156654 seconds
Number of updated asset objects reloaded before import = 0Number of asset objects unloaded after import = 1

========================================================================
Received Import Request.
  Time since last request: 0.000020 seconds.
  path: Assets/Oculus/Platform/Samples/NetChat/DataEntry.cs
  artifactKey: Guid(bfbb4b78fb9572d4da744c39224c6f1d) Importer(2089858483,192608db42251d675da83286b1cce702)
Start importing Assets/Oculus/Platform/Samples/NetChat/DataEntry.cs using Guid(bfbb4b78fb9572d4da744c39224c6f1d) Importer(2089858483,192608db42251d675da83286b1cce702) (ScriptedImporter) -> (artifact id: '43af042904af5e5d0c0fe27cc25657be') in 0.016483 seconds
Number of updated asset objects reloaded before import = 0Number of asset objects unloaded after import = 0

========================================================================
Received Import Request.
  Time since last request: 0.000019 seconds.
  path: Assets/Oculus/SampleFramework/Core/CustomHands/CustomHandRight.prefab
  artifactKey: Guid(ba1fa4a8c66106b4988c88fe4b8e8502) Importer(2089858483,192608db42251d675da83286b1cce702)
Start importing Assets/Oculus/SampleFramework/Core/CustomHands/CustomHandRight.prefab using Guid(ba1fa4a8c66106b4988c88fe4b8e8502) Importer(2089858483,192608db42251d675da83286b1cce702) (ScriptedImporter) -> (artifact id: '27fa12bdad4e1d53ffadd81331e11eb1') in 0.03553 seconds
Number of updated asset objects reloaded before import = 0Number of asset objects unloaded after import = 153

========================================================================
Received Import Request.
  Time since last request: 0.000034 seconds.
  path: Assets/Oculus/LipSync/Models/RobotHead_TextureFlip/E.png
  artifactKey: Guid(29a06a0eefee1b542a7c286f1689ffab) Importer(2089858483,192608db42251d675da83286b1cce702)
Start importing Assets/Oculus/LipSync/Models/RobotHead_TextureFlip/E.png using Guid(29a06a0eefee1b542a7c286f1689ffab) Importer(2089858483,192608db42251d675da83286b1cce702) (ScriptedImporter) -> (artifact id: '2cb1fd2b33b0a9c8140d662d7c00a407') in 0.0227403 seconds
Number of updated asset objects reloaded before import = 0Number of asset objects unloaded after import = 1

========================================================================
Received Import Request.
  Time since last request: 0.000023 seconds.
  path: Assets/Oculus/SampleFramework/Usage/Firebase/README.md
  artifactKey: Guid(969abaa8a3755234f8eace4a64be4825) Importer(2089858483,192608db42251d675da83286b1cce702)
Start importing Assets/Oculus/SampleFramework/Usage/Firebase/README.md using Guid(969abaa8a3755234f8eace4a64be4825) Importer(2089858483,192608db42251d675da83286b1cce702) (ScriptedImporter) -> (artifact id: 'b7b2ae513c8857346e86a4002ee62297') in 0.0147701 seconds
Number of updated asset objects reloaded before import = 0Number of asset objects unloaded after import = 1

========================================================================
Received Import Request.
  Time since last request: 0.000024 seconds.
  path: Assets/Oculus/Platform/Scripts/Models/RejoinDialogResult.cs
  artifactKey: Guid(32eac183daddda4489c9768ca4fc5c3a) Importer(2089858483,192608db42251d675da83286b1cce702)
Start importing Assets/Oculus/Platform/Scripts/Models/RejoinDialogResult.cs using Guid(32eac183daddda4489c9768ca4fc5c3a) Importer(2089858483,192608db42251d675da83286b1cce702) (ScriptedImporter) -> (artifact id: '18d53735503dd4cf44db0647717b8a23') in 0.014579 seconds
Number of updated asset objects reloaded before import = 0Number of asset objects unloaded after import = 0

========================================================================
Received Import Request.
  Time since last request: 0.000023 seconds.
  path: Assets/Oculus/SampleFramework/Core/TouchControllers/RightControllerAnimator.controller
  artifactKey: Guid(3bd486f67a7a98c4db3db1785ff50c29) Importer(2089858483,192608db42251d675da83286b1cce702)
Start importing Assets/Oculus/SampleFramework/Core/TouchControllers/RightControllerAnimator.controller using Guid(3bd486f67a7a98c4db3db1785ff50c29) Importer(2089858483,192608db42251d675da83286b1cce702) (ScriptedImporter) -> (artifact id: 'c24c6e2c5007c73059d2d1e294b0355f') in 0.0325288 seconds
Number of updated asset objects reloaded before import = 0Number of asset objects unloaded after import = 37

========================================================================
Received Import Request.
  Time since last request: 0.000021 seconds.
  path: Assets/Oculus/SampleFramework/Usage/CustomHands/Lightmap-0_comp_dir.png
  artifactKey: Guid(3887f5957ec7b0a4b99173c8b1f8d66c) Importer(2089858483,192608db42251d675da83286b1cce702)
Start importing Assets/Oculus/SampleFramework/Usage/CustomHands/Lightmap-0_comp_dir.png using Guid(3887f5957ec7b0a4b99173c8b1f8d66c) Importer(2089858483,192608db42251d675da83286b1cce702) (ScriptedImporter) -> (artifact id: 'd668335185b09a2495e25d3d462de2e3') in 0.0243761 seconds
Number of updated asset objects reloaded before import = 0Number of asset objects unloaded after import = 1

========================================================================
Received Import Request.
  Time since last request: 0.000018 seconds.
  path: Assets/Oculus/LipSync/Scenes/Scripts/LipSyncDemo_SetCurrentTarget.cs
  artifactKey: Guid(c62f9b5ef85d22f449e72c67c610059d) Importer(2089858483,192608db42251d675da83286b1cce702)
Start importing Assets/Oculus/LipSync/Scenes/Scripts/LipSyncDemo_SetCurrentTarget.cs using Guid(c62f9b5ef85d22f449e72c67c610059d) Importer(2089858483,192608db42251d675da83286b1cce702) (ScriptedImporter) -> (artifact id: '0af39038b3c562bc0829c30575140d15') in 0.017103 seconds
Number of updated asset objects reloaded before import = 0Number of asset objects unloaded after import = 0

========================================================================
Received Import Request.
  Time since last request: 0.000021 seconds.
  path: Assets/Oculus/Platform/Scripts/Models/NetSyncVoipAttenuationValue.cs
  artifactKey: Guid(fc6b7ed7de7fe3a4ab72d8745443cb5c) Importer(2089858483,192608db42251d675da83286b1cce702)
Start importing Assets/Oculus/Platform/Scripts/Models/NetSyncVoipAttenuationValue.cs using Guid(fc6b7ed7de7fe3a4ab72d8745443cb5c) Importer(2089858483,192608db42251d675da83286b1cce702) (ScriptedImporter) -> (artifact id: 'f898a7b34616772da898b6e08ae0cce1') in 0.0171473 seconds
Number of updated asset objects reloaded before import = 0Number of asset objects unloaded after import = 0

========================================================================
Received Import Request.
  Time since last request: 0.000020 seconds.
  path: Assets/Oculus/SampleFramework/Usage/Firebase/StartCrashlytics.cs
  artifactKey: Guid(2666e0e6695507f4eb8365bdcc5f1ce3) Importer(2089858483,192608db42251d675da83286b1cce702)
Start importing Assets/Oculus/SampleFramework/Usage/Firebase/StartCrashlytics.cs using Guid(2666e0e6695507f4eb8365bdcc5f1ce3) Importer(2089858483,192608db42251d675da83286b1cce702) (ScriptedImporter) -> (artifact id: 'bb615c2933e3f0726d8dd164b0f77315') in 0.0165156 seconds
Number of updated asset objects reloaded before import = 0Number of asset objects unloaded after import = 0

========================================================================
Received Import Request.
  Time since last request: 0.000021 seconds.
  path: Assets/Oculus/Interaction/Samples/Textures/Default.png
  artifactKey: Guid(a5ba7ac8e7c74f142bb6ddb055fae74e) Importer(2089858483,192608db42251d675da83286b1cce702)
Start importing Assets/Oculus/Interaction/Samples/Textures/Default.png using Guid(a5ba7ac8e7c74f142bb6ddb055fae74e) Importer(2089858483,192608db42251d675da83286b1cce702) (ScriptedImporter) -> (artifact id: '877684df2c3b07a004e8fe82694e7105') in 0.0310268 seconds
Number of updated asset objects reloaded before import = 0Number of asset objects unloaded after import = 3

========================================================================
Received Import Request.
  Time since last request: 0.000019 seconds.
  path: Assets/Oculus/Platform/Scripts/Models/LeaderboardEntry.cs
  artifactKey: Guid(c6c8aaec7b9e7f7438413bbc91a4fe0b) Importer(2089858483,192608db42251d675da83286b1cce702)
Start importing Assets/Oculus/Platform/Scripts/Models/LeaderboardEntry.cs using Guid(c6c8aaec7b9e7f7438413bbc91a4fe0b) Importer(2089858483,192608db42251d675da83286b1cce702) (ScriptedImporter) -> (artifact id: '9a802a06f167495a3440fa1fbdd57249') in 0.0166272 seconds
Number of updated asset objects reloaded before import = 0Number of asset objects unloaded after import = 0

========================================================================
Received Import Request.
  Time since last request: 0.000015 seconds.
  path: Assets/Oculus/Interaction/Samples/Scripts/ColorChanger.cs
  artifactKey: Guid(c4a2bba66be8bd5409a1b82f1ce54853) Importer(2089858483,192608db42251d675da83286b1cce702)
Start importing Assets/Oculus/Interaction/Samples/Scripts/ColorChanger.cs using Guid(c4a2bba66be8bd5409a1b82f1ce54853) Importer(2089858483,192608db42251d675da83286b1cce702) (ScriptedImporter) -> (artifact id: '70926edbf3d5e9d8af560ba764579c07') in 0.0165266 seconds
Number of updated asset objects reloaded before import = 0Number of asset objects unloaded after import = 0

========================================================================
Received Import Request.
  Time since last request: 0.000020 seconds.
  path: Assets/Oculus/Interaction/Samples/Sounds/GrabObject01.wav
  artifactKey: Guid(452cab5cd4cc31a4bbda065fe1729e0d) Importer(2089858483,192608db42251d675da83286b1cce702)
Start importing Assets/Oculus/Interaction/Samples/Sounds/GrabObject01.wav using Guid(452cab5cd4cc31a4bbda065fe1729e0d) Importer(2089858483,192608db42251d675da83286b1cce702) (ScriptedImporter) -> (artifact id: '0b55e9845acb6766578439a720cb9a7d') in 0.0271191 seconds
Number of updated asset objects reloaded before import = 0Number of asset objects unloaded after import = 1

========================================================================
Received Import Request.
  Time since last request: 0.000045 seconds.
  path: Assets/Oculus/Interaction/Samples/Scripts/StayInView.cs
  artifactKey: Guid(56687da4eed4f0541b3e4a77d8008acd) Importer(2089858483,192608db42251d675da83286b1cce702)
Start importing Assets/Oculus/Interaction/Samples/Scripts/StayInView.cs using Guid(56687da4eed4f0541b3e4a77d8008acd) Importer(2089858483,192608db42251d675da83286b1cce702) (ScriptedImporter) -> (artifact id: 'ef25073e4caff6f656e3a6c36829d94f') in 0.0170527 seconds
Number of updated asset objects reloaded before import = 0Number of asset objects unloaded after import = 0

========================================================================
Received Import Request.
  Time since last request: 0.000020 seconds.
  path: Assets/Oculus/LipSync/Models/RobotHead_TextureFlip/Head-2.png
  artifactKey: Guid(49ba9bfa609aed54ea6d5d1c1390bc15) Importer(2089858483,192608db42251d675da83286b1cce702)
Start importing Assets/Oculus/LipSync/Models/RobotHead_TextureFlip/Head-2.png using Guid(49ba9bfa609aed54ea6d5d1c1390bc15) Importer(2089858483,192608db42251d675da83286b1cce702) (ScriptedImporter) -> (artifact id: 'f80fbb55937e735cb7dc3cb50f9317e2') in 0.0254209 seconds
Number of updated asset objects reloaded before import = 0Number of asset objects unloaded after import = 1

========================================================================
Received Import Request.
  Time since last request: 0.000018 seconds.
  path: Assets/Oculus/Interaction/Samples/Scenes/BasicGrab.unity
  artifactKey: Guid(13bd76582a631124699f410c1e007f8c) Importer(2089858483,192608db42251d675da83286b1cce702)
Start importing Assets/Oculus/Interaction/Samples/Scenes/BasicGrab.unity using Guid(13bd76582a631124699f410c1e007f8c) Importer(2089858483,192608db42251d675da83286b1cce702) (ScriptedImporter) -> (artifact id: 'ca10c7fc3280b6978ef66e3fcc82f651') in 0.0174882 seconds
Number of updated asset objects reloaded before import = 0Number of asset objects unloaded after import = 1

========================================================================
Received Import Request.
  Time since last request: 0.000017 seconds.
  path: Assets/Oculus/Interaction/Samples/Shaders/room.shader
  artifactKey: Guid(2a14dede2360c664f97c90665c986e32) Importer(2089858483,192608db42251d675da83286b1cce702)
Start importing Assets/Oculus/Interaction/Samples/Shaders/room.shader using Guid(2a14dede2360c664f97c90665c986e32) Importer(2089858483,192608db42251d675da83286b1cce702) (ScriptedImporter) -> (artifact id: '82da8f34f546a93ecf933864d549d37b') in 0.0207714 seconds
Number of updated asset objects reloaded before import = 0Number of asset objects unloaded after import = 1

========================================================================
Received Import Request.
  Time since last request: 0.000017 seconds.
  path: Assets/Oculus/Interaction/Samples/Textures/Peace.png
  artifactKey: Guid(431e856141e9fe24c88c6ed15c687498) Importer(2089858483,192608db42251d675da83286b1cce702)
Start importing Assets/Oculus/Interaction/Samples/Textures/Peace.png using Guid(431e856141e9fe24c88c6ed15c687498) Importer(2089858483,192608db42251d675da83286b1cce702) (ScriptedImporter) -> (artifact id: '46d34ce8865185f41fddad1f630760d5') in 0.0278598 seconds
Number of updated asset objects reloaded before import = 0Number of asset objects unloaded after import = 1

========================================================================
Received Import Request.
  Time since last request: 0.000073 seconds.
  path: Assets/Oculus/Platform/Scripts/Models/Leaderboard.cs
  artifactKey: Guid(2e2f534f9aa71b3468fc0e52305a872a) Importer(2089858483,192608db42251d675da83286b1cce702)
Start importing Assets/Oculus/Platform/Scripts/Models/Leaderboard.cs using Guid(2e2f534f9aa71b3468fc0e52305a872a) Importer(2089858483,192608db42251d675da83286b1cce702) (ScriptedImporter) -> (artifact id: 'b5c51ab053e920b4d192cbc091520563') in 0.0169425 seconds
Number of updated asset objects reloaded before import = 0Number of asset objects unloaded after import = 0

========================================================================
Received Import Request.
  Time since last request: 0.000039 seconds.
  path: Assets/Oculus/LipSync/Models/FemaleHead_Morph/Female.fbx
  artifactKey: Guid(cbaf1c32e7ec84f10a51be1b09c0ef46) Importer(2089858483,192608db42251d675da83286b1cce702)
Start importing Assets/Oculus/LipSync/Models/FemaleHead_Morph/Female.fbx using Guid(cbaf1c32e7ec84f10a51be1b09c0ef46) Importer(2089858483,192608db42251d675da83286b1cce702) (ScriptedImporter) -> (artifact id: '0d9b3c45efbfcab1831ab2ea05793805') in 0.0388534 seconds
Number of updated asset objects reloaded before import = 0Number of asset objects unloaded after import = 38

========================================================================
Received Import Request.
  Time since last request: 0.000023 seconds.
  path: Assets/Oculus/Interaction/Samples/Textures/SCrim.png
  artifactKey: Guid(685feb2fdaa84d946a9c92cec5314c72) Importer(2089858483,192608db42251d675da83286b1cce702)
Start importing Assets/Oculus/Interaction/Samples/Textures/SCrim.png using Guid(685feb2fdaa84d946a9c92cec5314c72) Importer(2089858483,192608db42251d675da83286b1cce702) (ScriptedImporter) -> (artifact id: '7cb0a0523067b0875fdccc15beab3e46') in 0.0243189 seconds
Number of updated asset objects reloaded before import = 0Number of asset objects unloaded after import = 3

========================================================================
Received Import Request.
  Time since last request: 0.000018 seconds.
  path: Assets/Oculus/SampleFramework/Core/CustomHands/CustomHandLeft.prefab
  artifactKey: Guid(e6ba3498ffa1e534b91a07264266e6b8) Importer(2089858483,192608db42251d675da83286b1cce702)
Start importing Assets/Oculus/SampleFramework/Core/CustomHands/CustomHandLeft.prefab using Guid(e6ba3498ffa1e534b91a07264266e6b8) Importer(2089858483,192608db42251d675da83286b1cce702) (ScriptedImporter) -> (artifact id: '14d214a296d355746114c27e1c854e7f') in 0.0229406 seconds
Number of updated asset objects reloaded before import = 0Number of asset objects unloaded after import = 153

========================================================================
Received Import Request.
  Time since last request: 0.000019 seconds.
  path: Assets/Oculus/Platform/Scripts/Models/UserAndRoom.cs
  artifactKey: Guid(a13e8fdc4c1263e43a7f56781529a4cc) Importer(2089858483,192608db42251d675da83286b1cce702)
Start importing Assets/Oculus/Platform/Scripts/Models/UserAndRoom.cs using Guid(a13e8fdc4c1263e43a7f56781529a4cc) Importer(2089858483,192608db42251d675da83286b1cce702) (ScriptedImporter) -> (artifact id: '1f8adea54141ae6a01d6e643a5786eec') in 0.0161517 seconds
Number of updated asset objects reloaded before import = 0Number of asset objects unloaded after import = 0

========================================================================
Received Import Request.
  Time since last request: 0.000024 seconds.
  path: Assets/Oculus/Interaction/Samples/Shaders/StencilSky.shader
  artifactKey: Guid(2402243f452b96b408e8405082fd5ce6) Importer(2089858483,192608db42251d675da83286b1cce702)
Start importing Assets/Oculus/Interaction/Samples/Shaders/StencilSky.shader using Guid(2402243f452b96b408e8405082fd5ce6) Importer(2089858483,192608db42251d675da83286b1cce702) (ScriptedImporter) -> (artifact id: '9635287e32d005f4f99152b05f7f2ba9') in 0.0164781 seconds
Number of updated asset objects reloaded before import = 0Number of asset objects unloaded after import = 1

========================================================================
Received Import Request.
  Time since last request: 0.000023 seconds.
  path: Assets/Oculus/Interaction/Samples/Meshes/DebugBody.asset
  artifactKey: Guid(e483f2024314cb844a60edb600e9eff3) Importer(2089858483,192608db42251d675da83286b1cce702)
Start importing Assets/Oculus/Interaction/Samples/Meshes/DebugBody.asset using Guid(e483f2024314cb844a60edb600e9eff3) Importer(2089858483,192608db42251d675da83286b1cce702) (ScriptedImporter) -> (artifact id: 'be3b678d3ef0e30e66d0f17145bf6e4d') in 0.0204622 seconds
Number of updated asset objects reloaded before import = 0Number of asset objects unloaded after import = 1

========================================================================
Received Import Request.
  Time since last request: 0.000032 seconds.
  path: Assets/Oculus/Platform/Scripts/Models/HttpTransferUpdate.cs
  artifactKey: Guid(fcab648a59429684a9860794d256d230) Importer(2089858483,192608db42251d675da83286b1cce702)
Start importing Assets/Oculus/Platform/Scripts/Models/HttpTransferUpdate.cs using Guid(fcab648a59429684a9860794d256d230) Importer(2089858483,192608db42251d675da83286b1cce702) (ScriptedImporter) -> (artifact id: '245d79522dad002305dd5836f393cb6b') in 0.0177829 seconds
Number of updated asset objects reloaded before import = 0Number of asset objects unloaded after import = 0

========================================================================
Received Import Request.
  Time since last request: 0.033372 seconds.
  path: Assets/Oculus/Spatializer/scenes/sounds/hammer.wav
  artifactKey: Guid(3a4baf251c1814716b9458d036384a76) Importer(2089858483,192608db42251d675da83286b1cce702)
Start importing Assets/Oculus/Spatializer/scenes/sounds/hammer.wav using Guid(3a4baf251c1814716b9458d036384a76) Importer(2089858483,192608db42251d675da83286b1cce702) (ScriptedImporter) -> (artifact id: 'e6521413b9e98c37140a75350fb48de1') in 0.0554439 seconds
Number of updated asset objects reloaded before import = 0Number of asset objects unloaded after import = 1

========================================================================
Received Import Request.
  Time since last request: 0.000018 seconds.
  path: Assets/Oculus/VR/Scripts/Util/OVRProgressIndicator.cs
  artifactKey: Guid(f14ece5575e2b1e4d80619901d65b428) Importer(2089858483,192608db42251d675da83286b1cce702)
Start importing Assets/Oculus/VR/Scripts/Util/OVRProgressIndicator.cs using Guid(f14ece5575e2b1e4d80619901d65b428) Importer(2089858483,192608db42251d675da83286b1cce702) (ScriptedImporter) -> (artifact id: '50b00a3690fe6ffc73f629fdc171e715') in 0.0174579 seconds
Number of updated asset objects reloaded before import = 0Number of asset objects unloaded after import = 0

========================================================================
Received Import Request.
  Time since last request: 0.000031 seconds.
  path: Assets/Oculus/Voice/Samples/Shapes/Shapes - WitConfiguration.asset
  artifactKey: Guid(a8e387d02c2ef0c4e8778528ce21524b) Importer(2089858483,192608db42251d675da83286b1cce702)
Start importing Assets/Oculus/Voice/Samples/Shapes/Shapes - WitConfiguration.asset using Guid(a8e387d02c2ef0c4e8778528ce21524b) Importer(2089858483,192608db42251d675da83286b1cce702) (ScriptedImporter) -> (artifact id: 'a6c5d510e6f72de2ea3a0f095c691dd2') in 0.0220605 seconds
Number of updated asset objects reloaded before import = 0Number of asset objects unloaded after import = 1

========================================================================
Received Import Request.
  Time since last request: 0.000027 seconds.
  path: Assets/Oculus/VR/Scripts/Util/OVRWaitCursor.cs
  artifactKey: Guid(d313011a8bc474fe49260bde01cffcd3) Importer(2089858483,192608db42251d675da83286b1cce702)
Start importing Assets/Oculus/VR/Scripts/Util/OVRWaitCursor.cs using Guid(d313011a8bc474fe49260bde01cffcd3) Importer(2089858483,192608db42251d675da83286b1cce702) (ScriptedImporter) -> (artifact id: '54ac3362364d68bac5f2c04ed6947c4e') in 0.016388 seconds
Number of updated asset objects reloaded before import = 0Number of asset objects unloaded after import = 0

========================================================================
Received Import Request.
  Time since last request: 0.000017 seconds.
  path: Assets/Oculus/VR/Scripts/Editor/AssemblyInfo.cs
  artifactKey: Guid(da51b98f15f03d446acef754ccab494d) Importer(2089858483,192608db42251d675da83286b1cce702)
Start importing Assets/Oculus/VR/Scripts/Editor/AssemblyInfo.cs using Guid(da51b98f15f03d446acef754ccab494d) Importer(2089858483,192608db42251d675da83286b1cce702) (ScriptedImporter) -> (artifact id: '170f70a5c369dd1aee1eb7e1bf22cbe6') in 0.0154126 seconds
Number of updated asset objects reloaded before import = 0Number of asset objects unloaded after import = 0

========================================================================
Received Import Request.
  Time since last request: 0.000019 seconds.
  path: Assets/Oculus/VR/Shaders/OVRTrackedKeyboard/Unlit-NormalMMBias.shader
  artifactKey: Guid(31d0aa80bfd61974cb31771e0a522854) Importer(2089858483,192608db42251d675da83286b1cce702)
Start importing Assets/Oculus/VR/Shaders/OVRTrackedKeyboard/Unlit-NormalMMBias.shader using Guid(31d0aa80bfd61974cb31771e0a522854) Importer(2089858483,192608db42251d675da83286b1cce702) (ScriptedImporter) -> (artifact id: 'ea545d10481728af7a16c8f6b76645b6') in 0.0168605 seconds
Number of updated asset objects reloaded before import = 0Number of asset objects unloaded after import = 1

========================================================================
Received Import Request.
  Time since last request: 0.000019 seconds.
  path: Assets/Oculus/Voice/Samples/Chess/Chess - Wit.ai Config.zip
  artifactKey: Guid(6e8c3d9b51144e04a8fc14e65cc677d3) Importer(2089858483,192608db42251d675da83286b1cce702)
Start importing Assets/Oculus/Voice/Samples/Chess/Chess - Wit.ai Config.zip using Guid(6e8c3d9b51144e04a8fc14e65cc677d3) Importer(2089858483,192608db42251d675da83286b1cce702) (ScriptedImporter) -> (artifact id: 'e614f5ca3132c52130c6b93d2267f8e7') in 0.0148891 seconds
Number of updated asset objects reloaded before import = 0Number of asset objects unloaded after import = 1

========================================================================
Received Import Request.
  Time since last request: 0.000023 seconds.
  path: Assets/Oculus/VR/Editor/OpenXRFeatures/MetaXRFeatureEnabler.cs
  artifactKey: Guid(c9ed9d194773b414e8b0bdc8d6eadbfb) Importer(2089858483,192608db42251d675da83286b1cce702)
Start importing Assets/Oculus/VR/Editor/OpenXRFeatures/MetaXRFeatureEnabler.cs using Guid(c9ed9d194773b414e8b0bdc8d6eadbfb) Importer(2089858483,192608db42251d675da83286b1cce702) (ScriptedImporter) -> (artifact id: '2ae74ac0f8867986e06fde27bc9da6d6') in 0.0181835 seconds
Number of updated asset objects reloaded before import = 0Number of asset objects unloaded after import = 0

========================================================================
Received Import Request.
  Time since last request: 0.000036 seconds.
  path: Assets/Oculus/VR/Meshes/HandTracking/OculusHand_R.fbx
  artifactKey: Guid(88e2e1bfe11ec6c438b0ade27eaeded1) Importer(2089858483,192608db42251d675da83286b1cce702)
Start importing Assets/Oculus/VR/Meshes/HandTracking/OculusHand_R.fbx using Guid(88e2e1bfe11ec6c438b0ade27eaeded1) Importer(2089858483,192608db42251d675da83286b1cce702) (ScriptedImporter) -> (artifact id: '9fcf90c68b987e1e0babd6f1d710355f') in 0.0351514 seconds
Number of updated asset objects reloaded before import = 0Number of asset objects unloaded after import = 167

========================================================================
Received Import Request.
  Time since last request: 0.000015 seconds.
  path: Assets/Oculus/VR/Scripts/Util/OVRCursor.cs
  artifactKey: Guid(f2233ce673fcb9f41bd0753f867b7f70) Importer(2089858483,192608db42251d675da83286b1cce702)
Start importing Assets/Oculus/VR/Scripts/Util/OVRCursor.cs using Guid(f2233ce673fcb9f41bd0753f867b7f70) Importer(2089858483,192608db42251d675da83286b1cce702) (ScriptedImporter) -> (artifact id: '9e63c2598dc432974b5646b0d6819726') in 0.0151663 seconds
Number of updated asset objects reloaded before import = 0Number of asset objects unloaded after import = 0

========================================================================
Received Import Request.
  Time since last request: 0.000023 seconds.
  path: Assets/Oculus/VR/Textures/OculusTouchForQuestAndRiftS/OculusQuestTouchControllerTexture.tga
  artifactKey: Guid(a53d1d4e8207acf45b310f189c342b70) Importer(2089858483,192608db42251d675da83286b1cce702)
Start importing Assets/Oculus/VR/Textures/OculusTouchForQuestAndRiftS/OculusQuestTouchControllerTexture.tga using Guid(a53d1d4e8207acf45b310f189c342b70) Importer(2089858483,192608db42251d675da83286b1cce702) (ScriptedImporter) -> (artifact id: '940ba32797cfa677fe7ca5110cb7c71c') in 0.0251457 seconds
Number of updated asset objects reloaded before import = 0Number of asset objects unloaded after import = 1

========================================================================
Received Import Request.
  Time since last request: 0.000017 seconds.
  path: Assets/Oculus/VR/Scripts/Editor/OVREditorUIElements.cs
  artifactKey: Guid(2975e40846d349a688592b73d09cb809) Importer(2089858483,192608db42251d675da83286b1cce702)
Start importing Assets/Oculus/VR/Scripts/Editor/OVREditorUIElements.cs using Guid(2975e40846d349a688592b73d09cb809) Importer(2089858483,192608db42251d675da83286b1cce702) (ScriptedImporter) -> (artifact id: '4b5c86e4aefc885c28c8cb21998a1075') in 0.0174703 seconds
Number of updated asset objects reloaded before import = 0Number of asset objects unloaded after import = 0

========================================================================
Received Import Request.
  Time since last request: 0.000020 seconds.
  path: Assets/Oculus/AudioManager/Scripts/Audio/Editor/MixerSnapshotPropertyDrawer.cs
  artifactKey: Guid(82a91f30f2305c14dbfd2cc3c289dc59) Importer(2089858483,192608db42251d675da83286b1cce702)
Start importing Assets/Oculus/AudioManager/Scripts/Audio/Editor/MixerSnapshotPropertyDrawer.cs using Guid(82a91f30f2305c14dbfd2cc3c289dc59) Importer(2089858483,192608db42251d675da83286b1cce702) (ScriptedImporter) -> (artifact id: '7a5a0becfcbfa141a5b5970c7b45be1b') in 0.0160244 seconds
Number of updated asset objects reloaded before import = 0Number of asset objects unloaded after import = 0

========================================================================
Received Import Request.
  Time since last request: 0.000029 seconds.
  path: Assets/Oculus/VR/Scripts/OVRVirtualKeyboard/OVRVirtualKeyboardSampleControls.cs
  artifactKey: Guid(37bf64640c1708d45a7c15255f5fd55a) Importer(2089858483,192608db42251d675da83286b1cce702)
Start importing Assets/Oculus/VR/Scripts/OVRVirtualKeyboard/OVRVirtualKeyboardSampleControls.cs using Guid(37bf64640c1708d45a7c15255f5fd55a) Importer(2089858483,192608db42251d675da83286b1cce702) (ScriptedImporter) -> (artifact id: '93db6654fde816e3daee6e1b1e41ea79') in 0.0171501 seconds
Number of updated asset objects reloaded before import = 0Number of asset objects unloaded after import = 0

========================================================================
Received Import Request.
  Time since last request: 0.000032 seconds.
  path: Assets/Oculus/Spatializer/scenes/sounds/speech.wav
  artifactKey: Guid(2cfa96c21e4f54c20824bd26cd46c10f) Importer(2089858483,192608db42251d675da83286b1cce702)
Start importing Assets/Oculus/Spatializer/scenes/sounds/speech.wav using Guid(2cfa96c21e4f54c20824bd26cd46c10f) Importer(2089858483,192608db42251d675da83286b1cce702) (ScriptedImporter) -> (artifact id: '3ce1905e3832a8d2b67a1b7326b38f27') in 0.0357027 seconds
Number of updated asset objects reloaded before import = 0Number of asset objects unloaded after import = 1

========================================================================
Received Import Request.
  Time since last request: 0.000018 seconds.
  path: Assets/Oculus/VR/Meshes/OculusTouchForQuestAndRiftS/OculusTouchForQuestAndRiftS_Left.fbx
  artifactKey: Guid(32fbc8bcebb64584da5868aeeb086cda) Importer(2089858483,192608db42251d675da83286b1cce702)
Start importing Assets/Oculus/VR/Meshes/OculusTouchForQuestAndRiftS/OculusTouchForQuestAndRiftS_Left.fbx using Guid(32fbc8bcebb64584da5868aeeb086cda) Importer(2089858483,192608db42251d675da83286b1cce702) (ScriptedImporter) -> (artifact id: 'c8ba1bef6ac38486b99c01cbb905e8ff') in 0.059967 seconds
Number of updated asset objects reloaded before import = 0Number of asset objects unloaded after import = 49

========================================================================
Received Import Request.
  Time since last request: 0.000025 seconds.
  path: Assets/Oculus/VR/Editor/OpenXRFeatures/MetaXRFeatureSet.cs
  artifactKey: Guid(e754bcfe5884bbe4c9624274ffec8bac) Importer(2089858483,192608db42251d675da83286b1cce702)
Start importing Assets/Oculus/VR/Editor/OpenXRFeatures/MetaXRFeatureSet.cs using Guid(e754bcfe5884bbe4c9624274ffec8bac) Importer(2089858483,192608db42251d675da83286b1cce702) (ScriptedImporter) -> (artifact id: '644fbbc6eb5fbdff2210e1116e9a5b63') in 0.0172137 seconds
Number of updated asset objects reloaded before import = 0Number of asset objects unloaded after import = 0

========================================================================
Received Import Request.
  Time since last request: 0.000042 seconds.
  path: Assets/Oculus/VR/Scripts/Util/OVRNetwork.cs
  artifactKey: Guid(df7e9afcfd21ebd44951ca0eeb5cd692) Importer(2089858483,192608db42251d675da83286b1cce702)
Start importing Assets/Oculus/VR/Scripts/Util/OVRNetwork.cs using Guid(df7e9afcfd21ebd44951ca0eeb5cd692) Importer(2089858483,192608db42251d675da83286b1cce702) (ScriptedImporter) -> (artifact id: '6d056b2349a2fd4679a58abcbbad968c') in 0.0161029 seconds
Number of updated asset objects reloaded before import = 0Number of asset objects unloaded after import = 0

========================================================================
Received Import Request.
  Time since last request: 0.000018 seconds.
  path: Assets/Oculus/VR/Editor/Icons/ovr_icon_neutral.png
  artifactKey: Guid(b86d2628487bc0443833638cf94a2d8d) Importer(2089858483,192608db42251d675da83286b1cce702)
Start importing Assets/Oculus/VR/Editor/Icons/ovr_icon_neutral.png using Guid(b86d2628487bc0443833638cf94a2d8d) Importer(2089858483,192608db42251d675da83286b1cce702) (ScriptedImporter) -> (artifact id: '119aa21f275f259907d0bad29f788128') in 0.029531 seconds
Number of updated asset objects reloaded before import = 0Number of asset objects unloaded after import = 1

========================================================================
Received Import Request.
  Time since last request: 0.000036 seconds.
  path: Assets/Oculus/Spatializer/scenes/sounds/horse.ogg
  artifactKey: Guid(494bd1721199a40c5a79fa3011793556) Importer(2089858483,192608db42251d675da83286b1cce702)
Start importing Assets/Oculus/Spatializer/scenes/sounds/horse.ogg using Guid(494bd1721199a40c5a79fa3011793556) Importer(2089858483,192608db42251d675da83286b1cce702) (ScriptedImporter) -> (artifact id: '798e350b25c6800c3d156be8e32855b1') in 0.0389469 seconds
Number of updated asset objects reloaded before import = 0Number of asset objects unloaded after import = 1

========================================================================
Received Import Request.
  Time since last request: 0.000022 seconds.
  path: Assets/Oculus/VR/Meshes/MetaQuestTouchPlus/MetaQuestTouchPlus_Left.fbx
  artifactKey: Guid(2b1aaafc31655024394d83dc00911c1c) Importer(2089858483,192608db42251d675da83286b1cce702)
Start importing Assets/Oculus/VR/Meshes/MetaQuestTouchPlus/MetaQuestTouchPlus_Left.fbx using Guid(2b1aaafc31655024394d83dc00911c1c) Importer(2089858483,192608db42251d675da83286b1cce702) (ScriptedImporter) -> (artifact id: '44404f11209fce4773b731c88fde6ef6') in 0.0620855 seconds
Number of updated asset objects reloaded before import = 0Number of asset objects unloaded after import = 49

========================================================================
Received Import Request.
  Time since last request: 0.000027 seconds.
  path: Assets/Oculus/VR/Scripts/Util/OVRObjectPool.cs
  artifactKey: Guid(acabf7b7905ecaa4e8bc2cb28efaabcc) Importer(2089858483,192608db42251d675da83286b1cce702)
Start importing Assets/Oculus/VR/Scripts/Util/OVRObjectPool.cs using Guid(acabf7b7905ecaa4e8bc2cb28efaabcc) Importer(2089858483,192608db42251d675da83286b1cce702) (ScriptedImporter) -> (artifact id: '49dced702417835f0092260b793404c8') in 0.0173168 seconds
Number of updated asset objects reloaded before import = 0Number of asset objects unloaded after import = 0

========================================================================
Received Import Request.
  Time since last request: 0.000034 seconds.
  path: Assets/Oculus/Voice/Samples/ShapesConduit/Shapes With Conduit - WitConfiguration.asset
  artifactKey: Guid(726408f19c3acbb4bb59743d7fbcdf07) Importer(2089858483,192608db42251d675da83286b1cce702)
Start importing Assets/Oculus/Voice/Samples/ShapesConduit/Shapes With Conduit - WitConfiguration.asset using Guid(726408f19c3acbb4bb59743d7fbcdf07) Importer(2089858483,192608db42251d675da83286b1cce702) (ScriptedImporter) -> (artifact id: '6d70a9069eb140b5a8eea93f1070a937') in 0.0208789 seconds
Number of updated asset objects reloaded before import = 0Number of asset objects unloaded after import = 1

========================================================================
Received Import Request.
  Time since last request: 0.000021 seconds.
  path: Assets/Oculus/VR/Scripts/Editor/MetaXRSimulatorEnabler.cs
  artifactKey: Guid(e6431dd3b7073564ca2280d089483532) Importer(2089858483,192608db42251d675da83286b1cce702)
Start importing Assets/Oculus/VR/Scripts/Editor/MetaXRSimulatorEnabler.cs using Guid(e6431dd3b7073564ca2280d089483532) Importer(2089858483,192608db42251d675da83286b1cce702) (ScriptedImporter) -> (artifact id: '2fa7de2f7da6b7af760a8178437a632d') in 0.0154425 seconds
Number of updated asset objects reloaded before import = 0Number of asset objects unloaded after import = 0

========================================================================
Received Import Request.
  Time since last request: 0.000021 seconds.
  path: Assets/Oculus/VR/Editor/OVRProjectSetup/OVRProjectSetupDrawer.cs
  artifactKey: Guid(16be1d6ef5ab58848a7b44f62ab8d345) Importer(2089858483,192608db42251d675da83286b1cce702)
Start importing Assets/Oculus/VR/Editor/OVRProjectSetup/OVRProjectSetupDrawer.cs using Guid(16be1d6ef5ab58848a7b44f62ab8d345) Importer(2089858483,192608db42251d675da83286b1cce702) (ScriptedImporter) -> (artifact id: 'aef7fc11773dd1beec76aac81094a13f') in 0.0155935 seconds
Number of updated asset objects reloaded before import = 0Number of asset objects unloaded after import = 0

========================================================================
Received Import Request.
  Time since last request: 0.000016 seconds.
  path: Assets/Oculus/VR/Scripts/Util/OVRCubemapCapture.cs
  artifactKey: Guid(7a489178b0acf0147846b3873447beaf) Importer(2089858483,192608db42251d675da83286b1cce702)
Start importing Assets/Oculus/VR/Scripts/Util/OVRCubemapCapture.cs using Guid(7a489178b0acf0147846b3873447beaf) Importer(2089858483,192608db42251d675da83286b1cce702) (ScriptedImporter) -> (artifact id: '171de02cd3406ac0a05359e45710cc3b') in 0.0163437 seconds
Number of updated asset objects reloaded before import = 0Number of asset objects unloaded after import = 0

========================================================================
Received Import Request.
  Time since last request: 0.000016 seconds.
  path: Assets/Oculus/VR/Scripts/OVRTelemetry/OVRTelemetry.cs
  artifactKey: Guid(2910acaedb0d75342835391e582976d2) Importer(2089858483,192608db42251d675da83286b1cce702)
Start importing Assets/Oculus/VR/Scripts/OVRTelemetry/OVRTelemetry.cs using Guid(2910acaedb0d75342835391e582976d2) Importer(2089858483,192608db42251d675da83286b1cce702) (ScriptedImporter) -> (artifact id: '32ed52ab29091e3ca62d1404d21b8af0') in 0.0181502 seconds
Number of updated asset objects reloaded before import = 0Number of asset objects unloaded after import = 0

========================================================================
Received Import Request.
  Time since last request: 0.000021 seconds.
  path: Assets/Oculus/VR/Scripts/Util/OVRInputModule.cs
  artifactKey: Guid(8f1a9a1d119a5944aacfb87d1ec283a2) Importer(2089858483,192608db42251d675da83286b1cce702)
Start importing Assets/Oculus/VR/Scripts/Util/OVRInputModule.cs using Guid(8f1a9a1d119a5944aacfb87d1ec283a2) Importer(2089858483,192608db42251d675da83286b1cce702) (ScriptedImporter) -> (artifact id: '7a932886f468d285a2dbfc02924ba353') in 0.0167201 seconds
Number of updated asset objects reloaded before import = 0Number of asset objects unloaded after import = 0

========================================================================
Received Import Request.
  Time since last request: 0.000029 seconds.
  path: Assets/Oculus/VR/Scripts/Util/OVRRuntimeController.cs
  artifactKey: Guid(ed24508d182abcf4ba02d983e302d34e) Importer(2089858483,192608db42251d675da83286b1cce702)
Start importing Assets/Oculus/VR/Scripts/Util/OVRRuntimeController.cs using Guid(ed24508d182abcf4ba02d983e302d34e) Importer(2089858483,192608db42251d675da83286b1cce702) (ScriptedImporter) -> (artifact id: '28f36fcbd50f568a5efee955d6cd5b66') in 0.0151645 seconds
Number of updated asset objects reloaded before import = 0Number of asset objects unloaded after import = 0

========================================================================
Received Import Request.
  Time since last request: 0.000017 seconds.
  path: Assets/Oculus/VR/Textures/MetaQuestTouchPro/controller_l_lo_BaseColor.png
  artifactKey: Guid(d9ad590bd590c2d47b7034bbfc26813b) Importer(2089858483,192608db42251d675da83286b1cce702)
Start importing Assets/Oculus/VR/Textures/MetaQuestTouchPro/controller_l_lo_BaseColor.png using Guid(d9ad590bd590c2d47b7034bbfc26813b) Importer(2089858483,192608db42251d675da83286b1cce702) (ScriptedImporter) -> (artifact id: 'fa0f4fb8ca6e1e9981a0bd3ec101aefd') in 0.0332736 seconds
Number of updated asset objects reloaded before import = 0Number of asset objects unloaded after import = 1

========================================================================
Received Import Request.
  Time since last request: 0.000018 seconds.
  path: Assets/Oculus/Voice/Samples/LightTraits/LightTraits.unity
  artifactKey: Guid(f6550828a620ba34aba5738d783f1006) Importer(2089858483,192608db42251d675da83286b1cce702)
Start importing Assets/Oculus/Voice/Samples/LightTraits/LightTraits.unity using Guid(f6550828a620ba34aba5738d783f1006) Importer(2089858483,192608db42251d675da83286b1cce702) (ScriptedImporter) -> (artifact id: '0ecbf6c3c71be9e3d0be94b8b0263c75') in 0.0173559 seconds
Number of updated asset objects reloaded before import = 0Number of asset objects unloaded after import = 1

========================================================================
Received Import Request.
  Time since last request: 0.000015 seconds.
  path: Assets/Oculus/VR/Editor/OVRTelemetry/OVRTelemetryPopup.cs
  artifactKey: Guid(99cefe97ac8b6ef408823bd71e6f1ef4) Importer(2089858483,192608db42251d675da83286b1cce702)
Start importing Assets/Oculus/VR/Editor/OVRTelemetry/OVRTelemetryPopup.cs using Guid(99cefe97ac8b6ef408823bd71e6f1ef4) Importer(2089858483,192608db42251d675da83286b1cce702) (ScriptedImporter) -> (artifact id: '2aa82da77e0bfc8bbe6c89e73b8c2706') in 0.015956 seconds
Number of updated asset objects reloaded before import = 0Number of asset objects unloaded after import = 0

========================================================================
Received Import Request.
  Time since last request: 0.000021 seconds.
  path: Assets/Oculus/VR/Scripts/OVRVirtualKeyboard/OVRVirtualKeyboardControllerInputHandler.cs
  artifactKey: Guid(361ce7a1a5551c24badfb5e31a467aaf) Importer(2089858483,192608db42251d675da83286b1cce702)
Start importing Assets/Oculus/VR/Scripts/OVRVirtualKeyboard/OVRVirtualKeyboardControllerInputHandler.cs using Guid(361ce7a1a5551c24badfb5e31a467aaf) Importer(2089858483,192608db42251d675da83286b1cce702) (ScriptedImporter) -> (artifact id: 'a0908686461d5e7c62eebc6f1784b272') in 0.0159838 seconds
Number of updated asset objects reloaded before import = 0Number of asset objects unloaded after import = 0

========================================================================
Received Import Request.
  Time since last request: 0.000054 seconds.
  path: Assets/Oculus/VR/Scripts/Util/OVRSceneSampleController.cs
  artifactKey: Guid(4f07515ada089df47868559a20dd6783) Importer(2089858483,192608db42251d675da83286b1cce702)
Start importing Assets/Oculus/VR/Scripts/Util/OVRSceneSampleController.cs using Guid(4f07515ada089df47868559a20dd6783) Importer(2089858483,192608db42251d675da83286b1cce702) (ScriptedImporter) -> (artifact id: '3db7660dd7df46f8e351b53ac45d41ca') in 0.0155804 seconds
Number of updated asset objects reloaded before import = 0Number of asset objects unloaded after import = 0

========================================================================
Received Import Request.
  Time since last request: 0.000016 seconds.
  path: Assets/Oculus/VR/Shaders/OVRTrackedKeyboard/HandMask.shader
  artifactKey: Guid(96496359528875c4f87b57d6ee52723a) Importer(2089858483,192608db42251d675da83286b1cce702)
Start importing Assets/Oculus/VR/Shaders/OVRTrackedKeyboard/HandMask.shader using Guid(96496359528875c4f87b57d6ee52723a) Importer(2089858483,192608db42251d675da83286b1cce702) (ScriptedImporter) -> (artifact id: 'cd054a382579619e6123dcdd24fde832') in 0.0176694 seconds
Number of updated asset objects reloaded before import = 0Number of asset objects unloaded after import = 1

========================================================================
Received Import Request.
  Time since last request: 0.000020 seconds.
  path: Assets/Oculus/VR/Scripts/Util/OVRSpectatorModeDomeTest.cs
  artifactKey: Guid(c4f8903397a67414fbb142fa1bfacede) Importer(2089858483,192608db42251d675da83286b1cce702)
Start importing Assets/Oculus/VR/Scripts/Util/OVRSpectatorModeDomeTest.cs using Guid(c4f8903397a67414fbb142fa1bfacede) Importer(2089858483,192608db42251d675da83286b1cce702) (ScriptedImporter) -> (artifact id: '6cd62d2862d61c8997c75fb9ad89ca73') in 0.0170574 seconds
Number of updated asset objects reloaded before import = 0Number of asset objects unloaded after import = 0

========================================================================
Received Import Request.
  Time since last request: 0.000036 seconds.
  path: Assets/Oculus/Voice/Samples/LiveUnderstanding/Live Understanding - WitConfiguration.asset
  artifactKey: Guid(c0e2e0312d2a4094e8ec9d778f08e326) Importer(2089858483,192608db42251d675da83286b1cce702)
Start importing Assets/Oculus/Voice/Samples/LiveUnderstanding/Live Understanding - WitConfiguration.asset using Guid(c0e2e0312d2a4094e8ec9d778f08e326) Importer(2089858483,192608db42251d675da83286b1cce702) (ScriptedImporter) -> (artifact id: '7239159e59b576b1c980cc33718871e2') in 0.0215957 seconds
Number of updated asset objects reloaded before import = 0Number of asset objects unloaded after import = 1

========================================================================
Received Import Request.
  Time since last request: 0.000019 seconds.
  path: Assets/Oculus/VR/Scripts/Util/OVRProfiler.cs
  artifactKey: Guid(3303d4232ee59ac40a9fdc223870fbbc) Importer(2089858483,192608db42251d675da83286b1cce702)
Start importing Assets/Oculus/VR/Scripts/Util/OVRProfiler.cs using Guid(3303d4232ee59ac40a9fdc223870fbbc) Importer(2089858483,192608db42251d675da83286b1cce702) (ScriptedImporter) -> (artifact id: 'a981703ff0f2020a034a5bad78f58fa0') in 0.0170472 seconds
Number of updated asset objects reloaded before import = 0Number of asset objects unloaded after import = 0

========================================================================
Received Import Request.
  Time since last request: 0.000019 seconds.
  path: Assets/Oculus/VR/Editor/BuildingBlocks/BlockCreationWindow.cs
  artifactKey: Guid(90ee796f526790b44b5edcb71dc110e9) Importer(2089858483,192608db42251d675da83286b1cce702)
Start importing Assets/Oculus/VR/Editor/BuildingBlocks/BlockCreationWindow.cs using Guid(90ee796f526790b44b5edcb71dc110e9) Importer(2089858483,192608db42251d675da83286b1cce702) (ScriptedImporter) -> (artifact id: '3bf70fcf45d9b99192cb4e682590a3ce') in 0.0169334 seconds
Number of updated asset objects reloaded before import = 0Number of asset objects unloaded after import = 0

========================================================================
Received Import Request.
  Time since last request: 0.000036 seconds.
  path: Assets/Oculus/VR/Meshes/OculusTouchForQuest2/OculusTouchForQuest2_Left.fbx
  artifactKey: Guid(8b83018900d13bb4f8e0ad895cb004e5) Importer(2089858483,192608db42251d675da83286b1cce702)
Start importing Assets/Oculus/VR/Meshes/OculusTouchForQuest2/OculusTouchForQuest2_Left.fbx using Guid(8b83018900d13bb4f8e0ad895cb004e5) Importer(2089858483,192608db42251d675da83286b1cce702) (ScriptedImporter) -> (artifact id: '3a14aea407fd64f5b619da2ca0714512') in 0.0738065 seconds
Number of updated asset objects reloaded before import = 0Number of asset objects unloaded after import = 47

========================================================================
Received Import Request.
  Time since last request: 0.000015 seconds.
  path: Assets/Oculus/VR/Prefabs/OVRTrackedKeyboard/OVRTrackedKeyboard.prefab
  artifactKey: Guid(e9c36ab6506ab5b4bb79e26e150c8b4c) Importer(2089858483,192608db42251d675da83286b1cce702)
Start importing Assets/Oculus/VR/Prefabs/OVRTrackedKeyboard/OVRTrackedKeyboard.prefab using Guid(e9c36ab6506ab5b4bb79e26e150c8b4c) Importer(2089858483,192608db42251d675da83286b1cce702) (ScriptedImporter) -> (artifact id: '8a915947ef292cfa40d05557393c10fb') in 0.0493043 seconds
Number of updated asset objects reloaded before import = 0Number of asset objects unloaded after import = 493

========================================================================
Received Import Request.
  Time since last request: 0.000032 seconds.
  path: Assets/Oculus/Voice/Samples/TTSVoices/TTS Voices - WitConfiguration.asset
  artifactKey: Guid(6329e25e1005d4845b580a523e588979) Importer(2089858483,192608db42251d675da83286b1cce702)
Start importing Assets/Oculus/Voice/Samples/TTSVoices/TTS Voices - WitConfiguration.asset using Guid(6329e25e1005d4845b580a523e588979) Importer(2089858483,192608db42251d675da83286b1cce702) (ScriptedImporter) -> (artifact id: 'e015c34d0608772ff248b49a718ef6fc') in 0.0214896 seconds
Number of updated asset objects reloaded before import = 0Number of asset objects unloaded after import = 1

========================================================================
Received Import Request.
  Time since last request: 0.000032 seconds.
  path: Assets/Oculus/VR/Editor/Textures/mqdh_icon.png
  artifactKey: Guid(c4ad52725d16842dd8385d0264dda36c) Importer(2089858483,192608db42251d675da83286b1cce702)
Start importing Assets/Oculus/VR/Editor/Textures/mqdh_icon.png using Guid(c4ad52725d16842dd8385d0264dda36c) Importer(2089858483,192608db42251d675da83286b1cce702) (ScriptedImporter) -> (artifact id: 'ac8d947f089529636207e6434c17ac4c') in 0.0240368 seconds
Number of updated asset objects reloaded before import = 0Number of asset objects unloaded after import = 1

========================================================================
Received Import Request.
  Time since last request: 0.000029 seconds.
  path: Assets/Oculus/VR/Editor/OVRProjectSetup/OVRProjectSetupSettingItem.cs
  artifactKey: Guid(63422cd755014f419520a814453c957e) Importer(2089858483,192608db42251d675da83286b1cce702)
Start importing Assets/Oculus/VR/Editor/OVRProjectSetup/OVRProjectSetupSettingItem.cs using Guid(63422cd755014f419520a814453c957e) Importer(2089858483,192608db42251d675da83286b1cce702) (ScriptedImporter) -> (artifact id: '1e701c97efd46734aa91b662bd15fe98') in 0.0149524 seconds
Number of updated asset objects reloaded before import = 0Number of asset objects unloaded after import = 0

========================================================================
Received Import Request.
  Time since last request: 0.000023 seconds.
  path: Assets/Oculus/VR/Scripts/Util/OVRMeshRenderer.cs
  artifactKey: Guid(73eac66b128fc8749a21623225c34541) Importer(2089858483,192608db42251d675da83286b1cce702)
Start importing Assets/Oculus/VR/Scripts/Util/OVRMeshRenderer.cs using Guid(73eac66b128fc8749a21623225c34541) Importer(2089858483,192608db42251d675da83286b1cce702) (ScriptedImporter) -> (artifact id: '6389916b1695d0d8ae26a33b787db785') in 0.0135749 seconds
Number of updated asset objects reloaded before import = 0Number of asset objects unloaded after import = 0

========================================================================
Received Import Request.
  Time since last request: 0.000027 seconds.
  path: Assets/Oculus/VR/Editor/Icons/ovr_icon_warning.png
  artifactKey: Guid(ada9ebcdd54958743931f34f7469052a) Importer(2089858483,192608db42251d675da83286b1cce702)
Start importing Assets/Oculus/VR/Editor/Icons/ovr_icon_warning.png using Guid(ada9ebcdd54958743931f34f7469052a) Importer(2089858483,192608db42251d675da83286b1cce702) (ScriptedImporter) -> (artifact id: '7dafd2a23bd26e796eacb6c0aa1029d3') in 0.0217757 seconds
Number of updated asset objects reloaded before import = 0Number of asset objects unloaded after import = 1

========================================================================
Received Import Request.
  Time since last request: 0.000013 seconds.
  path: Assets/Oculus/VR/Scripts/Util/OVREnumerable.cs
  artifactKey: Guid(eb3d883f0f6745ccaa8ed10c8a8c206d) Importer(2089858483,192608db42251d675da83286b1cce702)
Start importing Assets/Oculus/VR/Scripts/Util/OVREnumerable.cs using Guid(eb3d883f0f6745ccaa8ed10c8a8c206d) Importer(2089858483,192608db42251d675da83286b1cce702) (ScriptedImporter) -> (artifact id: '60cef11b16e902b8c7932977f5accab4') in 0.0143008 seconds
Number of updated asset objects reloaded before import = 0Number of asset objects unloaded after import = 0

========================================================================
Received Import Request.
  Time since last request: 0.000015 seconds.
  path: Assets/Oculus/VR/Editor/OVRStatusMenu/OVRStatusMenu.cs
  artifactKey: Guid(2e8d57e725957044ca57999181b62621) Importer(2089858483,192608db42251d675da83286b1cce702)
Start importing Assets/Oculus/VR/Editor/OVRStatusMenu/OVRStatusMenu.cs using Guid(2e8d57e725957044ca57999181b62621) Importer(2089858483,192608db42251d675da83286b1cce702) (ScriptedImporter) -> (artifact id: 'a3b9dcb8a9e3ed8b5f794d63bd74fd73') in 0.0156691 seconds
Number of updated asset objects reloaded before import = 0Number of asset objects unloaded after import = 0

========================================================================
Received Import Request.
  Time since last request: 0.000019 seconds.
  path: Assets/Oculus/VR/Scripts/Editor/OVRProjectConfigEditor.cs
  artifactKey: Guid(950d95332920b814ea41df294856f96a) Importer(2089858483,192608db42251d675da83286b1cce702)
Start importing Assets/Oculus/VR/Scripts/Editor/OVRProjectConfigEditor.cs using Guid(950d95332920b814ea41df294856f96a) Importer(2089858483,192608db42251d675da83286b1cce702) (ScriptedImporter) -> (artifact id: '6927fccdd6a37425ce0fcabec66ca728') in 0.0136963 seconds
Number of updated asset objects reloaded before import = 0Number of asset objects unloaded after import = 0

========================================================================
Received Import Request.
  Time since last request: 0.000026 seconds.
  path: Assets/Oculus/VR/Editor/OVRTelemetry/OVREditorShutdown.cs
  artifactKey: Guid(80946f7f1ef81084d998df0943b117d6) Importer(2089858483,192608db42251d675da83286b1cce702)
Start importing Assets/Oculus/VR/Editor/OVRTelemetry/OVREditorShutdown.cs using Guid(80946f7f1ef81084d998df0943b117d6) Importer(2089858483,192608db42251d675da83286b1cce702) (ScriptedImporter) -> (artifact id: '10be9559ec7a74f0b1cbed43184ea80f') in 0.0153523 seconds
Number of updated asset objects reloaded before import = 0Number of asset objects unloaded after import = 0

========================================================================
Received Import Request.
  Time since last request: 0.000039 seconds.
  path: Assets/Oculus/VR/Scripts/Util/OVRResetOrientation.cs
  artifactKey: Guid(09bb0a17b6a704298b65be4fb08ef480) Importer(2089858483,192608db42251d675da83286b1cce702)
Start importing Assets/Oculus/VR/Scripts/Util/OVRResetOrientation.cs using Guid(09bb0a17b6a704298b65be4fb08ef480) Importer(2089858483,192608db42251d675da83286b1cce702) (ScriptedImporter) -> (artifact id: '31bb85827b45829195287ea53e07308a') in 0.0151843 seconds
Number of updated asset objects reloaded before import = 0Number of asset objects unloaded after import = 0

========================================================================
Received Import Request.
  Time since last request: 0.000016 seconds.
  path: Assets/Oculus/VR/Editor/Settings/OVRProjectSettingsProvider.cs
  artifactKey: Guid(39ca03d1ec3e6d2418dcd177dd35404b) Importer(2089858483,192608db42251d675da83286b1cce702)
Start importing Assets/Oculus/VR/Editor/Settings/OVRProjectSettingsProvider.cs using Guid(39ca03d1ec3e6d2418dcd177dd35404b) Importer(2089858483,192608db42251d675da83286b1cce702) (ScriptedImporter) -> (artifact id: '545786bdfbba9b242a91284609cb3127') in 0.0155675 seconds
Number of updated asset objects reloaded before import = 0Number of asset objects unloaded after import = 0

========================================================================
Received Import Request.
  Time since last request: 0.000016 seconds.
  path: Assets/Oculus/VR/Scripts/Util/OVRHand.cs
  artifactKey: Guid(cb7623a8f0b49cf4dbaa40aea4d4be64) Importer(2089858483,192608db42251d675da83286b1cce702)
Start importing Assets/Oculus/VR/Scripts/Util/OVRHand.cs using Guid(cb7623a8f0b49cf4dbaa40aea4d4be64) Importer(2089858483,192608db42251d675da83286b1cce702) (ScriptedImporter) -> (artifact id: '4d750ea1226e009070dd95ec16f5591a') in 0.0148007 seconds
Number of updated asset objects reloaded before import = 0Number of asset objects unloaded after import = 0

========================================================================
Received Import Request.
  Time since last request: 0.000015 seconds.
  path: Assets/Oculus/VR/Scripts/Util/OVRProfilerScope.cs
  artifactKey: Guid(9543f58e29dd4e78866a84f468672b25) Importer(2089858483,192608db42251d675da83286b1cce702)
Start importing Assets/Oculus/VR/Scripts/Util/OVRProfilerScope.cs using Guid(9543f58e29dd4e78866a84f468672b25) Importer(2089858483,192608db42251d675da83286b1cce702) (ScriptedImporter) -> (artifact id: '8a87e05efe8469efa506ab9db013b4e3') in 0.0145991 seconds
Number of updated asset objects reloaded before import = 0Number of asset objects unloaded after import = 0

========================================================================
Received Import Request.
  Time since last request: 0.000016 seconds.
  path: Assets/Oculus/VR/Editor/Icons/ovr_icon_documentation.png
  artifactKey: Guid(2f7b9be30da388641871c88e2b9de844) Importer(2089858483,192608db42251d675da83286b1cce702)
Start importing Assets/Oculus/VR/Editor/Icons/ovr_icon_documentation.png using Guid(2f7b9be30da388641871c88e2b9de844) Importer(2089858483,192608db42251d675da83286b1cce702) (ScriptedImporter) -> (artifact id: 'a85d8d797d031a6837bed4c38fae2509') in 0.0215906 seconds
Number of updated asset objects reloaded before import = 0Number of asset objects unloaded after import = 1

========================================================================
Received Import Request.
  Time since last request: 0.000019 seconds.
  path: Assets/Oculus/VR/Scripts/OVRTelemetry/OVRTelemetryConstants.cs
  artifactKey: Guid(0d9b29931a92f8c4ab7821d7bea55f2b) Importer(2089858483,192608db42251d675da83286b1cce702)
Start importing Assets/Oculus/VR/Scripts/OVRTelemetry/OVRTelemetryConstants.cs using Guid(0d9b29931a92f8c4ab7821d7bea55f2b) Importer(2089858483,192608db42251d675da83286b1cce702) (ScriptedImporter) -> (artifact id: '5de47c78626d8193f981a586002a587e') in 0.0140466 seconds
Number of updated asset objects reloaded before import = 0Number of asset objects unloaded after import = 0

========================================================================
Received Import Request.
  Time since last request: 0.027963 seconds.
  path: Assets/Oculus/AudioManager/Scripts/Utils/Editor/DrawerInspectorNote.cs
  artifactKey: Guid(f244e745a5bf8412d9d81d43dff35cf5) Importer(2089858483,192608db42251d675da83286b1cce702)
Start importing Assets/Oculus/AudioManager/Scripts/Utils/Editor/DrawerInspectorNote.cs using Guid(f244e745a5bf8412d9d81d43dff35cf5) Importer(2089858483,192608db42251d675da83286b1cce702) (ScriptedImporter) -> (artifact id: '73e935618460223e77b3d430f711da73') in 0.0124707 seconds
Number of updated asset objects reloaded before import = 0Number of asset objects unloaded after import = 0

========================================================================
Received Import Request.
  Time since last request: 0.000012 seconds.
  path: Assets/Oculus/Interaction/Runtime/Animations/Hands/IndexPoint_r_.anim
  artifactKey: Guid(86a31394bfe0b3e4b871676d471ef8c6) Importer(2089858483,192608db42251d675da83286b1cce702)
Start importing Assets/Oculus/Interaction/Runtime/Animations/Hands/IndexPoint_r_.anim using Guid(86a31394bfe0b3e4b871676d471ef8c6) Importer(2089858483,192608db42251d675da83286b1cce702) (ScriptedImporter) -> (artifact id: 'df0e2889425a43cde7a95e73123e18f2') in 0.0191373 seconds
Number of updated asset objects reloaded before import = 0Number of asset objects unloaded after import = 1

========================================================================
Received Import Request.
  Time since last request: 0.000014 seconds.
  path: Assets/Oculus/Interaction/Runtime/Prefabs/VelocityCalculators/HandVelocityCalculator.prefab
  artifactKey: Guid(2487a3ae4f1630d439ce4a3e9ac03c7b) Importer(2089858483,192608db42251d675da83286b1cce702)
Start importing Assets/Oculus/Interaction/Runtime/Prefabs/VelocityCalculators/HandVelocityCalculator.prefab using Guid(2487a3ae4f1630d439ce4a3e9ac03c7b) Importer(2089858483,192608db42251d675da83286b1cce702) (ScriptedImporter) -> (artifact id: '531b983fcbc59cb7252cd00e43625a85') in 0.0307677 seconds
Number of updated asset objects reloaded before import = 0Number of asset objects unloaded after import = 6

========================================================================
Received Import Request.
  Time since last request: 0.000011 seconds.
  path: Assets/Oculus/Interaction/OVRIntegration/Editor/UnityCanvas/OVRCanvasMeshRendererEditor.cs
  artifactKey: Guid(99515fe40d88cbc438e5059565d292ad) Importer(2089858483,192608db42251d675da83286b1cce702)
Start importing Assets/Oculus/Interaction/OVRIntegration/Editor/UnityCanvas/OVRCanvasMeshRendererEditor.cs using Guid(99515fe40d88cbc438e5059565d292ad) Importer(2089858483,192608db42251d675da83286b1cce702) (ScriptedImporter) -> (artifact id: 'c468f806da4aad7d43877122eece2362') in 0.0151726 seconds
Number of updated asset objects reloaded before import = 0Number of asset objects unloaded after import = 0

========================================================================
Received Import Request.
  Time since last request: 0.000018 seconds.
  path: Assets/Oculus/Interaction/Samples/Audio/Content/Interaction_BasicPoke_ToyButton_Release_02.wav
  artifactKey: Guid(9c588f7a6c8d16142bd78690b1f36fd5) Importer(2089858483,192608db42251d675da83286b1cce702)
Start importing Assets/Oculus/Interaction/Samples/Audio/Content/Interaction_BasicPoke_ToyButton_Release_02.wav using Guid(9c588f7a6c8d16142bd78690b1f36fd5) Importer(2089858483,192608db42251d675da83286b1cce702) (ScriptedImporter) -> (artifact id: 'b01ebe9df291eadbba5470ee96903731') in 0.0254222 seconds
Number of updated asset objects reloaded before import = 0Number of asset objects unloaded after import = 1

========================================================================
Received Import Request.
  Time since last request: 0.000030 seconds.
  path: Assets/Oculus/Interaction/Samples/Audio/Content/Interaction_BasicPoke_ToyButton_Release_01.wav
  artifactKey: Guid(1cb50a7de0f9f954b8b0c331fe898a8f) Importer(2089858483,192608db42251d675da83286b1cce702)
Start importing Assets/Oculus/Interaction/Samples/Audio/Content/Interaction_BasicPoke_ToyButton_Release_01.wav using Guid(1cb50a7de0f9f954b8b0c331fe898a8f) Importer(2089858483,192608db42251d675da83286b1cce702) (ScriptedImporter) -> (artifact id: '18066c32d3800bb264bfe01c460f4001') in 0.0299241 seconds
Number of updated asset objects reloaded before import = 0Number of asset objects unloaded after import = 1

========================================================================
Received Import Request.
  Time since last request: 0.000018 seconds.
  path: Assets/Oculus/Interaction/Runtime/Prefabs/Debug/TransformFeatureDebugVisual.prefab
  artifactKey: Guid(ec53f1dd35837b749a033d3c0efeec02) Importer(2089858483,192608db42251d675da83286b1cce702)
Start importing Assets/Oculus/Interaction/Runtime/Prefabs/Debug/TransformFeatureDebugVisual.prefab using Guid(ec53f1dd35837b749a033d3c0efeec02) Importer(2089858483,192608db42251d675da83286b1cce702) (ScriptedImporter) -> (artifact id: 'c33a7ab8c5c29e64313b45af1a4a6da8') in 0.0301338 seconds
Number of updated asset objects reloaded before import = 0Number of asset objects unloaded after import = 11

========================================================================
Received Import Request.
  Time since last request: 0.000014 seconds.
  path: Assets/Oculus/Interaction/Samples/Audio/Content/Interaction_Object_Resize_01.wav
  artifactKey: Guid(deddf0b6994a9b543a2b4ffd829e8cad) Importer(2089858483,192608db42251d675da83286b1cce702)
Start importing Assets/Oculus/Interaction/Samples/Audio/Content/Interaction_Object_Resize_01.wav using Guid(deddf0b6994a9b543a2b4ffd829e8cad) Importer(2089858483,192608db42251d675da83286b1cce702) (ScriptedImporter) -> (artifact id: 'd259a679bffb7ae5e5c0a774e307dd22') in 0.0259244 seconds
Number of updated asset objects reloaded before import = 0Number of asset objects unloaded after import = 1

========================================================================
Received Import Request.
  Time since last request: 0.000015 seconds.
  path: Assets/Oculus/Interaction/Runtime/Animations/Hands/ThumbUp_l_.anim
  artifactKey: Guid(d383e35b8d2f63f4f8258d5eadab871e) Importer(2089858483,192608db42251d675da83286b1cce702)
Start importing Assets/Oculus/Interaction/Runtime/Animations/Hands/ThumbUp_l_.anim using Guid(d383e35b8d2f63f4f8258d5eadab871e) Importer(2089858483,192608db42251d675da83286b1cce702) (ScriptedImporter) -> (artifact id: '8f36e385c40d9eb8dbb05aa52fdf83bc') in 0.0208253 seconds
Number of updated asset objects reloaded before import = 0Number of asset objects unloaded after import = 1

========================================================================
Received Import Request.
  Time since last request: 0.000019 seconds.
  path: Assets/Oculus/Interaction/Runtime/Prefabs/DistanceHandGrab/ControllerDistanceGrabInteractor.prefab
  artifactKey: Guid(86f711b02960d794b8c4ad0bcbf17527) Importer(2089858483,192608db42251d675da83286b1cce702)
Start importing Assets/Oculus/Interaction/Runtime/Prefabs/DistanceHandGrab/ControllerDistanceGrabInteractor.prefab using Guid(86f711b02960d794b8c4ad0bcbf17527) Importer(2089858483,192608db42251d675da83286b1cce702) (ScriptedImporter) -> (artifact id: 'cc7f07a5aaf610227f7d004b9caaa670') in 0.0275029 seconds
Number of updated asset objects reloaded before import = 0Number of asset objects unloaded after import = 16

========================================================================
Received Import Request.
  Time since last request: 0.000035 seconds.
  path: Assets/Oculus/Interaction/Runtime/Animations/Hands/HandFist_r_.anim
  artifactKey: Guid(8d4626841b2612b44bc7cba26d19e492) Importer(2089858483,192608db42251d675da83286b1cce702)
Start importing Assets/Oculus/Interaction/Runtime/Animations/Hands/HandFist_r_.anim using Guid(8d4626841b2612b44bc7cba26d19e492) Importer(2089858483,192608db42251d675da83286b1cce702) (ScriptedImporter) -> (artifact id: '4d2fd075a271a814d01e95a5449cd99a') in 0.0173846 seconds
Number of updated asset objects reloaded before import = 0Number of asset objects unloaded after import = 1

========================================================================
Received Import Request.
  Time since last request: 0.000019 seconds.
  path: Assets/Oculus/Interaction/Runtime/Prefabs/Hands/RightHandSynthetic.prefab
  artifactKey: Guid(237a83b022ba30a41906ffd8873eeb1e) Importer(2089858483,192608db42251d675da83286b1cce702)
Start importing Assets/Oculus/Interaction/Runtime/Prefabs/Hands/RightHandSynthetic.prefab using Guid(237a83b022ba30a41906ffd8873eeb1e) Importer(2089858483,192608db42251d675da83286b1cce702) (ScriptedImporter) -> (artifact id: '2c57e488a67c89d3dd5405eddc45e37e') in 0.0293948 seconds
Number of updated asset objects reloaded before import = 0Number of asset objects unloaded after import = 9

========================================================================
Received Import Request.
  Time since last request: 0.000017 seconds.
  path: Assets/Oculus/Interaction/Samples/Audio/Content/Interaction_BasicPoke_ToyButton_Release_03.wav
  artifactKey: Guid(ef4f51c9b55aa174e96e815bd0e7cbda) Importer(2089858483,192608db42251d675da83286b1cce702)
Start importing Assets/Oculus/Interaction/Samples/Audio/Content/Interaction_BasicPoke_ToyButton_Release_03.wav using Guid(ef4f51c9b55aa174e96e815bd0e7cbda) Importer(2089858483,192608db42251d675da83286b1cce702) (ScriptedImporter) -> (artifact id: '571c193fc0d51d2d604a04e3506c07c1') in 0.0278159 seconds
Number of updated asset objects reloaded before import = 0Number of asset objects unloaded after import = 1

========================================================================
Received Import Request.
  Time since last request: 0.000020 seconds.
  path: Assets/Oculus/Interaction/Editor/Grab/HandGrab/HandGrabInteractableEditor.cs
  artifactKey: Guid(e5ce7770848930447885c9abba8bb99a) Importer(2089858483,192608db42251d675da83286b1cce702)
Start importing Assets/Oculus/Interaction/Editor/Grab/HandGrab/HandGrabInteractableEditor.cs using Guid(e5ce7770848930447885c9abba8bb99a) Importer(2089858483,192608db42251d675da83286b1cce702) (ScriptedImporter) -> (artifact id: '3bacc9b5d8f9f691f929526321366a80') in 0.0182855 seconds
Number of updated asset objects reloaded before import = 0Number of asset objects unloaded after import = 0

========================================================================
Received Import Request.
  Time since last request: 0.000023 seconds.
  path: Assets/Oculus/Interaction/Runtime/Scripts/Unity/InteractableUnityEventWrapper.cs
  artifactKey: Guid(1464721f2283eb14e94a33e812b47be4) Importer(2089858483,192608db42251d675da83286b1cce702)
Start importing Assets/Oculus/Interaction/Runtime/Scripts/Unity/InteractableUnityEventWrapper.cs using Guid(1464721f2283eb14e94a33e812b47be4) Importer(2089858483,192608db42251d675da83286b1cce702) (ScriptedImporter) -> (artifact id: '34073c249bea82a4d8f10f41c3f55dd6') in 0.016736 seconds
Number of updated asset objects reloaded before import = 0Number of asset objects unloaded after import = 0

========================================================================
Received Import Request.
  Time since last request: 0.000032 seconds.
  path: Assets/Oculus/Interaction/Runtime/Scripts/PoseDetection/FeatureStateProvider.cs
  artifactKey: Guid(b2b0882e924a4f52b3cebb599b3fa0d1) Importer(2089858483,192608db42251d675da83286b1cce702)
Start importing Assets/Oculus/Interaction/Runtime/Scripts/PoseDetection/FeatureStateProvider.cs using Guid(b2b0882e924a4f52b3cebb599b3fa0d1) Importer(2089858483,192608db42251d675da83286b1cce702) (ScriptedImporter) -> (artifact id: 'a8d1d7910d8b3ec7078098b478ff623e') in 0.0171011 seconds
Number of updated asset objects reloaded before import = 0Number of asset objects unloaded after import = 0

========================================================================
Received Import Request.
  Time since last request: 0.000027 seconds.
  path: Assets/Oculus/Interaction/Runtime/Scripts/Shapes/CylinderSegment.cs
  artifactKey: Guid(c23ca7f7ac9dbac47a9117edc44df120) Importer(2089858483,192608db42251d675da83286b1cce702)
Start importing Assets/Oculus/Interaction/Runtime/Scripts/Shapes/CylinderSegment.cs using Guid(c23ca7f7ac9dbac47a9117edc44df120) Importer(2089858483,192608db42251d675da83286b1cce702) (ScriptedImporter) -> (artifact id: '3366aaa31aa9499e0449057e6d390f44') in 0.0179383 seconds
Number of updated asset objects reloaded before import = 0Number of asset objects unloaded after import = 0

========================================================================
Received Import Request.
  Time since last request: 0.000023 seconds.
  path: Assets/Oculus/Interaction/Runtime/Prefabs/Debug/TransformRecognizerDebugVisual.prefab
  artifactKey: Guid(1655dfcb8fc5f2b468db636edf92c279) Importer(2089858483,192608db42251d675da83286b1cce702)
Start importing Assets/Oculus/Interaction/Runtime/Prefabs/Debug/TransformRecognizerDebugVisual.prefab using Guid(1655dfcb8fc5f2b468db636edf92c279) Importer(2089858483,192608db42251d675da83286b1cce702) (ScriptedImporter) -> (artifact id: 'baba3016a52975c8518794d1e9e9301e') in 0.0550648 seconds
Number of updated asset objects reloaded before import = 0Number of asset objects unloaded after import = 25

========================================================================
Received Import Request.
  Time since last request: 0.000018 seconds.
  path: Assets/Oculus/Interaction/Runtime/Scripts/Unity/GrabbableUnityEventWrapper.cs
  artifactKey: Guid(4d9b5c66e8926c3428b6b217ac6373b0) Importer(2089858483,192608db42251d675da83286b1cce702)
Start importing Assets/Oculus/Interaction/Runtime/Scripts/Unity/GrabbableUnityEventWrapper.cs using Guid(4d9b5c66e8926c3428b6b217ac6373b0) Importer(2089858483,192608db42251d675da83286b1cce702) (ScriptedImporter) -> (artifact id: 'd4870925668a5d619ba7d6d5db3ff6aa') in 0.0159477 seconds
Number of updated asset objects reloaded before import = 0Number of asset objects unloaded after import = 0

========================================================================
Received Import Request.
  Time since last request: 0.000016 seconds.
  path: Assets/Oculus/Interaction/Runtime/Scripts/Collections/EnumerableHashSet.cs
  artifactKey: Guid(aaf955ff104833c44874f8763203ee16) Importer(2089858483,192608db42251d675da83286b1cce702)
Start importing Assets/Oculus/Interaction/Runtime/Scripts/Collections/EnumerableHashSet.cs using Guid(aaf955ff104833c44874f8763203ee16) Importer(2089858483,192608db42251d675da83286b1cce702) (ScriptedImporter) -> (artifact id: 'c23901ac68eabc8333cb3d84733009c9') in 0.0151051 seconds
Number of updated asset objects reloaded before import = 0Number of asset objects unloaded after import = 0

========================================================================
Received Import Request.
  Time since last request: 0.000027 seconds.
  path: Assets/Oculus/Interaction/Editor/Grab/SnapSurfaces/BoxGrabSurfaceEditor.cs
  artifactKey: Guid(baf3d860debef0947b62cdebdd94cb74) Importer(2089858483,192608db42251d675da83286b1cce702)
Start importing Assets/Oculus/Interaction/Editor/Grab/SnapSurfaces/BoxGrabSurfaceEditor.cs using Guid(baf3d860debef0947b62cdebdd94cb74) Importer(2089858483,192608db42251d675da83286b1cce702) (ScriptedImporter) -> (artifact id: 'c36865881fc68cf1fd9e2fa0ca10add2') in 0.0157942 seconds
Number of updated asset objects reloaded before import = 0Number of asset objects unloaded after import = 0

========================================================================
Received Import Request.
  Time since last request: 0.000016 seconds.
  path: Assets/Oculus/Interaction/Runtime/Resources/Shaders/Imposter_AlphaToMask.shader
  artifactKey: Guid(1c2965f850c1e0442ab582db916bbe66) Importer(2089858483,192608db42251d675da83286b1cce702)
Start importing Assets/Oculus/Interaction/Runtime/Resources/Shaders/Imposter_AlphaToMask.shader using Guid(1c2965f850c1e0442ab582db916bbe66) Importer(2089858483,192608db42251d675da83286b1cce702) (ScriptedImporter) -> (artifact id: 'cfc1a54c97d573b3f4b30aea97e82ab1') in 0.0153743 seconds
Number of updated asset objects reloaded before import = 0Number of asset objects unloaded after import = 1

========================================================================
Received Import Request.
  Time since last request: 0.000015 seconds.
  path: Assets/Oculus/Interaction/Samples/Audio/Content/Interaction_ComplexGrab_BoxClose_03.wav
  artifactKey: Guid(1d7fb3c7a39fe574798cf3697c8204fc) Importer(2089858483,192608db42251d675da83286b1cce702)
Start importing Assets/Oculus/Interaction/Samples/Audio/Content/Interaction_ComplexGrab_BoxClose_03.wav using Guid(1d7fb3c7a39fe574798cf3697c8204fc) Importer(2089858483,192608db42251d675da83286b1cce702) (ScriptedImporter) -> (artifact id: 'e7751478c42ef4d51e9fb5aeb8dc85c3') in 0.0258732 seconds
Number of updated asset objects reloaded before import = 0Number of asset objects unloaded after import = 1

========================================================================
Received Import Request.
  Time since last request: 0.000015 seconds.
  path: Assets/Oculus/Interaction/Samples/Audio/Content/Interaction_ComplexGrab_BoxOpen_01.wav
  artifactKey: Guid(016209c384f7c0748b3cc19f7b2ded43) Importer(2089858483,192608db42251d675da83286b1cce702)
Start importing Assets/Oculus/Interaction/Samples/Audio/Content/Interaction_ComplexGrab_BoxOpen_01.wav using Guid(016209c384f7c0748b3cc19f7b2ded43) Importer(2089858483,192608db42251d675da83286b1cce702) (ScriptedImporter) -> (artifact id: '51dc4844d2dd31eff1f5958cdc0fcb67') in 0.0296123 seconds
Number of updated asset objects reloaded before import = 0Number of asset objects unloaded after import = 1

========================================================================
Received Import Request.
  Time since last request: 0.000018 seconds.
  path: Assets/Oculus/Interaction/Runtime/ThirdParty/InterfaceSupport/InterfaceAttribute.cs
  artifactKey: Guid(548b4f28547edc44d95c20e74bcc8c70) Importer(2089858483,192608db42251d675da83286b1cce702)
Start importing Assets/Oculus/Interaction/Runtime/ThirdParty/InterfaceSupport/InterfaceAttribute.cs using Guid(548b4f28547edc44d95c20e74bcc8c70) Importer(2089858483,192608db42251d675da83286b1cce702) (ScriptedImporter) -> (artifact id: '57772dfb989597ee3a0e77e8642c3895') in 0.0144543 seconds
Number of updated asset objects reloaded before import = 0Number of asset objects unloaded after import = 0

========================================================================
Received Import Request.
  Time since last request: 0.000019 seconds.
  path: Assets/Oculus/Interaction/Runtime/Scripts/Throw/ControllerPoseInputDevice.cs
  artifactKey: Guid(05e1160b52479574a9092dd2fef44bfe) Importer(2089858483,192608db42251d675da83286b1cce702)
Start importing Assets/Oculus/Interaction/Runtime/Scripts/Throw/ControllerPoseInputDevice.cs using Guid(05e1160b52479574a9092dd2fef44bfe) Importer(2089858483,192608db42251d675da83286b1cce702) (ScriptedImporter) -> (artifact id: 'a373eba87de23844ea878cbf8653af8b') in 0.0135234 seconds
Number of updated asset objects reloaded before import = 0Number of asset objects unloaded after import = 0

========================================================================
Received Import Request.
  Time since last request: 0.000032 seconds.
  path: Assets/Oculus/Interaction/Runtime/Scripts/HandGlow/HandGrabGlow.cs
  artifactKey: Guid(b8667bbf66117438986bafc711f920ed) Importer(2089858483,192608db42251d675da83286b1cce702)
Start importing Assets/Oculus/Interaction/Runtime/Scripts/HandGlow/HandGrabGlow.cs using Guid(b8667bbf66117438986bafc711f920ed) Importer(2089858483,192608db42251d675da83286b1cce702) (ScriptedImporter) -> (artifact id: '4a7ae98285e2e2313ade2cbad8e7539f') in 0.0172993 seconds
Number of updated asset objects reloaded before import = 0Number of asset objects unloaded after import = 0

========================================================================
Received Import Request.
  Time since last request: 0.000012 seconds.
  path: Assets/Oculus/Interaction/Runtime/Scripts/Input/IAspectProvider.cs
  artifactKey: Guid(3a2c2e62a8a4dcc4fa940702596b345d) Importer(2089858483,192608db42251d675da83286b1cce702)
Start importing Assets/Oculus/Interaction/Runtime/Scripts/Input/IAspectProvider.cs using Guid(3a2c2e62a8a4dcc4fa940702596b345d) Importer(2089858483,192608db42251d675da83286b1cce702) (ScriptedImporter) -> (artifact id: '32a01cc241499ef57be469d6852f95a1') in 0.0132101 seconds
Number of updated asset objects reloaded before import = 0Number of asset objects unloaded after import = 0

========================================================================
Received Import Request.
  Time since last request: 0.000014 seconds.
  path: Assets/Oculus/Interaction/Runtime/Scripts/Throw/IPoseInputDevice.cs
  artifactKey: Guid(977ecdca40477174eb47996d9c8d700d) Importer(2089858483,192608db42251d675da83286b1cce702)
Start importing Assets/Oculus/Interaction/Runtime/Scripts/Throw/IPoseInputDevice.cs using Guid(977ecdca40477174eb47996d9c8d700d) Importer(2089858483,192608db42251d675da83286b1cce702) (ScriptedImporter) -> (artifact id: '6bd84a34ac622199b7efaa5d64f70ead') in 0.014464 seconds
Number of updated asset objects reloaded before import = 0Number of asset objects unloaded after import = 0

========================================================================
Received Import Request.
  Time since last request: 0.000014 seconds.
  path: Assets/Oculus/Interaction/Runtime/Plugins/MacIntel/InteractionSdk.dylib
  artifactKey: Guid(b73af7edbe1554827b32dbd3ab4233f1) Importer(2089858483,192608db42251d675da83286b1cce702)
Start importing Assets/Oculus/Interaction/Runtime/Plugins/MacIntel/InteractionSdk.dylib using Guid(b73af7edbe1554827b32dbd3ab4233f1) Importer(2089858483,192608db42251d675da83286b1cce702) (ScriptedImporter) -> (artifact id: '150d38f0fecc63314781c4900c41070d') in 0.0152938 seconds
Number of updated asset objects reloaded before import = 0Number of asset objects unloaded after import = 0

========================================================================
Received Import Request.
  Time since last request: 0.000015 seconds.
  path: Assets/Oculus/Interaction/Runtime/Animations/Hands/HandMidFist_l_.anim
  artifactKey: Guid(2a62eebed83b25b4b8f2c21b3281f62c) Importer(2089858483,192608db42251d675da83286b1cce702)
Start importing Assets/Oculus/Interaction/Runtime/Animations/Hands/HandMidFist_l_.anim using Guid(2a62eebed83b25b4b8f2c21b3281f62c) Importer(2089858483,192608db42251d675da83286b1cce702) (ScriptedImporter) -> (artifact id: '3b4f4fa7d789db1481246a1e50a53a34') in 0.0173702 seconds
Number of updated asset objects reloaded before import = 0Number of asset objects unloaded after import = 1

========================================================================
Received Import Request.
  Time since last request: 0.000022 seconds.
  path: Assets/Oculus/Interaction/Samples/Audio/Content/Interaction_BodyCaptureTimerTick.wav
  artifactKey: Guid(e93d0738f53d9744896acc621a330ff7) Importer(2089858483,192608db42251d675da83286b1cce702)
Start importing Assets/Oculus/Interaction/Samples/Audio/Content/Interaction_BodyCaptureTimerTick.wav using Guid(e93d0738f53d9744896acc621a330ff7) Importer(2089858483,192608db42251d675da83286b1cce702) (ScriptedImporter) -> (artifact id: '046aea2b21a76cf4fbde4aa86e461083') in 0.0255843 seconds
Number of updated asset objects reloaded before import = 0Number of asset objects unloaded after import = 1

========================================================================
Received Import Request.
  Time since last request: 0.000017 seconds.
  path: Assets/Oculus/Interaction/Runtime/Animations/Hands/Hand3qtrFist_r_.anim
  artifactKey: Guid(d2caa8b62d9cd644faeaecb80ea43226) Importer(2089858483,192608db42251d675da83286b1cce702)
Start importing Assets/Oculus/Interaction/Runtime/Animations/Hands/Hand3qtrFist_r_.anim using Guid(d2caa8b62d9cd644faeaecb80ea43226) Importer(2089858483,192608db42251d675da83286b1cce702) (ScriptedImporter) -> (artifact id: 'b2b9dd5e7b26929a061b050ec073a2e9') in 0.0164347 seconds
Number of updated asset objects reloaded before import = 0Number of asset objects unloaded after import = 1

========================================================================
Received Import Request.
  Time since last request: 0.000023 seconds.
  path: Assets/Oculus/Interaction/Runtime/Scripts/Input/IButton.cs
  artifactKey: Guid(6f0649520c797774c80446a44cd2ca2f) Importer(2089858483,192608db42251d675da83286b1cce702)
Start importing Assets/Oculus/Interaction/Runtime/Scripts/Input/IButton.cs using Guid(6f0649520c797774c80446a44cd2ca2f) Importer(2089858483,192608db42251d675da83286b1cce702) (ScriptedImporter) -> (artifact id: 'b4cb9a97ed2f19511663716ce1c220c8') in 0.0141168 seconds
Number of updated asset objects reloaded before import = 0Number of asset objects unloaded after import = 0

========================================================================
Received Import Request.
  Time since last request: 0.000015 seconds.
  path: Assets/Oculus/Interaction/Runtime/ThirdParty/Shaders/CapsuleRayIntersect.cginc
  artifactKey: Guid(8b8e04d4e8878b94cbd3df3067c790db) Importer(2089858483,192608db42251d675da83286b1cce702)
Start importing Assets/Oculus/Interaction/Runtime/ThirdParty/Shaders/CapsuleRayIntersect.cginc using Guid(8b8e04d4e8878b94cbd3df3067c790db) Importer(2089858483,192608db42251d675da83286b1cce702) (ScriptedImporter) -> (artifact id: '5069c0545f424dfa1a2e59c067883424') in 0.0154898 seconds
Number of updated asset objects reloaded before import = 0Number of asset objects unloaded after import = 1

========================================================================
Received Import Request.
  Time since last request: 0.000014 seconds.
  path: Assets/Oculus/Interaction/Runtime/Scripts/Unity/PointableCanvasUnityEventWrapper.cs
  artifactKey: Guid(f5626a0b1dc955a43be59ce7ea116678) Importer(2089858483,192608db42251d675da83286b1cce702)
Start importing Assets/Oculus/Interaction/Runtime/Scripts/Unity/PointableCanvasUnityEventWrapper.cs using Guid(f5626a0b1dc955a43be59ce7ea116678) Importer(2089858483,192608db42251d675da83286b1cce702) (ScriptedImporter) -> (artifact id: '2661c60c453a50856e4ebbb9f56d58d1') in 0.014187 seconds
Number of updated asset objects reloaded before import = 0Number of asset objects unloaded after import = 0

========================================================================
Received Import Request.
  Time since last request: 0.000013 seconds.
  path: Assets/Oculus/Interaction/Runtime/Scripts/MaterialProperties/DotGridProperties.cs
  artifactKey: Guid(e88dc9128cf44114596fb50087e9ee4f) Importer(2089858483,192608db42251d675da83286b1cce702)
Start importing Assets/Oculus/Interaction/Runtime/Scripts/MaterialProperties/DotGridProperties.cs using Guid(e88dc9128cf44114596fb50087e9ee4f) Importer(2089858483,192608db42251d675da83286b1cce702) (ScriptedImporter) -> (artifact id: '001a833741d3417807f12ea8bc010e19') in 0.0138787 seconds
Number of updated asset objects reloaded before import = 0Number of asset objects unloaded after import = 0

========================================================================
Received Import Request.
  Time since last request: 0.000016 seconds.
  path: Assets/Oculus/Interaction/Runtime/Scripts/PoseDetection/FingerFeatureProperties.cs
  artifactKey: Guid(6ef4951587e241c79251e9b88839be0d) Importer(2089858483,192608db42251d675da83286b1cce702)
Start importing Assets/Oculus/Interaction/Runtime/Scripts/PoseDetection/FingerFeatureProperties.cs using Guid(6ef4951587e241c79251e9b88839be0d) Importer(2089858483,192608db42251d675da83286b1cce702) (ScriptedImporter) -> (artifact id: '0388d6ba8995c9cee5cd0d57d05a45fa') in 0.013397 seconds
Number of updated asset objects reloaded before import = 0Number of asset objects unloaded after import = 0

========================================================================
Received Import Request.
  Time since last request: 0.000015 seconds.
  path: Assets/Oculus/Interaction/Runtime/Animations/Hands/Hand3qtrFist_l_.anim
  artifactKey: Guid(03b712ca2de00d845a4a8432ce8d7c1f) Importer(2089858483,192608db42251d675da83286b1cce702)
Start importing Assets/Oculus/Interaction/Runtime/Animations/Hands/Hand3qtrFist_l_.anim using Guid(03b712ca2de00d845a4a8432ce8d7c1f) Importer(2089858483,192608db42251d675da83286b1cce702) (ScriptedImporter) -> (artifact id: 'd66c081326840da53c2c509031cbbec9') in 0.0183722 seconds
Number of updated asset objects reloaded before import = 0Number of asset objects unloaded after import = 1

========================================================================
Received Import Request.
  Time since last request: 0.000015 seconds.
  path: Assets/Oculus/Interaction/Runtime/Scripts/PoseDetection/IFeatureStateThreshold.cs
  artifactKey: Guid(6152072e57cc4c7c87b467b1237dc8e0) Importer(2089858483,192608db42251d675da83286b1cce702)
Start importing Assets/Oculus/Interaction/Runtime/Scripts/PoseDetection/IFeatureStateThreshold.cs using Guid(6152072e57cc4c7c87b467b1237dc8e0) Importer(2089858483,192608db42251d675da83286b1cce702) (ScriptedImporter) -> (artifact id: '9cf49e8078f14bf03643f1c6370ba355') in 0.0259957 seconds
Number of updated asset objects reloaded before import = 0Number of asset objects unloaded after import = 0

========================================================================
Received Import Request.
  Time since last request: 0.000025 seconds.
  path: Assets/Oculus/Interaction/OVRIntegration/Runtime/Prefabs/OVRControllers.prefab
  artifactKey: Guid(fbfc588a949bb1a42b20e5bddc4cf8cf) Importer(2089858483,192608db42251d675da83286b1cce702)
Start importing Assets/Oculus/Interaction/OVRIntegration/Runtime/Prefabs/OVRControllers.prefab using Guid(fbfc588a949bb1a42b20e5bddc4cf8cf) Importer(2089858483,192608db42251d675da83286b1cce702) (ScriptedImporter) -> (artifact id: 'c0322ef9df5a7a6d357fd7c98d322039') in 0.032464 seconds
Number of updated asset objects reloaded before import = 0Number of asset objects unloaded after import = 570

========================================================================
Received Import Request.
  Time since last request: 0.000016 seconds.
  path: Assets/Oculus/Interaction/Runtime/Shaders/Locomotion/TransparentVertexTexture.shader
  artifactKey: Guid(faff192ad5862624d8a3be26ae4d15d6) Importer(2089858483,192608db42251d675da83286b1cce702)
Start importing Assets/Oculus/Interaction/Runtime/Shaders/Locomotion/TransparentVertexTexture.shader using Guid(faff192ad5862624d8a3be26ae4d15d6) Importer(2089858483,192608db42251d675da83286b1cce702) (ScriptedImporter) -> (artifact id: '4f38ba0fad1eefc6010a59724fa7a1a0') in 0.0129144 seconds
Number of updated asset objects reloaded before import = 0Number of asset objects unloaded after import = 1

========================================================================
Received Import Request.
  Time since last request: 0.000016 seconds.
  path: Assets/Oculus/Interaction/Runtime/Prefabs/TouchHandGrab/HandSphereMap.prefab
  artifactKey: Guid(738b9f333fadf6c46bb8417e623af83e) Importer(2089858483,192608db42251d675da83286b1cce702)
Start importing Assets/Oculus/Interaction/Runtime/Prefabs/TouchHandGrab/HandSphereMap.prefab using Guid(738b9f333fadf6c46bb8417e623af83e) Importer(2089858483,192608db42251d675da83286b1cce702) (ScriptedImporter) -> (artifact id: '8ec789f6f583cfd29ac721a51dda41d7') in 0.0161948 seconds
Number of updated asset objects reloaded before import = 0Number of asset objects unloaded after import = 4

========================================================================
Received Import Request.
  Time since last request: 0.000015 seconds.
  path: Assets/Oculus/Interaction/Runtime/Scripts/Grab/HandGrab.cs
  artifactKey: Guid(11ab679e1e048cf46b1357b0d4c1c824) Importer(2089858483,192608db42251d675da83286b1cce702)
Start importing Assets/Oculus/Interaction/Runtime/Scripts/Grab/HandGrab.cs using Guid(11ab679e1e048cf46b1357b0d4c1c824) Importer(2089858483,192608db42251d675da83286b1cce702) (ScriptedImporter) -> (artifact id: '22c0d4f0b2b3cd0e864375aa2cde8c2e') in 0.0128933 seconds
Number of updated asset objects reloaded before import = 0Number of asset objects unloaded after import = 0

========================================================================
Received Import Request.
  Time since last request: 0.000018 seconds.
  path: Assets/Oculus/Interaction/Runtime/Prefabs/Debug/ActiveStateDebugTreeNodeVertical.prefab
  artifactKey: Guid(e1bdcfaab96307149a62e5c148b5ced1) Importer(2089858483,192608db42251d675da83286b1cce702)
Start importing Assets/Oculus/Interaction/Runtime/Prefabs/Debug/ActiveStateDebugTreeNodeVertical.prefab using Guid(e1bdcfaab96307149a62e5c148b5ced1) Importer(2089858483,192608db42251d675da83286b1cce702) (ScriptedImporter) -> (artifact id: '4dab174a1392082c3dc5acaf35a865fa') in 0.0280929 seconds
Number of updated asset objects reloaded before import = 0Number of asset objects unloaded after import = 38

========================================================================
Received Import Request.
  Time since last request: 0.000023 seconds.
  path: Assets/Oculus/Interaction/Runtime/Scripts/PoseDetection/IFeatureThresholds.cs
  artifactKey: Guid(b736c28bc3ad4a639641c5c8f0fbd88d) Importer(2089858483,192608db42251d675da83286b1cce702)
Start importing Assets/Oculus/Interaction/Runtime/Scripts/PoseDetection/IFeatureThresholds.cs using Guid(b736c28bc3ad4a639641c5c8f0fbd88d) Importer(2089858483,192608db42251d675da83286b1cce702) (ScriptedImporter) -> (artifact id: '53bcbc37980c22213b331d3fe776b11e') in 0.0139071 seconds
Number of updated asset objects reloaded before import = 0Number of asset objects unloaded after import = 0

========================================================================
Received Import Request.
  Time since last request: 0.000069 seconds.
  path: Assets/Oculus/Interaction/Runtime/Prefabs/Debug/InteractableDebugVisual.prefab
  artifactKey: Guid(d8e7f9244f8318d4da7ca7c2f6a483db) Importer(2089858483,192608db42251d675da83286b1cce702)
Start importing Assets/Oculus/Interaction/Runtime/Prefabs/Debug/InteractableDebugVisual.prefab using Guid(d8e7f9244f8318d4da7ca7c2f6a483db) Importer(2089858483,192608db42251d675da83286b1cce702) (ScriptedImporter) -> (artifact id: 'ab54f2dbea050b86c792e6105e3e39f1') in 0.0197927 seconds
Number of updated asset objects reloaded before import = 0Number of asset objects unloaded after import = 7

========================================================================
Received Import Request.
  Time since last request: 0.000020 seconds.
  path: Assets/Oculus/Interaction/Runtime/Animations/Hands/HandController_r_.controller
  artifactKey: Guid(dbd7e2355cd6f804bbe6c4244e38443a) Importer(2089858483,192608db42251d675da83286b1cce702)
Start importing Assets/Oculus/Interaction/Runtime/Animations/Hands/HandController_r_.controller using Guid(dbd7e2355cd6f804bbe6c4244e38443a) Importer(2089858483,192608db42251d675da83286b1cce702) (ScriptedImporter) -> (artifact id: '16da0a149d09a1fa0db7bf140b4cac1b') in 0.0250137 seconds
Number of updated asset objects reloaded before import = 0Number of asset objects unloaded after import = 19

========================================================================
Received Import Request.
  Time since last request: 0.000015 seconds.
  path: Assets/Oculus/Interaction/Runtime/Scripts/Grab/FingerPalmGrabAPI.cs
  artifactKey: Guid(df4b2f3ffa2d8a04eb0badc7bfd33a41) Importer(2089858483,192608db42251d675da83286b1cce702)
Start importing Assets/Oculus/Interaction/Runtime/Scripts/Grab/FingerPalmGrabAPI.cs using Guid(df4b2f3ffa2d8a04eb0badc7bfd33a41) Importer(2089858483,192608db42251d675da83286b1cce702) (ScriptedImporter) -> (artifact id: 'f0682321e6492590954517e100ff1934') in 0.0142733 seconds
Number of updated asset objects reloaded before import = 0Number of asset objects unloaded after import = 0

========================================================================
Received Import Request.
  Time since last request: 0.000014 seconds.
  path: Assets/Oculus/Interaction/Runtime/DefaultSettings/HandFilter/HighSmoothing.asset
  artifactKey: Guid(87a1f4cc77e31464984f4aebc24e16b9) Importer(2089858483,192608db42251d675da83286b1cce702)
Start importing Assets/Oculus/Interaction/Runtime/DefaultSettings/HandFilter/HighSmoothing.asset using Guid(87a1f4cc77e31464984f4aebc24e16b9) Importer(2089858483,192608db42251d675da83286b1cce702) (ScriptedImporter) -> (artifact id: 'b3fe83596dc416681dca1fd4aa021291') in 0.0183754 seconds
Number of updated asset objects reloaded before import = 0Number of asset objects unloaded after import = 1

========================================================================
Received Import Request.
  Time since last request: 0.000047 seconds.
  path: Assets/Oculus/Interaction/Runtime/Scripts/PoseDetection/TransformFeatureProperties.cs
  artifactKey: Guid(8d8fbcf2f8f5475fa39c11050b34cdab) Importer(2089858483,192608db42251d675da83286b1cce702)
Start importing Assets/Oculus/Interaction/Runtime/Scripts/PoseDetection/TransformFeatureProperties.cs using Guid(8d8fbcf2f8f5475fa39c11050b34cdab) Importer(2089858483,192608db42251d675da83286b1cce702) (ScriptedImporter) -> (artifact id: '0855761167265c735d9c92dcabb629fd') in 0.0155257 seconds
Number of updated asset objects reloaded before import = 0Number of asset objects unloaded after import = 0

========================================================================
Received Import Request.
  Time since last request: 0.000017 seconds.
  path: Assets/Oculus/Interaction/Runtime/Plugins/Win64/InteractionSdk.dll
  artifactKey: Guid(d83d7a4a8e31c7444b693f4c4f31f752) Importer(2089858483,192608db42251d675da83286b1cce702)
Start importing Assets/Oculus/Interaction/Runtime/Plugins/Win64/InteractionSdk.dll using Guid(d83d7a4a8e31c7444b693f4c4f31f752) Importer(2089858483,192608db42251d675da83286b1cce702) (ScriptedImporter) -> (artifact id: 'f64edd8b3d0a743c756269c060f68f82') in 0.0147513 seconds
Number of updated asset objects reloaded before import = 0Number of asset objects unloaded after import = 0

========================================================================
Received Import Request.
  Time since last request: 0.000025 seconds.
  path: Assets/Oculus/Interaction/Editor/Grab/HandGrab/DistanceHandGrabInteractableEditor.cs
  artifactKey: Guid(fbb2e01d7c7a6904eaa71da7a854bfad) Importer(2089858483,192608db42251d675da83286b1cce702)
Start importing Assets/Oculus/Interaction/Editor/Grab/HandGrab/DistanceHandGrabInteractableEditor.cs using Guid(fbb2e01d7c7a6904eaa71da7a854bfad) Importer(2089858483,192608db42251d675da83286b1cce702) (ScriptedImporter) -> (artifact id: '580df2ad5ee8c66d5f0d0a20b4acbdab') in 0.0133125 seconds
Number of updated asset objects reloaded before import = 0Number of asset objects unloaded after import = 0

========================================================================
Received Import Request.
  Time since last request: 0.000021 seconds.
  path: Assets/Oculus/Interaction/Runtime/Prefabs/Locomotion/ControllerTurnerInteractor.prefab
  artifactKey: Guid(122968827794c2b499a4451e4a8fa2ca) Importer(2089858483,192608db42251d675da83286b1cce702)
Start importing Assets/Oculus/Interaction/Runtime/Prefabs/Locomotion/ControllerTurnerInteractor.prefab using Guid(122968827794c2b499a4451e4a8fa2ca) Importer(2089858483,192608db42251d675da83286b1cce702) (ScriptedImporter) -> (artifact id: '176c243933f9291197cd57e043d70e0a') in 0.0240532 seconds
Number of updated asset objects reloaded before import = 0Number of asset objects unloaded after import = 6

========================================================================
Received Import Request.
  Time since last request: 0.000015 seconds.
  path: Assets/Oculus/Interaction/Runtime/Scripts/Extensions/TransformExtensions.cs
  artifactKey: Guid(0efedf2e13db9f24c88029611537cf97) Importer(2089858483,192608db42251d675da83286b1cce702)
Start importing Assets/Oculus/Interaction/Runtime/Scripts/Extensions/TransformExtensions.cs using Guid(0efedf2e13db9f24c88029611537cf97) Importer(2089858483,192608db42251d675da83286b1cce702) (ScriptedImporter) -> (artifact id: '358f4be05cd878b7a3c846fb29fe9154') in 0.0135404 seconds
Number of updated asset objects reloaded before import = 0Number of asset objects unloaded after import = 0

========================================================================
Received Import Request.
  Time since last request: 0.000013 seconds.
  path: Assets/Oculus/Interaction/Runtime/Scripts/PoseDetection/FeatureDescription.cs
  artifactKey: Guid(53118e1a377b4b6685ca776f1d23ca3b) Importer(2089858483,192608db42251d675da83286b1cce702)
Start importing Assets/Oculus/Interaction/Runtime/Scripts/PoseDetection/FeatureDescription.cs using Guid(53118e1a377b4b6685ca776f1d23ca3b) Importer(2089858483,192608db42251d675da83286b1cce702) (ScriptedImporter) -> (artifact id: 'cbf9a69297b1167ac9c03393c8085706') in 0.0147751 seconds
Number of updated asset objects reloaded before import = 0Number of asset objects unloaded after import = 0

========================================================================
Received Import Request.
  Time since last request: 0.000015 seconds.
  path: Assets/Oculus/Interaction/Samples/Audio/Content/Interaction_DistanceGrab_Unhover.wav
  artifactKey: Guid(313d3ca4b490fdd4db2f077f19fb883c) Importer(2089858483,192608db42251d675da83286b1cce702)
Start importing Assets/Oculus/Interaction/Samples/Audio/Content/Interaction_DistanceGrab_Unhover.wav using Guid(313d3ca4b490fdd4db2f077f19fb883c) Importer(2089858483,192608db42251d675da83286b1cce702) (ScriptedImporter) -> (artifact id: '54edba905bc6bb3e4308fc602f9bb81a') in 0.023396 seconds
Number of updated asset objects reloaded before import = 0Number of asset objects unloaded after import = 1

========================================================================
Received Import Request.
  Time since last request: 0.000026 seconds.
  path: Assets/Oculus/Interaction/Runtime/Scripts/Shapes/ICurvedPlane.cs
  artifactKey: Guid(b3e62bf8c01ea344dbf0dc14ba2ca9bd) Importer(2089858483,192608db42251d675da83286b1cce702)
Start importing Assets/Oculus/Interaction/Runtime/Scripts/Shapes/ICurvedPlane.cs using Guid(b3e62bf8c01ea344dbf0dc14ba2ca9bd) Importer(2089858483,192608db42251d675da83286b1cce702) (ScriptedImporter) -> (artifact id: 'e1a2ea04821b37909a1da03b614bd1e3') in 0.0150247 seconds
Number of updated asset objects reloaded before import = 0Number of asset objects unloaded after import = 0

========================================================================
Received Import Request.
  Time since last request: 0.000022 seconds.
  path: Assets/Oculus/Interaction/Runtime/Prefabs/Debug/ActiveStateDebugTree.prefab
  artifactKey: Guid(dc0992b1665af9548996ae6d0807dbed) Importer(2089858483,192608db42251d675da83286b1cce702)
Start importing Assets/Oculus/Interaction/Runtime/Prefabs/Debug/ActiveStateDebugTree.prefab using Guid(dc0992b1665af9548996ae6d0807dbed) Importer(2089858483,192608db42251d675da83286b1cce702) (ScriptedImporter) -> (artifact id: 'bdc4b3425a3fe7df4568560258b0f65d') in 0.0374718 seconds
Number of updated asset objects reloaded before import = 0Number of asset objects unloaded after import = 54

========================================================================
Received Import Request.
  Time since last request: 0.000021 seconds.
  path: Assets/Oculus/Interaction/Runtime/Scripts/Grab/FingerRawPinchAPI.cs
  artifactKey: Guid(e600c87acd7d57041b18b00b86842221) Importer(2089858483,192608db42251d675da83286b1cce702)
Start importing Assets/Oculus/Interaction/Runtime/Scripts/Grab/FingerRawPinchAPI.cs using Guid(e600c87acd7d57041b18b00b86842221) Importer(2089858483,192608db42251d675da83286b1cce702) (ScriptedImporter) -> (artifact id: 'f4ebb12cccaec17e8ca0b1c77fdf3934') in 0.013597 seconds
Number of updated asset objects reloaded before import = 0Number of asset objects unloaded after import = 0

========================================================================
Received Import Request.
  Time since last request: 0.000016 seconds.
  path: Assets/Oculus/Interaction/Samples/Audio/Prefabs/DistanceGrabPullAudio.prefab
  artifactKey: Guid(d16133c9c679fed4d9ee5dc47a5a11b9) Importer(2089858483,192608db42251d675da83286b1cce702)
Start importing Assets/Oculus/Interaction/Samples/Audio/Prefabs/DistanceGrabPullAudio.prefab using Guid(d16133c9c679fed4d9ee5dc47a5a11b9) Importer(2089858483,192608db42251d675da83286b1cce702) (ScriptedImporter) -> (artifact id: 'f96d0d5aae37f39d1f17c8359ca5e331') in 0.042079 seconds
Number of updated asset objects reloaded before import = 0Number of asset objects unloaded after import = 7

========================================================================
Received Import Request.
  Time since last request: 0.000024 seconds.
  path: Assets/Oculus/SampleFramework/Core/CustomHands/Animations/l_hand_cap_touch_index_mask_anim.fbx
  artifactKey: Guid(8f30ac6cbbbe39d43886ad7626f7e2b2) Importer(2089858483,192608db42251d675da83286b1cce702)
Start importing Assets/Oculus/SampleFramework/Core/CustomHands/Animations/l_hand_cap_touch_index_mask_anim.fbx using Guid(8f30ac6cbbbe39d43886ad7626f7e2b2) Importer(2089858483,192608db42251d675da83286b1cce702) (ScriptedImporter) -> (artifact id: '5fc199fc878b849c0a2da77403ce40a0') in 0.0200472 seconds
Number of updated asset objects reloaded before import = 0Number of asset objects unloaded after import = 55

========================================================================
Received Import Request.
  Time since last request: 0.000066 seconds.
  path: Assets/Oculus/Interaction/Samples/Prefabs/HandPose/LPose.prefab
  artifactKey: Guid(e5743c2e48945e149af1e6410d886c4c) Importer(2089858483,192608db42251d675da83286b1cce702)
Start importing Assets/Oculus/Interaction/Samples/Prefabs/HandPose/LPose.prefab using Guid(e5743c2e48945e149af1e6410d886c4c) Importer(2089858483,192608db42251d675da83286b1cce702) (ScriptedImporter) -> (artifact id: 'f3e07eb883461853b0ec414a3f9c31d7') in 0.0257577 seconds
Number of updated asset objects reloaded before import = 0Number of asset objects unloaded after import = 11

========================================================================
Received Import Request.
  Time since last request: 0.000096 seconds.
  path: Assets/Oculus/Interaction/Samples/Scenes/Examples/HandGrabExamples.unity
  artifactKey: Guid(39ae0e546b9edc0408d3b11c6a7c2814) Importer(2089858483,192608db42251d675da83286b1cce702)
Start importing Assets/Oculus/Interaction/Samples/Scenes/Examples/HandGrabExamples.unity using Guid(39ae0e546b9edc0408d3b11c6a7c2814) Importer(2089858483,192608db42251d675da83286b1cce702) (ScriptedImporter) -> (artifact id: 'e7238a1fae96c0fa185184a68770812b') in 0.0189728 seconds
Number of updated asset objects reloaded before import = 0Number of asset objects unloaded after import = 1

========================================================================
Received Import Request.
  Time since last request: 0.000016 seconds.
  path: Assets/Oculus/SampleFramework/Core/CustomHands/Animations/l_hand_point_anim.fbx
  artifactKey: Guid(7a701167f3382f3469c311bb308142af) Importer(2089858483,192608db42251d675da83286b1cce702)
Start importing Assets/Oculus/SampleFramework/Core/CustomHands/Animations/l_hand_point_anim.fbx using Guid(7a701167f3382f3469c311bb308142af) Importer(2089858483,192608db42251d675da83286b1cce702) (ScriptedImporter) -> (artifact id: 'b8d5c08d7abdc1b53d5e52077ea1dfe9') in 0.0191144 seconds
Number of updated asset objects reloaded before import = 0Number of asset objects unloaded after import = 55

========================================================================
Received Import Request.
  Time since last request: 0.000026 seconds.
  path: Assets/Oculus/SampleFramework/Core/CustomHands/Animations/r_hand_relax_mid_fist_anim.fbx
  artifactKey: Guid(3c1e2504e79f7a242a8a0c8a4add2578) Importer(2089858483,192608db42251d675da83286b1cce702)
Start importing Assets/Oculus/SampleFramework/Core/CustomHands/Animations/r_hand_relax_mid_fist_anim.fbx using Guid(3c1e2504e79f7a242a8a0c8a4add2578) Importer(2089858483,192608db42251d675da83286b1cce702) (ScriptedImporter) -> (artifact id: '43ed24f927a51b591f71c60c609ca301') in 0.0271253 seconds
Number of updated asset objects reloaded before import = 0Number of asset objects unloaded after import = 55

========================================================================
Received Import Request.
  Time since last request: 0.000016 seconds.
  path: Assets/Oculus/Interaction/Samples/Audio/Prefabs/BasicRayReleaseAudio.prefab
  artifactKey: Guid(633677e3089b41b40acda7f29811eb9d) Importer(2089858483,192608db42251d675da83286b1cce702)
Start importing Assets/Oculus/Interaction/Samples/Audio/Prefabs/BasicRayReleaseAudio.prefab using Guid(633677e3089b41b40acda7f29811eb9d) Importer(2089858483,192608db42251d675da83286b1cce702) (ScriptedImporter) -> (artifact id: 'ff221386e48194c29910b855b9d1c0dd') in 0.0168073 seconds
Number of updated asset objects reloaded before import = 0Number of asset objects unloaded after import = 7

========================================================================
Received Import Request.
  Time since last request: 0.000012 seconds.
  path: Assets/Oculus/SampleFramework/Core/CustomHands/Animations/l_hand_squirtgun_squeeze.fbx
  artifactKey: Guid(808dcbebdf91d4538b1a35ab4f5a5684) Importer(2089858483,192608db42251d675da83286b1cce702)
Start importing Assets/Oculus/SampleFramework/Core/CustomHands/Animations/l_hand_squirtgun_squeeze.fbx using Guid(808dcbebdf91d4538b1a35ab4f5a5684) Importer(2089858483,192608db42251d675da83286b1cce702) (ScriptedImporter) -> (artifact id: 'd03a20a1427cbd1bd326412f210e069b') in 0.0255421 seconds
Number of updated asset objects reloaded before import = 0Number of asset objects unloaded after import = 57

========================================================================
Received Import Request.
  Time since last request: 0.000016 seconds.
  path: Assets/Oculus/Interaction/Samples/Prefabs/HandPose/ThumbsUpPose.prefab
  artifactKey: Guid(ce9491a5df028fd4ca0a5130dbaa4fec) Importer(2089858483,192608db42251d675da83286b1cce702)
Start importing Assets/Oculus/Interaction/Samples/Prefabs/HandPose/ThumbsUpPose.prefab using Guid(ce9491a5df028fd4ca0a5130dbaa4fec) Importer(2089858483,192608db42251d675da83286b1cce702) (ScriptedImporter) -> (artifact id: 'fa085e1bd1f21b5290b95a70b0a083e8') in 0.0228769 seconds
Number of updated asset objects reloaded before import = 0Number of asset objects unloaded after import = 13

========================================================================
Received Import Request.
  Time since last request: 0.000024 seconds.
  path: Assets/Oculus/Interaction/Samples/Audio/Content/Interaction_PoseDetection_Scissors_01.wav
  artifactKey: Guid(35700466f1688cb488905b1899b92552) Importer(2089858483,192608db42251d675da83286b1cce702)
Start importing Assets/Oculus/Interaction/Samples/Audio/Content/Interaction_PoseDetection_Scissors_01.wav using Guid(35700466f1688cb488905b1899b92552) Importer(2089858483,192608db42251d675da83286b1cce702) (ScriptedImporter) -> (artifact id: '423daefe34f92e5f4edde64175b57a69') in 0.0275166 seconds
Number of updated asset objects reloaded before import = 0Number of asset objects unloaded after import = 1

========================================================================
Received Import Request.
  Time since last request: 0.000017 seconds.
  path: Assets/Oculus/Interaction/Samples/Audio/Content/Interaction_PoseDetection_Paper_03.wav
  artifactKey: Guid(eec1a4e0cb9cf3d4a881837e7a165919) Importer(2089858483,192608db42251d675da83286b1cce702)
Start importing Assets/Oculus/Interaction/Samples/Audio/Content/Interaction_PoseDetection_Paper_03.wav using Guid(eec1a4e0cb9cf3d4a881837e7a165919) Importer(2089858483,192608db42251d675da83286b1cce702) (ScriptedImporter) -> (artifact id: '2fbddc8362933e2ebf6072a920810a22') in 0.0268179 seconds
Number of updated asset objects reloaded before import = 0Number of asset objects unloaded after import = 1

========================================================================
Received Import Request.
  Time since last request: 0.000015 seconds.
  path: Assets/Oculus/Interaction/Samples/Scenes/Examples/TouchGrabExamples.unity
  artifactKey: Guid(ade7d3882b4495145a8fe79f5624beab) Importer(2089858483,192608db42251d675da83286b1cce702)
Start importing Assets/Oculus/Interaction/Samples/Scenes/Examples/TouchGrabExamples.unity using Guid(ade7d3882b4495145a8fe79f5624beab) Importer(2089858483,192608db42251d675da83286b1cce702) (ScriptedImporter) -> (artifact id: 'fd66b2c6eb4701adab6515e43fc342c2') in 0.0214572 seconds
Number of updated asset objects reloaded before import = 0Number of asset objects unloaded after import = 1

========================================================================
Received Import Request.
  Time since last request: 0.000031 seconds.
  path: Assets/Oculus/Interaction/Samples/Scenes/Features/DebugPoke.unity
  artifactKey: Guid(acb3321847c599949acfd36b778e1f7a) Importer(2089858483,192608db42251d675da83286b1cce702)
Start importing Assets/Oculus/Interaction/Samples/Scenes/Features/DebugPoke.unity using Guid(acb3321847c599949acfd36b778e1f7a) Importer(2089858483,192608db42251d675da83286b1cce702) (ScriptedImporter) -> (artifact id: 'b455e3c622f996d6012ab3c0a5fb9e03') in 0.019626 seconds
Number of updated asset objects reloaded before import = 0Number of asset objects unloaded after import = 1

========================================================================
Received Import Request.
  Time since last request: 0.000014 seconds.
  path: Assets/Oculus/Platform/Samples/VrHoops/Scripts/MatchController.cs
  artifactKey: Guid(5e31d7fbc2f31b7499684c9e87fc8454) Importer(2089858483,192608db42251d675da83286b1cce702)
Start importing Assets/Oculus/Platform/Samples/VrHoops/Scripts/MatchController.cs using Guid(5e31d7fbc2f31b7499684c9e87fc8454) Importer(2089858483,192608db42251d675da83286b1cce702) (ScriptedImporter) -> (artifact id: 'b0eba49f9ccacec313642e05750f7a57') in 0.0127269 seconds
Number of updated asset objects reloaded before import = 0Number of asset objects unloaded after import = 0

========================================================================
Received Import Request.
  Time since last request: 0.000016 seconds.
  path: Assets/Oculus/Platform/Samples/VrBoardGame/Scripts/MatchmakingManager.cs
  artifactKey: Guid(e4f7411db9bf50545a8b0b3c5b3c1ff8) Importer(2089858483,192608db42251d675da83286b1cce702)
Start importing Assets/Oculus/Platform/Samples/VrBoardGame/Scripts/MatchmakingManager.cs using Guid(e4f7411db9bf50545a8b0b3c5b3c1ff8) Importer(2089858483,192608db42251d675da83286b1cce702) (ScriptedImporter) -> (artifact id: '8e5e50fcde02f4d8ca4ff12b62cab522') in 0.0152169 seconds
Number of updated asset objects reloaded before import = 0Number of asset objects unloaded after import = 0

========================================================================
Received Import Request.
  Time since last request: 0.000039 seconds.
  path: Assets/Oculus/Platform/Samples/VrHoops/Scripts/P2PNetworkBall.cs
  artifactKey: Guid(b4360c472d4f2ab498faa9c614ac7c80) Importer(2089858483,192608db42251d675da83286b1cce702)
Start importing Assets/Oculus/Platform/Samples/VrHoops/Scripts/P2PNetworkBall.cs using Guid(b4360c472d4f2ab498faa9c614ac7c80) Importer(2089858483,192608db42251d675da83286b1cce702) (ScriptedImporter) -> (artifact id: 'd83490d1554e64accef8c0921db1a9f9') in 0.0166112 seconds
Number of updated asset objects reloaded before import = 0Number of asset objects unloaded after import = 0

========================================================================
Received Import Request.
  Time since last request: 0.000013 seconds.
  path: Assets/Oculus/SampleFramework/Core/CustomHands/Animations/l_hand_hold_l_controller_anim.fbx
  artifactKey: Guid(f29e0ae9b6aa173489854687db6a05bf) Importer(2089858483,192608db42251d675da83286b1cce702)
Start importing Assets/Oculus/SampleFramework/Core/CustomHands/Animations/l_hand_hold_l_controller_anim.fbx using Guid(f29e0ae9b6aa173489854687db6a05bf) Importer(2089858483,192608db42251d675da83286b1cce702) (ScriptedImporter) -> (artifact id: '586769c83549145f4f9990aa9f69806f') in 0.0254015 seconds
Number of updated asset objects reloaded before import = 0Number of asset objects unloaded after import = 57

========================================================================
Received Import Request.
  Time since last request: 0.000016 seconds.
  path: Assets/Oculus/Interaction/Samples/Prefabs/HandGesture/SwipeForwardGesture.prefab
  artifactKey: Guid(740b5ee262c98df4381adba974c8f978) Importer(2089858483,192608db42251d675da83286b1cce702)
Start importing Assets/Oculus/Interaction/Samples/Prefabs/HandGesture/SwipeForwardGesture.prefab using Guid(740b5ee262c98df4381adba974c8f978) Importer(2089858483,192608db42251d675da83286b1cce702) (ScriptedImporter) -> (artifact id: 'b8b5265ad88252bee43ee33a5ec52759') in 0.0247921 seconds
Number of updated asset objects reloaded before import = 0Number of asset objects unloaded after import = 41

========================================================================
Received Import Request.
  Time since last request: 0.000018 seconds.
  path: Assets/Oculus/Interaction/Samples/Audio/Prefabs/ComplexGrabDollReleaseAudio.prefab
  artifactKey: Guid(69b6142adba780140b51bb45796678d4) Importer(2089858483,192608db42251d675da83286b1cce702)
Start importing Assets/Oculus/Interaction/Samples/Audio/Prefabs/ComplexGrabDollReleaseAudio.prefab using Guid(69b6142adba780140b51bb45796678d4) Importer(2089858483,192608db42251d675da83286b1cce702) (ScriptedImporter) -> (artifact id: 'ce46a036d53f181b972b4b12b2c881fc') in 0.0229814 seconds
Number of updated asset objects reloaded before import = 0Number of asset objects unloaded after import = 11

========================================================================
Received Import Request.
  Time since last request: 0.000015 seconds.
  path: Assets/Oculus/Interaction/Samples/Audio/Prefabs/BodyCaptureTimerTick.prefab
  artifactKey: Guid(b925b5b4ed2d8bb438d0a5ff67765183) Importer(2089858483,192608db42251d675da83286b1cce702)
Start importing Assets/Oculus/Interaction/Samples/Audio/Prefabs/BodyCaptureTimerTick.prefab using Guid(b925b5b4ed2d8bb438d0a5ff67765183) Importer(2089858483,192608db42251d675da83286b1cce702) (ScriptedImporter) -> (artifact id: '3ed6901ff12bfb028e38525f17a21f8e') in 0.018659 seconds
Number of updated asset objects reloaded before import = 0Number of asset objects unloaded after import = 7

========================================================================
Received Import Request.
  Time since last request: 0.000043 seconds.
  path: Assets/Oculus/SampleFramework/Core/CustomHands/Animations/r_hand_thumbs_up_anim.fbx
  artifactKey: Guid(367eacd8142e4ca478642189323d9cee) Importer(2089858483,192608db42251d675da83286b1cce702)
Start importing Assets/Oculus/SampleFramework/Core/CustomHands/Animations/r_hand_thumbs_up_anim.fbx using Guid(367eacd8142e4ca478642189323d9cee) Importer(2089858483,192608db42251d675da83286b1cce702) (ScriptedImporter) -> (artifact id: '68e8511c913bd9cf2c1162e56eb35cdc') in 0.0237869 seconds
Number of updated asset objects reloaded before import = 0Number of asset objects unloaded after import = 55

========================================================================
Received Import Request.
  Time since last request: 0.000026 seconds.
  path: Assets/Oculus/Platform/Samples/VrHoops/Scripts/AchievementsManager.cs
  artifactKey: Guid(66d441ddf01234331b50e929139f4780) Importer(2089858483,192608db42251d675da83286b1cce702)
Start importing Assets/Oculus/Platform/Samples/VrHoops/Scripts/AchievementsManager.cs using Guid(66d441ddf01234331b50e929139f4780) Importer(2089858483,192608db42251d675da83286b1cce702) (ScriptedImporter) -> (artifact id: 'f47b60897f84c2e0fc85892805b26e2e') in 0.0162676 seconds
Number of updated asset objects reloaded before import = 0Number of asset objects unloaded after import = 0

========================================================================
Received Import Request.
  Time since last request: 0.000014 seconds.
  path: Assets/Oculus/Interaction/Samples/Scenes/Features/DebugPose.unity
  artifactKey: Guid(0c21dff7998be3b48bdbf4d868aa7710) Importer(2089858483,192608db42251d675da83286b1cce702)
Start importing Assets/Oculus/Interaction/Samples/Scenes/Features/DebugPose.unity using Guid(0c21dff7998be3b48bdbf4d868aa7710) Importer(2089858483,192608db42251d675da83286b1cce702) (ScriptedImporter) -> (artifact id: '2d7f309e7070d5a17523919640dbcc11') in 0.0205274 seconds
Number of updated asset objects reloaded before import = 0Number of asset objects unloaded after import = 1

========================================================================
Received Import Request.
  Time since last request: 0.000019 seconds.
  path: Assets/Oculus/Interaction/Samples/Objects/Environment/ComplexGrabInfoFrames.prefab
  artifactKey: Guid(b4f307b2f11c677479bd6a4c08149679) Importer(2089858483,192608db42251d675da83286b1cce702)
Start importing Assets/Oculus/Interaction/Samples/Objects/Environment/ComplexGrabInfoFrames.prefab using Guid(b4f307b2f11c677479bd6a4c08149679) Importer(2089858483,192608db42251d675da83286b1cce702) (ScriptedImporter) -> (artifact id: '15fb6b56ba85a5f9306e0b52c8e9ea30') in 0.0349471 seconds
Number of updated asset objects reloaded before import = 0Number of asset objects unloaded after import = 142

========================================================================
Received Import Request.
  Time since last request: 0.000019 seconds.
  path: Assets/Oculus/SampleFramework/Core/CustomHands/Animations/r_hand_relax_3qtr_fist_anim.fbx
  artifactKey: Guid(649ee9096089b1342bee9132e3ccc8bd) Importer(2089858483,192608db42251d675da83286b1cce702)
Start importing Assets/Oculus/SampleFramework/Core/CustomHands/Animations/r_hand_relax_3qtr_fist_anim.fbx using Guid(649ee9096089b1342bee9132e3ccc8bd) Importer(2089858483,192608db42251d675da83286b1cce702) (ScriptedImporter) -> (artifact id: 'dea2488a0e4ba806d338fd5072051766') in 0.018793 seconds
Number of updated asset objects reloaded before import = 0Number of asset objects unloaded after import = 55

========================================================================
Received Import Request.
  Time since last request: 0.000015 seconds.
  path: Assets/Oculus/Interaction/Samples/Prefabs/HandPose/FramePoseTwoHanded.prefab
  artifactKey: Guid(0abf62bb4de018a45bb3c5dc28e0e733) Importer(2089858483,192608db42251d675da83286b1cce702)
Start importing Assets/Oculus/Interaction/Samples/Prefabs/HandPose/FramePoseTwoHanded.prefab using Guid(0abf62bb4de018a45bb3c5dc28e0e733) Importer(2089858483,192608db42251d675da83286b1cce702) (ScriptedImporter) -> (artifact id: '14dae1c3e9715023a8b7bb44b480d4bb') in 0.0320215 seconds
Number of updated asset objects reloaded before import = 0Number of asset objects unloaded after import = 30

========================================================================
Received Import Request.
  Time since last request: 0.000039 seconds.
  path: Assets/Oculus/Interaction/Samples/Objects/Environment/BasicPoseDetectionPoses.prefab
  artifactKey: Guid(48779c4e9105c1d4c986f52958bba9a3) Importer(2089858483,192608db42251d675da83286b1cce702)
Start importing Assets/Oculus/Interaction/Samples/Objects/Environment/BasicPoseDetectionPoses.prefab using Guid(48779c4e9105c1d4c986f52958bba9a3) Importer(2089858483,192608db42251d675da83286b1cce702) (ScriptedImporter) -> (artifact id: '686cce4bf3c9a1123644656f2fd048e1') in 0.067621 seconds
Number of updated asset objects reloaded before import = 0Number of asset objects unloaded after import = 216

========================================================================
Received Import Request.
  Time since last request: 0.000017 seconds.
  path: Assets/Oculus/SampleFramework/Core/CustomHands/Animations/old_l_hand_pinch_anim.fbx
  artifactKey: Guid(e7d2f46c372333a47a3d2cb064903562) Importer(2089858483,192608db42251d675da83286b1cce702)
Start importing Assets/Oculus/SampleFramework/Core/CustomHands/Animations/old_l_hand_pinch_anim.fbx using Guid(e7d2f46c372333a47a3d2cb064903562) Importer(2089858483,192608db42251d675da83286b1cce702) (ScriptedImporter) -> (artifact id: '09b3ed90818ea3a32950389af6752192') in 0.0266444 seconds
Number of updated asset objects reloaded before import = 0Number of asset objects unloaded after import = 57

========================================================================
Received Import Request.
  Time since last request: 0.000018 seconds.
  path: Assets/Oculus/Platform/Samples/VrVoiceChat/Scripts/VoipManager.cs
  artifactKey: Guid(310e9262e28564c9d9b5c5a872a42e41) Importer(2089858483,192608db42251d675da83286b1cce702)
Start importing Assets/Oculus/Platform/Samples/VrVoiceChat/Scripts/VoipManager.cs using Guid(310e9262e28564c9d9b5c5a872a42e41) Importer(2089858483,192608db42251d675da83286b1cce702) (ScriptedImporter) -> (artifact id: 'f6a0fa0a1af7e25cf8f27700aa029e34') in 0.0140466 seconds
Number of updated asset objects reloaded before import = 0Number of asset objects unloaded after import = 0

========================================================================
Received Import Request.
  Time since last request: 0.000034 seconds.
  path: Assets/Oculus/Interaction/Samples/Scripts/HandGrabRecord/HandGrabPoseLiveRecorder.cs
  artifactKey: Guid(826882dcb55017a46ab71dddc25ab18e) Importer(2089858483,192608db42251d675da83286b1cce702)
Start importing Assets/Oculus/Interaction/Samples/Scripts/HandGrabRecord/HandGrabPoseLiveRecorder.cs using Guid(826882dcb55017a46ab71dddc25ab18e) Importer(2089858483,192608db42251d675da83286b1cce702) (ScriptedImporter) -> (artifact id: 'dfa998bf46dde24c9f5312ac1f7c39ef') in 0.0136872 seconds
Number of updated asset objects reloaded before import = 0Number of asset objects unloaded after import = 0

========================================================================
Received Import Request.
  Time since last request: 0.000020 seconds.
  path: Assets/Oculus/Interaction/Samples/Scripts/PalmMenu/PalmMenuExampleButtonHandlers.cs
  artifactKey: Guid(65307bdd58ef73943b02570244339263) Importer(2089858483,192608db42251d675da83286b1cce702)
Start importing Assets/Oculus/Interaction/Samples/Scripts/PalmMenu/PalmMenuExampleButtonHandlers.cs using Guid(65307bdd58ef73943b02570244339263) Importer(2089858483,192608db42251d675da83286b1cce702) (ScriptedImporter) -> (artifact id: '127bfaf8df05bdc4329ff8b98472a5b7') in 0.0145156 seconds
Number of updated asset objects reloaded before import = 0Number of asset objects unloaded after import = 0

========================================================================
Received Import Request.
  Time since last request: 0.000029 seconds.
  path: Assets/Oculus/Interaction/Samples/Audio/Prefabs/PoseDetectionThumbsDownAudio.prefab
  artifactKey: Guid(554df53d5e174184cb1e009b3d76cffe) Importer(2089858483,192608db42251d675da83286b1cce702)
Start importing Assets/Oculus/Interaction/Samples/Audio/Prefabs/PoseDetectionThumbsDownAudio.prefab using Guid(554df53d5e174184cb1e009b3d76cffe) Importer(2089858483,192608db42251d675da83286b1cce702) (ScriptedImporter) -> (artifact id: 'a954524b6f1dd48bc03c56041f524ed0') in 0.0242961 seconds
Number of updated asset objects reloaded before import = 0Number of asset objects unloaded after import = 9

========================================================================
Received Import Request.
  Time since last request: 0.000015 seconds.
  path: Assets/Oculus/Platform/Samples/VrHoops/Scripts/P2PNetworkGoal.cs
  artifactKey: Guid(1aef3541237f243e4856d8913668f9b8) Importer(2089858483,192608db42251d675da83286b1cce702)
Start importing Assets/Oculus/Platform/Samples/VrHoops/Scripts/P2PNetworkGoal.cs using Guid(1aef3541237f243e4856d8913668f9b8) Importer(2089858483,192608db42251d675da83286b1cce702) (ScriptedImporter) -> (artifact id: '948619d474e53aef8105dbed6b3a9fe7') in 0.0119476 seconds
Number of updated asset objects reloaded before import = 0Number of asset objects unloaded after import = 0

========================================================================
Received Import Request.
  Time since last request: 0.000017 seconds.
  path: Assets/Oculus/Interaction/Samples/Poses/Shapes/FingersRingPinkyOpen.asset
  artifactKey: Guid(88b7b771e6f8afb45991ad222710a8a7) Importer(2089858483,192608db42251d675da83286b1cce702)
Start importing Assets/Oculus/Interaction/Samples/Poses/Shapes/FingersRingPinkyOpen.asset using Guid(88b7b771e6f8afb45991ad222710a8a7) Importer(2089858483,192608db42251d675da83286b1cce702) (ScriptedImporter) -> (artifact id: '62eec4d49e93624e10ebe83574486c47') in 0.0180651 seconds
Number of updated asset objects reloaded before import = 0Number of asset objects unloaded after import = 1

========================================================================
Received Import Request.
  Time since last request: 0.000014 seconds.
  path: Assets/Oculus/Interaction/Samples/Audio/Prefabs/BasicGrabPickupAudio.prefab
  artifactKey: Guid(b47fbfedcfef5414580d99c9115e2b8a) Importer(2089858483,192608db42251d675da83286b1cce702)
Start importing Assets/Oculus/Interaction/Samples/Audio/Prefabs/BasicGrabPickupAudio.prefab using Guid(b47fbfedcfef5414580d99c9115e2b8a) Importer(2089858483,192608db42251d675da83286b1cce702) (ScriptedImporter) -> (artifact id: 'cfa6f3eb117c1b0ea7a226e9bd687cc2') in 0.0217889 seconds
Number of updated asset objects reloaded before import = 0Number of asset objects unloaded after import = 11

========================================================================
Received Import Request.
  Time since last request: 0.000015 seconds.
  path: Assets/Oculus/Interaction/Samples/Audio/Prefabs/BasicRayHoverAudio.prefab
  artifactKey: Guid(539d637ec1110d44982e443b95b5a61b) Importer(2089858483,192608db42251d675da83286b1cce702)
Start importing Assets/Oculus/Interaction/Samples/Audio/Prefabs/BasicRayHoverAudio.prefab using Guid(539d637ec1110d44982e443b95b5a61b) Importer(2089858483,192608db42251d675da83286b1cce702) (ScriptedImporter) -> (artifact id: '00d10a3c0a7f4e30ce8ffabdfd8dfc68') in 0.0212818 seconds
Number of updated asset objects reloaded before import = 0Number of asset objects unloaded after import = 7

========================================================================
Received Import Request.
  Time since last request: 0.000049 seconds.
  path: Assets/Oculus/Interaction/Samples/ThirdParty/Textures/ComprehensiveGrabMapTexture.png
  artifactKey: Guid(1b30196ca66ece04f80c3809a3133644) Importer(2089858483,192608db42251d675da83286b1cce702)
Start importing Assets/Oculus/Interaction/Samples/ThirdParty/Textures/ComprehensiveGrabMapTexture.png using Guid(1b30196ca66ece04f80c3809a3133644) Importer(2089858483,192608db42251d675da83286b1cce702) (ScriptedImporter) -> (artifact id: '51b469759af963bb99536498409393d6') in 0.023402 seconds
Number of updated asset objects reloaded before import = 0Number of asset objects unloaded after import = 3

========================================================================
Received Import Request.
  Time since last request: 0.000019 seconds.
  path: Assets/Oculus/SampleFramework/Core/CustomHands/Animations/l_hand_pinch_anim.fbx
  artifactKey: Guid(a91ff20f7450bf446a6bf0bfb5e932ae) Importer(2089858483,192608db42251d675da83286b1cce702)
Start importing Assets/Oculus/SampleFramework/Core/CustomHands/Animations/l_hand_pinch_anim.fbx using Guid(a91ff20f7450bf446a6bf0bfb5e932ae) Importer(2089858483,192608db42251d675da83286b1cce702) (ScriptedImporter) -> (artifact id: 'c736c4483a9569c74c365195bd26ce7a') in 0.026643 seconds
Number of updated asset objects reloaded before import = 0Number of asset objects unloaded after import = 57

========================================================================
Received Import Request.
  Time since last request: 0.000016 seconds.
  path: Assets/Oculus/Interaction/Samples/Scripts/HandGrabRecord/TimerUIControl.cs
  artifactKey: Guid(acb15a35c5f64f043adf3c8fd8d3fe99) Importer(2089858483,192608db42251d675da83286b1cce702)
Start importing Assets/Oculus/Interaction/Samples/Scripts/HandGrabRecord/TimerUIControl.cs using Guid(acb15a35c5f64f043adf3c8fd8d3fe99) Importer(2089858483,192608db42251d675da83286b1cce702) (ScriptedImporter) -> (artifact id: 'a1451e68f7b27048771f187c1a1d84be') in 0.0127694 seconds
Number of updated asset objects reloaded before import = 0Number of asset objects unloaded after import = 0

========================================================================
Received Import Request.
  Time since last request: 0.000019 seconds.
  path: Assets/Oculus/Interaction/Samples/Scripts/Snap/ListSnapPoseDelegateRoundedBoxVisual.cs
  artifactKey: Guid(295aa681c5c912f429c7deaba8668f9b) Importer(2089858483,192608db42251d675da83286b1cce702)
Start importing Assets/Oculus/Interaction/Samples/Scripts/Snap/ListSnapPoseDelegateRoundedBoxVisual.cs using Guid(295aa681c5c912f429c7deaba8668f9b) Importer(2089858483,192608db42251d675da83286b1cce702) (ScriptedImporter) -> (artifact id: 'be95afe4029e1b35372b5549460eb5b1') in 0.0146641 seconds
Number of updated asset objects reloaded before import = 0Number of asset objects unloaded after import = 0

========================================================================
Received Import Request.
  Time since last request: 0.000018 seconds.
  path: Assets/Oculus/LipSync/Models/RobotHead_TextureFlip/Materials/sil.mat
  artifactKey: Guid(5290b3a55eaa1b7458665dc2d856c042) Importer(2089858483,192608db42251d675da83286b1cce702)
Start importing Assets/Oculus/LipSync/Models/RobotHead_TextureFlip/Materials/sil.mat using Guid(5290b3a55eaa1b7458665dc2d856c042) Importer(2089858483,192608db42251d675da83286b1cce702) (ScriptedImporter) -> (artifact id: '38da35915ae006133aba3491b0dc5f9a') in 0.017106 seconds
Number of updated asset objects reloaded before import = 0Number of asset objects unloaded after import = 2

========================================================================
Received Import Request.
  Time since last request: 0.000017 seconds.
  path: Assets/Oculus/Interaction/Samples/Audio/Prefabs/ComplexGrabStoneResize.prefab
  artifactKey: Guid(1a09422e2d7b4fb48a5986c6eb57a629) Importer(2089858483,192608db42251d675da83286b1cce702)
Start importing Assets/Oculus/Interaction/Samples/Audio/Prefabs/ComplexGrabStoneResize.prefab using Guid(1a09422e2d7b4fb48a5986c6eb57a629) Importer(2089858483,192608db42251d675da83286b1cce702) (ScriptedImporter) -> (artifact id: 'c9308a6dd88a30802c7a7030549f14d9') in 0.0191977 seconds
Number of updated asset objects reloaded before import = 0Number of asset objects unloaded after import = 14

========================================================================
Received Import Request.
  Time since last request: 0.000022 seconds.
  path: Assets/Oculus/Interaction/Samples/Objects/Props/FlatUnityCanvas.prefab
  artifactKey: Guid(df64bf5efda75be4db0c812f9277d678) Importer(2089858483,192608db42251d675da83286b1cce702)
Start importing Assets/Oculus/Interaction/Samples/Objects/Props/FlatUnityCanvas.prefab using Guid(df64bf5efda75be4db0c812f9277d678) Importer(2089858483,192608db42251d675da83286b1cce702) (ScriptedImporter) -> (artifact id: 'e8f175ca0be47d8918925f27dc38387a') in 0.0423464 seconds
Number of updated asset objects reloaded before import = 0Number of asset objects unloaded after import = 127

========================================================================
Received Import Request.
  Time since last request: 0.000017 seconds.
  path: Assets/Oculus/Interaction/Samples/Scenes/Examples/LocomotionExamples.unity
  artifactKey: Guid(d37ed7e92220d1045a36bc73c7c4cf16) Importer(2089858483,192608db42251d675da83286b1cce702)
Start importing Assets/Oculus/Interaction/Samples/Scenes/Examples/LocomotionExamples.unity using Guid(d37ed7e92220d1045a36bc73c7c4cf16) Importer(2089858483,192608db42251d675da83286b1cce702) (ScriptedImporter) -> (artifact id: '7f2ad1a5971329a53d4e2de8ea9216ff') in 0.0322421 seconds
Number of updated asset objects reloaded before import = 0Number of asset objects unloaded after import = 1

========================================================================
Received Import Request.
  Time since last request: 0.000014 seconds.
  path: Assets/Oculus/SampleFramework/Core/CustomHands/Animations/l_hand_hold_ping_pong_ball_anim.fbx
  artifactKey: Guid(a49c22e69aed68a4e9c458fe4276065c) Importer(2089858483,192608db42251d675da83286b1cce702)
Start importing Assets/Oculus/SampleFramework/Core/CustomHands/Animations/l_hand_hold_ping_pong_ball_anim.fbx using Guid(a49c22e69aed68a4e9c458fe4276065c) Importer(2089858483,192608db42251d675da83286b1cce702) (ScriptedImporter) -> (artifact id: '31cfb2eb2cf9b0e0c7078882732a7d1c') in 0.0310031 seconds
Number of updated asset objects reloaded before import = 0Number of asset objects unloaded after import = 55

========================================================================
Received Import Request.
  Time since last request: 0.000017 seconds.
  path: Assets/Oculus/Interaction/Samples/Scenes/Features/DebugHandGrab.unity
  artifactKey: Guid(4a33784a144ef2442a81151052a5bb3b) Importer(2089858483,192608db42251d675da83286b1cce702)
Start importing Assets/Oculus/Interaction/Samples/Scenes/Features/DebugHandGrab.unity using Guid(4a33784a144ef2442a81151052a5bb3b) Importer(2089858483,192608db42251d675da83286b1cce702) (ScriptedImporter) -> (artifact id: '694fa4a063aca2ca0facdbef167dc00b') in 0.0167472 seconds
Number of updated asset objects reloaded before import = 0Number of asset objects unloaded after import = 1

========================================================================
Received Import Request.
  Time since last request: 0.000051 seconds.
  path: Assets/Oculus/Platform/Samples/VrHoops/Scripts/PlayerArea.cs
  artifactKey: Guid(4bf1a3ead6c1aa341873bdfda4366001) Importer(2089858483,192608db42251d675da83286b1cce702)
Start importing Assets/Oculus/Platform/Samples/VrHoops/Scripts/PlayerArea.cs using Guid(4bf1a3ead6c1aa341873bdfda4366001) Importer(2089858483,192608db42251d675da83286b1cce702) (ScriptedImporter) -> (artifact id: '84cbffb02459564e45e15f19e25f5e7a') in 0.0143771 seconds
Number of updated asset objects reloaded before import = 0Number of asset objects unloaded after import = 0

========================================================================
Received Import Request.
  Time since last request: 0.000023 seconds.
  path: Assets/Oculus/SampleFramework/Core/CustomHands/Animations/r_hand_pinch_anim.fbx
  artifactKey: Guid(165871bb4fa915847973b6955c7a670d) Importer(2089858483,192608db42251d675da83286b1cce702)
Start importing Assets/Oculus/SampleFramework/Core/CustomHands/Animations/r_hand_pinch_anim.fbx using Guid(165871bb4fa915847973b6955c7a670d) Importer(2089858483,192608db42251d675da83286b1cce702) (ScriptedImporter) -> (artifact id: '094f4ff7f14e448362faa4c67cce6294') in 0.0260199 seconds
Number of updated asset objects reloaded before import = 0Number of asset objects unloaded after import = 57

========================================================================
Received Import Request.
  Time since last request: 0.000014 seconds.
  path: Assets/Oculus/Interaction/Samples/Scenes/Examples/PokeExamples.unity
  artifactKey: Guid(ada3086bde0ab18459589e22d8d9e182) Importer(2089858483,192608db42251d675da83286b1cce702)
Start importing Assets/Oculus/Interaction/Samples/Scenes/Examples/PokeExamples.unity using Guid(ada3086bde0ab18459589e22d8d9e182) Importer(2089858483,192608db42251d675da83286b1cce702) (ScriptedImporter) -> (artifact id: '75ca0520476fc8d30be1ac1d6b76917f') in 0.01863 seconds
Number of updated asset objects reloaded before import = 0Number of asset objects unloaded after import = 1

========================================================================
Received Import Request.
  Time since last request: 0.000018 seconds.
  path: Assets/Oculus/Interaction/Runtime/Prefabs/Debug/HandShapeSkeletalDebugVisual.prefab
  artifactKey: Guid(4b8a7a9b6cd7ab64d8c0202c46aed437) Importer(2089858483,192608db42251d675da83286b1cce702)
Start importing Assets/Oculus/Interaction/Runtime/Prefabs/Debug/HandShapeSkeletalDebugVisual.prefab using Guid(4b8a7a9b6cd7ab64d8c0202c46aed437) Importer(2089858483,192608db42251d675da83286b1cce702) (ScriptedImporter) -> (artifact id: 'bef7b9d897e4051c665ffd77474c892a') in 0.0280172 seconds
Number of updated asset objects reloaded before import = 0Number of asset objects unloaded after import = 10

========================================================================
Received Import Request.
  Time since last request: 0.000014 seconds.
  path: Assets/Oculus/Interaction/Samples/Audio/Prefabs/PoseDetectionPaperAudio.prefab
  artifactKey: Guid(9416b866538f4694683496a3b53686cb) Importer(2089858483,192608db42251d675da83286b1cce702)
Start importing Assets/Oculus/Interaction/Samples/Audio/Prefabs/PoseDetectionPaperAudio.prefab using Guid(9416b866538f4694683496a3b53686cb) Importer(2089858483,192608db42251d675da83286b1cce702) (ScriptedImporter) -> (artifact id: '18b6a2d4778b2f8b2e916439d073b686') in 0.0193567 seconds
Number of updated asset objects reloaded before import = 0Number of asset objects unloaded after import = 9

========================================================================
Received Import Request.
  Time since last request: 0.000015 seconds.
  path: Assets/Oculus/Interaction/Samples/Audio/Prefabs/ObjectPhysicsImpactHard.prefab
  artifactKey: Guid(587a377cccd931246a8bc5bf692429c6) Importer(2089858483,192608db42251d675da83286b1cce702)
Start importing Assets/Oculus/Interaction/Samples/Audio/Prefabs/ObjectPhysicsImpactHard.prefab using Guid(587a377cccd931246a8bc5bf692429c6) Importer(2089858483,192608db42251d675da83286b1cce702) (ScriptedImporter) -> (artifact id: '70e588e9a51ae1536658d3095881e161') in 0.0320203 seconds
Number of updated asset objects reloaded before import = 0Number of asset objects unloaded after import = 17

========================================================================
Received Import Request.
  Time since last request: 0.000019 seconds.
  path: Assets/Oculus/SampleFramework/Core/DebugUI/Textures/header.png
  artifactKey: Guid(eee045d55647138479b30e687b81c7e3) Importer(2089858483,192608db42251d675da83286b1cce702)
Start importing Assets/Oculus/SampleFramework/Core/DebugUI/Textures/header.png using Guid(eee045d55647138479b30e687b81c7e3) Importer(2089858483,192608db42251d675da83286b1cce702) (ScriptedImporter) -> (artifact id: '34ca654fe908ca5a43d6ca020d594855') in 0.0233465 seconds
Number of updated asset objects reloaded before import = 0Number of asset objects unloaded after import = 3

========================================================================
Received Import Request.
  Time since last request: 0.000025 seconds.
  path: Assets/Oculus/SampleFramework/Core/DebugUI/Textures/translucent_01.png
  artifactKey: Guid(7ebd72557d873024e8afa355e92d435f) Importer(2089858483,192608db42251d675da83286b1cce702)
Start importing Assets/Oculus/SampleFramework/Core/DebugUI/Textures/translucent_01.png using Guid(7ebd72557d873024e8afa355e92d435f) Importer(2089858483,192608db42251d675da83286b1cce702) (ScriptedImporter) -> (artifact id: '143efceee92b6f90b26da4d131dc70a2') in 0.0206681 seconds
Number of updated asset objects reloaded before import = 0Number of asset objects unloaded after import = 3

========================================================================
Received Import Request.
  Time since last request: 0.000013 seconds.
  path: Assets/Oculus/SampleFramework/Core/Locomotion/Scripts/TeleportAimHandlerLaser.cs
  artifactKey: Guid(70bc4ab8bfd254f42902a4d602fef956) Importer(2089858483,192608db42251d675da83286b1cce702)
Start importing Assets/Oculus/SampleFramework/Core/Locomotion/Scripts/TeleportAimHandlerLaser.cs using Guid(70bc4ab8bfd254f42902a4d602fef956) Importer(2089858483,192608db42251d675da83286b1cce702) (ScriptedImporter) -> (artifact id: 'c9c8a52be374e34f2235c397705af1e8') in 0.0148555 seconds
Number of updated asset objects reloaded before import = 0Number of asset objects unloaded after import = 0

========================================================================
Received Import Request.
  Time since last request: 0.000019 seconds.
  path: Assets/Oculus/SampleFramework/Core/Locomotion/Materials/MeterGrid.mat
  artifactKey: Guid(912cbad78358a1d48b357480224f4ad9) Importer(2089858483,192608db42251d675da83286b1cce702)
Start importing Assets/Oculus/SampleFramework/Core/Locomotion/Materials/MeterGrid.mat using Guid(912cbad78358a1d48b357480224f4ad9) Importer(2089858483,192608db42251d675da83286b1cce702) (ScriptedImporter) -> (artifact id: 'c5c09450e6fa335d8a5a81a0975ac96b') in 0.0153075 seconds
Number of updated asset objects reloaded before import = 0Number of asset objects unloaded after import = 1

========================================================================
Received Import Request.
  Time since last request: 0.000023 seconds.
  path: Assets/Oculus/SampleFramework/Core/DebugUI/Textures/panel_background.PNG
  artifactKey: Guid(d929e2a65a1cbc54dacdbdcdb33165e2) Importer(2089858483,192608db42251d675da83286b1cce702)
Start importing Assets/Oculus/SampleFramework/Core/DebugUI/Textures/panel_background.PNG using Guid(d929e2a65a1cbc54dacdbdcdb33165e2) Importer(2089858483,192608db42251d675da83286b1cce702) (ScriptedImporter) -> (artifact id: 'f8d8cbc9ebcb13d2103c8920ff610c91') in 0.0304663 seconds
Number of updated asset objects reloaded before import = 0Number of asset objects unloaded after import = 3

========================================================================
Received Import Request.
  Time since last request: 0.000014 seconds.
  path: Assets/Oculus/SampleFramework/Core/Locomotion/Scripts/TeleportAimHandler.cs
  artifactKey: Guid(05141a0b7df32dd4e914f070c2c43fdd) Importer(2089858483,192608db42251d675da83286b1cce702)
Start importing Assets/Oculus/SampleFramework/Core/Locomotion/Scripts/TeleportAimHandler.cs using Guid(05141a0b7df32dd4e914f070c2c43fdd) Importer(2089858483,192608db42251d675da83286b1cce702) (ScriptedImporter) -> (artifact id: 'b7820373ab239eb95bd2cd9ce020a851') in 0.0161984 seconds
Number of updated asset objects reloaded before import = 0Number of asset objects unloaded after import = 0

========================================================================
Received Import Request.
  Time since last request: 0.000023 seconds.
  path: Assets/Oculus/SampleFramework/Core/Locomotion/Scripts/TeleportDestination.cs
  artifactKey: Guid(03a7614f10832d041bccff167d2a460f) Importer(2089858483,192608db42251d675da83286b1cce702)
Start importing Assets/Oculus/SampleFramework/Core/Locomotion/Scripts/TeleportDestination.cs using Guid(03a7614f10832d041bccff167d2a460f) Importer(2089858483,192608db42251d675da83286b1cce702) (ScriptedImporter) -> (artifact id: 'c219f66b102011703e7c2b424ca6243f') in 0.0171854 seconds
Number of updated asset objects reloaded before import = 0Number of asset objects unloaded after import = 0

========================================================================
Received Import Request.
  Time since last request: 0.000040 seconds.
  path: Assets/Oculus/SampleFramework/Core/Locomotion/Scripts/TeleportTransition.cs
  artifactKey: Guid(d4cb945184171a54fafc0e150e431a59) Importer(2089858483,192608db42251d675da83286b1cce702)
Start importing Assets/Oculus/SampleFramework/Core/Locomotion/Scripts/TeleportTransition.cs using Guid(d4cb945184171a54fafc0e150e431a59) Importer(2089858483,192608db42251d675da83286b1cce702) (ScriptedImporter) -> (artifact id: '8e7e57eff140efed1f7e7586f34339c2') in 0.0160353 seconds
Number of updated asset objects reloaded before import = 0Number of asset objects unloaded after import = 0

========================================================================
Received Import Request.
  Time since last request: 0.000015 seconds.
  path: Assets/Oculus/SampleFramework/Core/CustomHands/Scripts/HandPose.cs
  artifactKey: Guid(aab4c587457d86f4ca80582f946785ad) Importer(2089858483,192608db42251d675da83286b1cce702)
Start importing Assets/Oculus/SampleFramework/Core/CustomHands/Scripts/HandPose.cs using Guid(aab4c587457d86f4ca80582f946785ad) Importer(2089858483,192608db42251d675da83286b1cce702) (ScriptedImporter) -> (artifact id: '1b97efcbbd4dc9718b48ea764e6c667e') in 0.019489 seconds
Number of updated asset objects reloaded before import = 0Number of asset objects unloaded after import = 0

========================================================================
Received Import Request.
  Time since last request: 0.000020 seconds.
  path: Assets/Oculus/SampleFramework/Core/TouchControllers/Animations/r_controller_neutral_button03_mask_anim.fbx
  artifactKey: Guid(90e3ae0cd1f24414985752a766ef8f84) Importer(2089858483,192608db42251d675da83286b1cce702)
Start importing Assets/Oculus/SampleFramework/Core/TouchControllers/Animations/r_controller_neutral_button03_mask_anim.fbx using Guid(90e3ae0cd1f24414985752a766ef8f84) Importer(2089858483,192608db42251d675da83286b1cce702) (ScriptedImporter) -> (artifact id: 'c4d46a8a31cc0590d70225edd2a219aa') in 0.0280638 seconds
Number of updated asset objects reloaded before import = 0Number of asset objects unloaded after import = 23

========================================================================
Received Import Request.
  Time since last request: 0.000047 seconds.
  path: Assets/Oculus/SampleFramework/Core/Video/Scripts/VectorUtil.cs
  artifactKey: Guid(1eaf72ebb00dbb3429d4b6f661947a04) Importer(2089858483,192608db42251d675da83286b1cce702)
Start importing Assets/Oculus/SampleFramework/Core/Video/Scripts/VectorUtil.cs using Guid(1eaf72ebb00dbb3429d4b6f661947a04) Importer(2089858483,192608db42251d675da83286b1cce702) (ScriptedImporter) -> (artifact id: 'e8c69a0f4fbddd9cb45fc292ef7f19ea') in 0.0167795 seconds
Number of updated asset objects reloaded before import = 0Number of asset objects unloaded after import = 0

========================================================================
Received Import Request.
  Time since last request: 0.000026 seconds.
  path: Assets/Oculus/SampleFramework/Core/TouchControllers/Animations/l_controller_trigger_pull_anim.fbx
  artifactKey: Guid(182278cefb47da243850fc09dc4cc209) Importer(2089858483,192608db42251d675da83286b1cce702)
Start importing Assets/Oculus/SampleFramework/Core/TouchControllers/Animations/l_controller_trigger_pull_anim.fbx using Guid(182278cefb47da243850fc09dc4cc209) Importer(2089858483,192608db42251d675da83286b1cce702) (ScriptedImporter) -> (artifact id: '0648255cf8c9b98bf4d269bb3d30a7b8') in 0.0221088 seconds
Number of updated asset objects reloaded before import = 0Number of asset objects unloaded after import = 22

========================================================================
Received Import Request.
  Time since last request: 0.000029 seconds.
  path: Assets/Oculus/SampleFramework/Usage/DistanceGrab/Materials/triangles.png
  artifactKey: Guid(42cde8c8cd0446b49b0d883688e875d8) Importer(2089858483,192608db42251d675da83286b1cce702)
Start importing Assets/Oculus/SampleFramework/Usage/DistanceGrab/Materials/triangles.png using Guid(42cde8c8cd0446b49b0d883688e875d8) Importer(2089858483,192608db42251d675da83286b1cce702) (ScriptedImporter) -> (artifact id: 'f8a4611fa59dd280b9ce49f16da4ad6a') in 0.0208384 seconds
Number of updated asset objects reloaded before import = 0Number of asset objects unloaded after import = 1

========================================================================
Received Import Request.
  Time since last request: 0.000040 seconds.
  path: Assets/Oculus/SampleFramework/Usage/DistanceGrab/Materials/Ball10WithOutline.mat
  artifactKey: Guid(d00d1a54e2eb041f4aaa2e3a08cd3e93) Importer(2089858483,192608db42251d675da83286b1cce702)
Start importing Assets/Oculus/SampleFramework/Usage/DistanceGrab/Materials/Ball10WithOutline.mat using Guid(d00d1a54e2eb041f4aaa2e3a08cd3e93) Importer(2089858483,192608db42251d675da83286b1cce702) (ScriptedImporter) -> (artifact id: 'c3a492ee21537aade7f9a99c265bd933') in 0.0203435 seconds
Number of updated asset objects reloaded before import = 0Number of asset objects unloaded after import = 3

========================================================================
Received Import Request.
  Time since last request: 0.000019 seconds.
  path: Assets/Oculus/SampleFramework/Core/TouchControllers/Materials/touchController_basecolor.mat
  artifactKey: Guid(1caef85feb223044d801a24540271231) Importer(2089858483,192608db42251d675da83286b1cce702)
Start importing Assets/Oculus/SampleFramework/Core/TouchControllers/Materials/touchController_basecolor.mat using Guid(1caef85feb223044d801a24540271231) Importer(2089858483,192608db42251d675da83286b1cce702) (ScriptedImporter) -> (artifact id: '6041798b37ff99202f707a53df3e3835') in 0.0161388 seconds
Number of updated asset objects reloaded before import = 0Number of asset objects unloaded after import = 1

========================================================================
Received Import Request.
  Time since last request: 0.000023 seconds.
  path: Assets/Oculus/SampleFramework/Core/TouchControllers/Animations/l_controller_button02_anim.fbx
  artifactKey: Guid(9ff261158dbb43d4ba84b6c3cae9a58a) Importer(2089858483,192608db42251d675da83286b1cce702)
Start importing Assets/Oculus/SampleFramework/Core/TouchControllers/Animations/l_controller_button02_anim.fbx using Guid(9ff261158dbb43d4ba84b6c3cae9a58a) Importer(2089858483,192608db42251d675da83286b1cce702) (ScriptedImporter) -> (artifact id: '45ac3415f6b68e897cac08e3b5d8d375') in 0.0291011 seconds
Number of updated asset objects reloaded before import = 0Number of asset objects unloaded after import = 22

========================================================================
Received Import Request.
  Time since last request: 0.000025 seconds.
  path: Assets/Oculus/SampleFramework/Core/TouchControllers/Animations/l_controller_joy_W_anim.fbx
  artifactKey: Guid(2f1df26289a19bb4ea46f213b340524c) Importer(2089858483,192608db42251d675da83286b1cce702)
Start importing Assets/Oculus/SampleFramework/Core/TouchControllers/Animations/l_controller_joy_W_anim.fbx using Guid(2f1df26289a19bb4ea46f213b340524c) Importer(2089858483,192608db42251d675da83286b1cce702) (ScriptedImporter) -> (artifact id: 'a7de17561ba4778c6fe725a340b0f466') in 0.0231661 seconds
Number of updated asset objects reloaded before import = 0Number of asset objects unloaded after import = 22

========================================================================
Received Import Request.
  Time since last request: 0.000032 seconds.
  path: Assets/Oculus/SampleFramework/Core/TouchControllers/Animations/r_controller_button01_anim.fbx
  artifactKey: Guid(2dfa765015bcf0049ac66bdfb4b134d0) Importer(2089858483,192608db42251d675da83286b1cce702)
Start importing Assets/Oculus/SampleFramework/Core/TouchControllers/Animations/r_controller_button01_anim.fbx using Guid(2dfa765015bcf0049ac66bdfb4b134d0) Importer(2089858483,192608db42251d675da83286b1cce702) (ScriptedImporter) -> (artifact id: 'ecdd37729a1616f553711f2f40bf27e8') in 0.0244265 seconds
Number of updated asset objects reloaded before import = 0Number of asset objects unloaded after import = 22

========================================================================
Received Import Request.
  Time since last request: 0.000017 seconds.
  path: Assets/Oculus/SampleFramework/Core/Locomotion/Scripts/TeleportInputHandler.cs
  artifactKey: Guid(687155c0dd8b55d409e36711e0cc7167) Importer(2089858483,192608db42251d675da83286b1cce702)
Start importing Assets/Oculus/SampleFramework/Core/Locomotion/Scripts/TeleportInputHandler.cs using Guid(687155c0dd8b55d409e36711e0cc7167) Importer(2089858483,192608db42251d675da83286b1cce702) (ScriptedImporter) -> (artifact id: 'af2fc0d726f6bcfe5c3a45b8967b65eb') in 0.0136167 seconds
Number of updated asset objects reloaded before import = 0Number of asset objects unloaded after import = 0

========================================================================
Received Import Request.
  Time since last request: 0.000016 seconds.
  path: Assets/Oculus/SampleFramework/Usage/DistanceGrab/PhysicsMaterials/PlasticPhysMat.physicMaterial
  artifactKey: Guid(20b27a2b09cf5470e866c2708f9f9dc8) Importer(2089858483,192608db42251d675da83286b1cce702)
Start importing Assets/Oculus/SampleFramework/Usage/DistanceGrab/PhysicsMaterials/PlasticPhysMat.physicMaterial using Guid(20b27a2b09cf5470e866c2708f9f9dc8) Importer(2089858483,192608db42251d675da83286b1cce702) (ScriptedImporter) -> (artifact id: 'd2aa8f710d0299b60250e6a40d1cdf66') in 0.0212574 seconds
Number of updated asset objects reloaded before import = 0Number of asset objects unloaded after import = 1

========================================================================
Received Import Request.
  Time since last request: 0.000018 seconds.
  path: Assets/Oculus/SampleFramework/Core/Locomotion/Materials/TeleportLaser.mat
  artifactKey: Guid(a379cec2ba497874788d17eb312c61be) Importer(2089858483,192608db42251d675da83286b1cce702)
Start importing Assets/Oculus/SampleFramework/Core/Locomotion/Materials/TeleportLaser.mat using Guid(a379cec2ba497874788d17eb312c61be) Importer(2089858483,192608db42251d675da83286b1cce702) (ScriptedImporter) -> (artifact id: '4bf446783ed716cb286df7a2f704abf4') in 0.0189526 seconds
Number of updated asset objects reloaded before import = 0Number of asset objects unloaded after import = 1

========================================================================
Received Import Request.
  Time since last request: 0.000021 seconds.
  path: Assets/Oculus/SampleFramework/Core/HandsInteraction/Prefabs/HandsManager.prefab
  artifactKey: Guid(cbdf09e3b0f1ac246914a74904002cb6) Importer(2089858483,192608db42251d675da83286b1cce702)
Start importing Assets/Oculus/SampleFramework/Core/HandsInteraction/Prefabs/HandsManager.prefab using Guid(cbdf09e3b0f1ac246914a74904002cb6) Importer(2089858483,192608db42251d675da83286b1cce702) (ScriptedImporter) -> (artifact id: '3bfd330e1b28af7e9634be93576cf237') in 0.0214009 seconds
Number of updated asset objects reloaded before import = 0Number of asset objects unloaded after import = 5

========================================================================
Received Import Request.
  Time since last request: 0.000028 seconds.
  path: Assets/Oculus/SampleFramework/Usage/AppDeeplink/UI/DebugTextField.prefab
  artifactKey: Guid(ad318b8a60c4f774cbbf0d9e4d4fcca9) Importer(2089858483,192608db42251d675da83286b1cce702)
Start importing Assets/Oculus/SampleFramework/Usage/AppDeeplink/UI/DebugTextField.prefab using Guid(ad318b8a60c4f774cbbf0d9e4d4fcca9) Importer(2089858483,192608db42251d675da83286b1cce702) (ScriptedImporter) -> (artifact id: '0e86f4da6b53d63ee468443d8f89c6af') in 0.0707071 seconds
Number of updated asset objects reloaded before import = 0Number of asset objects unloaded after import = 14

========================================================================
Received Import Request.
  Time since last request: 0.000018 seconds.
  path: Assets/Oculus/SampleFramework/Core/DebugUI/Prefabs/DebugLabel.prefab
  artifactKey: Guid(b70f270c689802248940829a132bb9cc) Importer(2089858483,192608db42251d675da83286b1cce702)
Start importing Assets/Oculus/SampleFramework/Core/DebugUI/Prefabs/DebugLabel.prefab using Guid(b70f270c689802248940829a132bb9cc) Importer(2089858483,192608db42251d675da83286b1cce702) (ScriptedImporter) -> (artifact id: '4d1abffc72b3dbf9f3b2d19cd59cdde5') in 0.0269356 seconds
Number of updated asset objects reloaded before import = 0Number of asset objects unloaded after import = 8

========================================================================
Received Import Request.
  Time since last request: 0.000027 seconds.
  path: Assets/Oculus/SampleFramework/Core/Locomotion/Materials/ColumnGlow.shader
  artifactKey: Guid(25bc671e448181c4fab3e6f52fb9d4bd) Importer(2089858483,192608db42251d675da83286b1cce702)
Start importing Assets/Oculus/SampleFramework/Core/Locomotion/Materials/ColumnGlow.shader using Guid(25bc671e448181c4fab3e6f52fb9d4bd) Importer(2089858483,192608db42251d675da83286b1cce702) (ScriptedImporter) -> (artifact id: '1a6e4d9db704e6ba3fb3f11efba45fa2') in 0.0180438 seconds
Number of updated asset objects reloaded before import = 0Number of asset objects unloaded after import = 1

========================================================================
Received Import Request.
  Time since last request: 0.000019 seconds.
  path: Assets/Oculus/SampleFramework/Core/DebugUI/Prefabs/DebugRadio.prefab
  artifactKey: Guid(a508804a6c02d1c44885f209b9996929) Importer(2089858483,192608db42251d675da83286b1cce702)
Start importing Assets/Oculus/SampleFramework/Core/DebugUI/Prefabs/DebugRadio.prefab using Guid(a508804a6c02d1c44885f209b9996929) Importer(2089858483,192608db42251d675da83286b1cce702) (ScriptedImporter) -> (artifact id: '2cd37670f8bcdd529f1040659f7823d9') in 0.0452741 seconds
Number of updated asset objects reloaded before import = 0Number of asset objects unloaded after import = 21

========================================================================
Received Import Request.
  Time since last request: 0.000034 seconds.
  path: Assets/Oculus/SampleFramework/Core/TouchControllers/Models/left_touch_controller_model_skel.fbx
  artifactKey: Guid(1bf8f52eeebe8e149b9d6e3477251532) Importer(2089858483,192608db42251d675da83286b1cce702)
Start importing Assets/Oculus/SampleFramework/Core/TouchControllers/Models/left_touch_controller_model_skel.fbx using Guid(1bf8f52eeebe8e149b9d6e3477251532) Importer(2089858483,192608db42251d675da83286b1cce702) (ScriptedImporter) -> (artifact id: '47e7d2840eeb525d0fcc764cf8053b2c') in 0.0316847 seconds
Number of updated asset objects reloaded before import = 0Number of asset objects unloaded after import = 64

========================================================================
Received Import Request.
  Time since last request: 0.000018 seconds.
  path: Assets/Oculus/SampleFramework/Usage/DistanceGrab/Materials/SoccerBlackWithOutline.mat
  artifactKey: Guid(66fffd1e8231547c79ebe557deb6c501) Importer(2089858483,192608db42251d675da83286b1cce702)
Start importing Assets/Oculus/SampleFramework/Usage/DistanceGrab/Materials/SoccerBlackWithOutline.mat using Guid(66fffd1e8231547c79ebe557deb6c501) Importer(2089858483,192608db42251d675da83286b1cce702) (ScriptedImporter) -> (artifact id: '661421e679bcf3f390831bd282daa236') in 0.0196225 seconds
Number of updated asset objects reloaded before import = 0Number of asset objects unloaded after import = 2

========================================================================
Received Import Request.
  Time since last request: 0.000024 seconds.
  path: Assets/Oculus/SampleFramework/Core/Video/Materials/MovieTexture.mat
  artifactKey: Guid(0a1063314b03a02488a3ef840b635489) Importer(2089858483,192608db42251d675da83286b1cce702)
Start importing Assets/Oculus/SampleFramework/Core/Video/Materials/MovieTexture.mat using Guid(0a1063314b03a02488a3ef840b635489) Importer(2089858483,192608db42251d675da83286b1cce702) (ScriptedImporter) -> (artifact id: 'e9c9874554f4cf06a5daef548a0d051e') in 0.0197053 seconds
Number of updated asset objects reloaded before import = 0Number of asset objects unloaded after import = 2

========================================================================
Received Import Request.
  Time since last request: 0.000016 seconds.
  path: Assets/Oculus/SampleFramework/Core/TouchControllers/Animations/l_controller_neutral_button02_mask_anim.fbx
  artifactKey: Guid(6f4e8596675a1264cbfe36244078507f) Importer(2089858483,192608db42251d675da83286b1cce702)
Start importing Assets/Oculus/SampleFramework/Core/TouchControllers/Animations/l_controller_neutral_button02_mask_anim.fbx using Guid(6f4e8596675a1264cbfe36244078507f) Importer(2089858483,192608db42251d675da83286b1cce702) (ScriptedImporter) -> (artifact id: '4e9d55186139ac8ab5b617e99bd1e2a5') in 0.0241376 seconds
Number of updated asset objects reloaded before import = 0Number of asset objects unloaded after import = 22

========================================================================
Received Import Request.
  Time since last request: 0.000034 seconds.
  path: Assets/Oculus/SampleFramework/Core/Locomotion/Scripts/TeleportAimHandlerParabolic.cs
  artifactKey: Guid(f2207d0346672d340874d20d6a45eb69) Importer(2089858483,192608db42251d675da83286b1cce702)
Start importing Assets/Oculus/SampleFramework/Core/Locomotion/Scripts/TeleportAimHandlerParabolic.cs using Guid(f2207d0346672d340874d20d6a45eb69) Importer(2089858483,192608db42251d675da83286b1cce702) (ScriptedImporter) -> (artifact id: 'd6e2cbd27f544ac1d66deb4f31f767d8') in 0.016272 seconds
Number of updated asset objects reloaded before import = 0Number of asset objects unloaded after import = 0

========================================================================
Received Import Request.
  Time since last request: 0.000037 seconds.
  path: Assets/Oculus/SampleFramework/Usage/DistanceGrab/Materials/SportsBottleLidWithOutline.mat
  artifactKey: Guid(c4838c9fceddb43a5b32cf5f3d35522d) Importer(2089858483,192608db42251d675da83286b1cce702)
Start importing Assets/Oculus/SampleFramework/Usage/DistanceGrab/Materials/SportsBottleLidWithOutline.mat using Guid(c4838c9fceddb43a5b32cf5f3d35522d) Importer(2089858483,192608db42251d675da83286b1cce702) (ScriptedImporter) -> (artifact id: '41e0cb27357584ee2571d9dbd063b0e9') in 0.0195773 seconds
Number of updated asset objects reloaded before import = 0Number of asset objects unloaded after import = 2

========================================================================
Received Import Request.
  Time since last request: 0.000016 seconds.
  path: Assets/Oculus/SampleFramework/Core/TouchControllers/Animations/l_controller_joy_N_anim.fbx
  artifactKey: Guid(7bb1b18c78a07f547a8933d1c50a662b) Importer(2089858483,192608db42251d675da83286b1cce702)
Start importing Assets/Oculus/SampleFramework/Core/TouchControllers/Animations/l_controller_joy_N_anim.fbx using Guid(7bb1b18c78a07f547a8933d1c50a662b) Importer(2089858483,192608db42251d675da83286b1cce702) (ScriptedImporter) -> (artifact id: '38c45380dd83560a74988de58e94dd05') in 0.0333606 seconds
Number of updated asset objects reloaded before import = 0Number of asset objects unloaded after import = 22

========================================================================
Received Import Request.
  Time since last request: 0.000029 seconds.
  path: Assets/Oculus/SampleFramework/Core/HandsInteraction/Audio/ButtonDown.wav
  artifactKey: Guid(98e759dfda69aa7468d95f5a2c88e366) Importer(2089858483,192608db42251d675da83286b1cce702)
Start importing Assets/Oculus/SampleFramework/Core/HandsInteraction/Audio/ButtonDown.wav using Guid(98e759dfda69aa7468d95f5a2c88e366) Importer(2089858483,192608db42251d675da83286b1cce702) (ScriptedImporter) -> (artifact id: '286040bbfb794024e634d6cee3dd2b80') in 0.0277564 seconds
Number of updated asset objects reloaded before import = 0Number of asset objects unloaded after import = 1

========================================================================
Received Import Request.
  Time since last request: 0.000019 seconds.
  path: Assets/Oculus/SampleFramework/Core/CustomHands/Models/RightHandAnimator.controller
  artifactKey: Guid(f2f9ddb32c6ba5e4dbe0f3ff6cf497aa) Importer(2089858483,192608db42251d675da83286b1cce702)
Start importing Assets/Oculus/SampleFramework/Core/CustomHands/Models/RightHandAnimator.controller using Guid(f2f9ddb32c6ba5e4dbe0f3ff6cf497aa) Importer(2089858483,192608db42251d675da83286b1cce702) (ScriptedImporter) -> (artifact id: 'a443c6778633d91f9648472b65de104b') in 0.0209009 seconds
Number of updated asset objects reloaded before import = 0Number of asset objects unloaded after import = 31

========================================================================
Received Import Request.
  Time since last request: 0.000020 seconds.
  path: Assets/Oculus/SampleFramework/Usage/DistanceGrab/Models/squirtgun_01.fbx
  artifactKey: Guid(167926330d1a648699b66decd0abd87a) Importer(2089858483,192608db42251d675da83286b1cce702)
Start importing Assets/Oculus/SampleFramework/Usage/DistanceGrab/Models/squirtgun_01.fbx using Guid(167926330d1a648699b66decd0abd87a) Importer(2089858483,192608db42251d675da83286b1cce702) (ScriptedImporter) -> (artifact id: '3e8501d13e3593bc82ba8cf59d7a74cc') in 0.029557 seconds
Number of updated asset objects reloaded before import = 0Number of asset objects unloaded after import = 17

========================================================================
Received Import Request.
  Time since last request: 0.000028 seconds.
  path: Assets/Oculus/SampleFramework/Core/Gradle/Editor/Utils.cs
  artifactKey: Guid(b47023a7be72cad4da176c3ceefbd9bf) Importer(2089858483,192608db42251d675da83286b1cce702)
Start importing Assets/Oculus/SampleFramework/Core/Gradle/Editor/Utils.cs using Guid(b47023a7be72cad4da176c3ceefbd9bf) Importer(2089858483,192608db42251d675da83286b1cce702) (ScriptedImporter) -> (artifact id: '7036e47380787cf05934f8254711c324') in 0.0170216 seconds
Number of updated asset objects reloaded before import = 0Number of asset objects unloaded after import = 0

========================================================================
Received Import Request.
  Time since last request: 0.000018 seconds.
  path: Assets/Oculus/SampleFramework/Core/DebugUI/Textures/radio_on_off.png
  artifactKey: Guid(f6e6acbe07068e448ada3d7aaeb72562) Importer(2089858483,192608db42251d675da83286b1cce702)
Start importing Assets/Oculus/SampleFramework/Core/DebugUI/Textures/radio_on_off.png using Guid(f6e6acbe07068e448ada3d7aaeb72562) Importer(2089858483,192608db42251d675da83286b1cce702) (ScriptedImporter) -> (artifact id: '6371d0fa11813863dc76e3c6ff40ea7a') in 0.0255846 seconds
Number of updated asset objects reloaded before import = 0Number of asset objects unloaded after import = 4

========================================================================
Received Import Request.
  Time since last request: 0.000015 seconds.
  path: Assets/Oculus/SampleFramework/Usage/AppDeeplink/UI/CustomDebugUI.cs
  artifactKey: Guid(f58ede4971e20144484e6aec209350be) Importer(2089858483,192608db42251d675da83286b1cce702)
Start importing Assets/Oculus/SampleFramework/Usage/AppDeeplink/UI/CustomDebugUI.cs using Guid(f58ede4971e20144484e6aec209350be) Importer(2089858483,192608db42251d675da83286b1cce702) (ScriptedImporter) -> (artifact id: '0f37bcbd0f48eda6e5f50475ae897bec') in 0.016015 seconds
Number of updated asset objects reloaded before import = 0Number of asset objects unloaded after import = 0

========================================================================
Received Import Request.
  Time since last request: 0.000018 seconds.
  path: Assets/Oculus/SampleFramework/Core/TouchControllers/Animations/l_controller_neutral_trigger_pull_mask_anim.fbx
  artifactKey: Guid(6848f611ef9312e4aa10a28c22aee7cf) Importer(2089858483,192608db42251d675da83286b1cce702)
Start importing Assets/Oculus/SampleFramework/Core/TouchControllers/Animations/l_controller_neutral_trigger_pull_mask_anim.fbx using Guid(6848f611ef9312e4aa10a28c22aee7cf) Importer(2089858483,192608db42251d675da83286b1cce702) (ScriptedImporter) -> (artifact id: '29829af1992fb61313daf674de1c511f') in 0.0269671 seconds
Number of updated asset objects reloaded before import = 0Number of asset objects unloaded after import = 22

========================================================================
Received Import Request.
  Time since last request: 0.000018 seconds.
  path: Assets/Oculus/SampleFramework/Core/CustomHands/Textures/ramp_toon_01.png
  artifactKey: Guid(c4cf0408250b84759ab0fdfe3f3d5501) Importer(2089858483,192608db42251d675da83286b1cce702)
Start importing Assets/Oculus/SampleFramework/Core/CustomHands/Textures/ramp_toon_01.png using Guid(c4cf0408250b84759ab0fdfe3f3d5501) Importer(2089858483,192608db42251d675da83286b1cce702) (ScriptedImporter) -> (artifact id: '97f881080f69c811f5679f5b2f684b6d') in 0.0236419 seconds
Number of updated asset objects reloaded before import = 0Number of asset objects unloaded after import = 1

========================================================================
Received Import Request.
  Time since last request: 0.000022 seconds.
  path: Assets/Oculus/SampleFramework/Usage/DistanceGrab/PhysicsMaterials/RubberPhysMat.physicMaterial
  artifactKey: Guid(948611cc428a84b569ad7626e6649205) Importer(2089858483,192608db42251d675da83286b1cce702)
Start importing Assets/Oculus/SampleFramework/Usage/DistanceGrab/PhysicsMaterials/RubberPhysMat.physicMaterial using Guid(948611cc428a84b569ad7626e6649205) Importer(2089858483,192608db42251d675da83286b1cce702) (ScriptedImporter) -> (artifact id: 'a3d30a67844eb5e2b8456bc225abb7c7') in 0.0190545 seconds
Number of updated asset objects reloaded before import = 0Number of asset objects unloaded after import = 1

========================================================================
Received Import Request.
  Time since last request: 0.000029 seconds.
  path: Assets/Oculus/SampleFramework/Core/Locomotion/Scripts/TeleportTargetHandlerPhysical.cs
  artifactKey: Guid(7d8fa3b51be1cb745a66b9f32a13f550) Importer(2089858483,192608db42251d675da83286b1cce702)
Start importing Assets/Oculus/SampleFramework/Core/Locomotion/Scripts/TeleportTargetHandlerPhysical.cs using Guid(7d8fa3b51be1cb745a66b9f32a13f550) Importer(2089858483,192608db42251d675da83286b1cce702) (ScriptedImporter) -> (artifact id: 'c4e7b33be955323f5fbd3c91ff99e20a') in 0.0172493 seconds
Number of updated asset objects reloaded before import = 0Number of asset objects unloaded after import = 0

========================================================================
Received Import Request.
  Time since last request: 0.000019 seconds.
  path: Assets/Oculus/SampleFramework/Core/Locomotion/Models/DestinationIndicatorSimple.fbx
  artifactKey: Guid(823dc0eb5b064e14da00166d21f93fef) Importer(2089858483,192608db42251d675da83286b1cce702)
Start importing Assets/Oculus/SampleFramework/Core/Locomotion/Models/DestinationIndicatorSimple.fbx using Guid(823dc0eb5b064e14da00166d21f93fef) Importer(2089858483,192608db42251d675da83286b1cce702) (ScriptedImporter) -> (artifact id: 'e537d1b721f423ac47c16b826e37c4bb') in 0.0219802 seconds
Number of updated asset objects reloaded before import = 0Number of asset objects unloaded after import = 15

========================================================================
Received Import Request.
  Time since last request: 0.000020 seconds.
  path: Assets/Oculus/SampleFramework/Usage/HandsTrainExample/Audio/Train_Stop_From_Speed_5.wav
  artifactKey: Guid(b0bdc702f0adfaf43b6c3fb7061c51e5) Importer(2089858483,192608db42251d675da83286b1cce702)
Start importing Assets/Oculus/SampleFramework/Usage/HandsTrainExample/Audio/Train_Stop_From_Speed_5.wav using Guid(b0bdc702f0adfaf43b6c3fb7061c51e5) Importer(2089858483,192608db42251d675da83286b1cce702) (ScriptedImporter) -> (artifact id: 'b639b0f5657a539d7b801aeb8d9700bf') in 0.0358555 seconds
Number of updated asset objects reloaded before import = 0Number of asset objects unloaded after import = 1

========================================================================
Received Import Request.
  Time since last request: 0.000017 seconds.
  path: Assets/Oculus/SampleFramework/Usage/HandsTrainExample/Prefabs/RightSegment.prefab
  artifactKey: Guid(c458bcf4711b479478e49962283bac76) Importer(2089858483,192608db42251d675da83286b1cce702)
Start importing Assets/Oculus/SampleFramework/Usage/HandsTrainExample/Prefabs/RightSegment.prefab using Guid(c458bcf4711b479478e49962283bac76) Importer(2089858483,192608db42251d675da83286b1cce702) (ScriptedImporter) -> (artifact id: 'ab6171c018cb2fe069cb385f6c65b060') in 0.0233527 seconds
Number of updated asset objects reloaded before import = 0Number of asset objects unloaded after import = 8

========================================================================
Received Import Request.
  Time since last request: 0.000024 seconds.
  path: Assets/Oculus/SampleFramework/Usage/HandsTrainExample/TrainScene/Lightmap-37_comp_light.exr
  artifactKey: Guid(0637d88f2a3e67b4c81bc5f9465383fc) Importer(2089858483,192608db42251d675da83286b1cce702)
Start importing Assets/Oculus/SampleFramework/Usage/HandsTrainExample/TrainScene/Lightmap-37_comp_light.exr using Guid(0637d88f2a3e67b4c81bc5f9465383fc) Importer(2089858483,192608db42251d675da83286b1cce702) (ScriptedImporter) -> (artifact id: 'eb07916657f8c06a65fa718d39ae3c0a') in 0.026787 seconds
Number of updated asset objects reloaded before import = 0Number of asset objects unloaded after import = 1

========================================================================
Received Import Request.
  Time since last request: 0.000041 seconds.
  path: Assets/Oculus/SampleFramework/Usage/HandsTrainExample/Materials/SmokeBillowMat.mat
  artifactKey: Guid(92273b6e1c2f94d4e890fe1d8be56869) Importer(2089858483,192608db42251d675da83286b1cce702)
Start importing Assets/Oculus/SampleFramework/Usage/HandsTrainExample/Materials/SmokeBillowMat.mat using Guid(92273b6e1c2f94d4e890fe1d8be56869) Importer(2089858483,192608db42251d675da83286b1cce702) (ScriptedImporter) -> (artifact id: '031747fd7cd8e272a4ad1755f893342f') in 0.0237652 seconds
Number of updated asset objects reloaded before import = 0Number of asset objects unloaded after import = 2

========================================================================
Received Import Request.
  Time since last request: 0.000018 seconds.
  path: Assets/Oculus/SampleFramework/Usage/HandsTrainExample/TrainScene/Lightmap-11_comp_shadowmask.png
  artifactKey: Guid(4af181395a0889942bd42a93cfa85f62) Importer(2089858483,192608db42251d675da83286b1cce702)
Start importing Assets/Oculus/SampleFramework/Usage/HandsTrainExample/TrainScene/Lightmap-11_comp_shadowmask.png using Guid(4af181395a0889942bd42a93cfa85f62) Importer(2089858483,192608db42251d675da83286b1cce702) (ScriptedImporter) -> (artifact id: '774ed97157a0ce256e4f3afc4c88e476') in 0.0211439 seconds
Number of updated asset objects reloaded before import = 0Number of asset objects unloaded after import = 1

========================================================================
Received Import Request.
  Time since last request: 0.000016 seconds.
  path: Assets/Oculus/SampleFramework/Usage/HandsTrainExample/TrainScene/Lightmap-23_comp_shadowmask.png
  artifactKey: Guid(02a8c30682e9f564c8caeaad9907abc4) Importer(2089858483,192608db42251d675da83286b1cce702)
Start importing Assets/Oculus/SampleFramework/Usage/HandsTrainExample/TrainScene/Lightmap-23_comp_shadowmask.png using Guid(02a8c30682e9f564c8caeaad9907abc4) Importer(2089858483,192608db42251d675da83286b1cce702) (ScriptedImporter) -> (artifact id: '7e09b3f0982280c673ec03e56b71cc65') in 0.025904 seconds
Number of updated asset objects reloaded before import = 0Number of asset objects unloaded after import = 1

========================================================================
Received Import Request.
  Time since last request: 0.000027 seconds.
  path: Assets/Oculus/SampleFramework/Usage/HandsTrainExample/Textures/XingLight.svg
  artifactKey: Guid(5bf89341012d5104286d3d51e6e254dc) Importer(2089858483,192608db42251d675da83286b1cce702)
Start importing Assets/Oculus/SampleFramework/Usage/HandsTrainExample/Textures/XingLight.svg using Guid(5bf89341012d5104286d3d51e6e254dc) Importer(2089858483,192608db42251d675da83286b1cce702) (ScriptedImporter) -> (artifact id: '1d01384003d8769b00147c80e8af58ee') in 0.0164911 seconds
Number of updated asset objects reloaded before import = 0Number of asset objects unloaded after import = 1

========================================================================
Received Import Request.
  Time since last request: 0.000019 seconds.
  path: Assets/Oculus/SampleFramework/Usage/HandsTrainExample/TrainScene/Lightmap-19_comp_dir.png
  artifactKey: Guid(c5b3c31a184a9b14ca0407e885edc7f3) Importer(2089858483,192608db42251d675da83286b1cce702)
Start importing Assets/Oculus/SampleFramework/Usage/HandsTrainExample/TrainScene/Lightmap-19_comp_dir.png using Guid(c5b3c31a184a9b14ca0407e885edc7f3) Importer(2089858483,192608db42251d675da83286b1cce702) (ScriptedImporter) -> (artifact id: 'b40bd0c3dbc4309d48826b6b4908506a') in 0.0207962 seconds
Number of updated asset objects reloaded before import = 0Number of asset objects unloaded after import = 1

========================================================================
Received Import Request.
  Time since last request: 0.000036 seconds.
  path: Assets/Oculus/SampleFramework/Usage/HandsTrainExample/TrainScene/Lightmap-12_comp_light.exr
  artifactKey: Guid(cda425367f94db440a18d74173bff136) Importer(2089858483,192608db42251d675da83286b1cce702)
Start importing Assets/Oculus/SampleFramework/Usage/HandsTrainExample/TrainScene/Lightmap-12_comp_light.exr using Guid(cda425367f94db440a18d74173bff136) Importer(2089858483,192608db42251d675da83286b1cce702) (ScriptedImporter) -> (artifact id: '4fb7eef67a3a5404b0ce04dc50a895ee') in 0.0235096 seconds
Number of updated asset objects reloaded before import = 0Number of asset objects unloaded after import = 1

========================================================================
Received Import Request.
  Time since last request: 0.000021 seconds.
  path: Assets/Oculus/SampleFramework/Usage/DistanceGrab/Prefabs/DistanceGrabSquirtGunPf.prefab
  artifactKey: Guid(22b887b25a8d6409588281047bba5d66) Importer(2089858483,192608db42251d675da83286b1cce702)
Start importing Assets/Oculus/SampleFramework/Usage/DistanceGrab/Prefabs/DistanceGrabSquirtGunPf.prefab using Guid(22b887b25a8d6409588281047bba5d66) Importer(2089858483,192608db42251d675da83286b1cce702) (ScriptedImporter) -> (artifact id: '87bf2a04a3e8baef8a0ed99163c930e0') in 0.0241357 seconds
Number of updated asset objects reloaded before import = 0Number of asset objects unloaded after import = 12

========================================================================
Received Import Request.
  Time since last request: 0.000020 seconds.
  path: Assets/Oculus/SampleFramework/Usage/HandsTrainExample/Audio/Train_Speed_3_Loop.wav
  artifactKey: Guid(895afed3a12c32c4d94fa45643087c69) Importer(2089858483,192608db42251d675da83286b1cce702)
Start importing Assets/Oculus/SampleFramework/Usage/HandsTrainExample/Audio/Train_Speed_3_Loop.wav using Guid(895afed3a12c32c4d94fa45643087c69) Importer(2089858483,192608db42251d675da83286b1cce702) (ScriptedImporter) -> (artifact id: '17e9f0129129a7e2f8d2cb70ffeae328') in 0.0450602 seconds
Number of updated asset objects reloaded before import = 0Number of asset objects unloaded after import = 1

========================================================================
Received Import Request.
  Time since last request: 0.000024 seconds.
  path: Assets/Oculus/SampleFramework/Usage/HandsTrainExample/TrainScene/Lightmap-12_comp_dir.png
  artifactKey: Guid(2558c1f91fd96f84abeac5e50c0ca44e) Importer(2089858483,192608db42251d675da83286b1cce702)
Start importing Assets/Oculus/SampleFramework/Usage/HandsTrainExample/TrainScene/Lightmap-12_comp_dir.png using Guid(2558c1f91fd96f84abeac5e50c0ca44e) Importer(2089858483,192608db42251d675da83286b1cce702) (ScriptedImporter) -> (artifact id: 'ee5a0479e746cd575902759a7b8e8673') in 0.0558109 seconds
Number of updated asset objects reloaded before import = 0Number of asset objects unloaded after import = 1

========================================================================
Received Import Request.
  Time since last request: 0.000025 seconds.
  path: Assets/Oculus/SampleFramework/Usage/HandsTrainExample/TrainScene/Lightmap-10_comp_light.exr
  artifactKey: Guid(1cc060f59bfd2bf4f89995f6e5e90f79) Importer(2089858483,192608db42251d675da83286b1cce702)
Start importing Assets/Oculus/SampleFramework/Usage/HandsTrainExample/TrainScene/Lightmap-10_comp_light.exr using Guid(1cc060f59bfd2bf4f89995f6e5e90f79) Importer(2089858483,192608db42251d675da83286b1cce702) (ScriptedImporter) -> (artifact id: '4fcbcce55ca0611e4f7409f3a039a89c') in 0.0238312 seconds
Number of updated asset objects reloaded before import = 0Number of asset objects unloaded after import = 1

========================================================================
Received Import Request.
  Time since last request: 0.000024 seconds.
  path: Assets/Oculus/SampleFramework/Usage/HandsTrainExample/Scripts/TrainCarBase.cs
  artifactKey: Guid(8cdf7e059dbb0a74c8ac7af28555f169) Importer(2089858483,192608db42251d675da83286b1cce702)
Start importing Assets/Oculus/SampleFramework/Usage/HandsTrainExample/Scripts/TrainCarBase.cs using Guid(8cdf7e059dbb0a74c8ac7af28555f169) Importer(2089858483,192608db42251d675da83286b1cce702) (ScriptedImporter) -> (artifact id: 'aeeec70dd41e832610589886f90c9949') in 0.0167315 seconds
Number of updated asset objects reloaded before import = 0Number of asset objects unloaded after import = 0

========================================================================
Received Import Request.
  Time since last request: 0.000017 seconds.
  path: Assets/Oculus/SampleFramework/Usage/HandsTrainExample/TrainScene/Lightmap-27_comp_dir.png
  artifactKey: Guid(6e83fb2ba2e14df43bc7c9b1a8c11623) Importer(2089858483,192608db42251d675da83286b1cce702)
Start importing Assets/Oculus/SampleFramework/Usage/HandsTrainExample/TrainScene/Lightmap-27_comp_dir.png using Guid(6e83fb2ba2e14df43bc7c9b1a8c11623) Importer(2089858483,192608db42251d675da83286b1cce702) (ScriptedImporter) -> (artifact id: '003800d34bea02bee960d175b4676fa5') in 0.0239055 seconds
Number of updated asset objects reloaded before import = 0Number of asset objects unloaded after import = 1

========================================================================
Received Import Request.
  Time since last request: 0.000019 seconds.
  path: Assets/Oculus/SampleFramework/Usage/HandsTrainExample/Textures/diorama_paint_diorama_main_elements_DiffuseGlossiness.png
  artifactKey: Guid(67dce7e8b86381241a992e155b539e5a) Importer(2089858483,192608db42251d675da83286b1cce702)
Start importing Assets/Oculus/SampleFramework/Usage/HandsTrainExample/Textures/diorama_paint_diorama_main_elements_DiffuseGlossiness.png using Guid(67dce7e8b86381241a992e155b539e5a) Importer(2089858483,192608db42251d675da83286b1cce702) (ScriptedImporter) -> (artifact id: '901f886cb7d23f3d2d663aa42be83b20') in 0.0236244 seconds
Number of updated asset objects reloaded before import = 0Number of asset objects unloaded after import = 1

========================================================================
Received Import Request.
  Time since last request: 0.000019 seconds.
  path: Assets/Oculus/SampleFramework/Core/Locomotion/Scripts/TeleportPoint.cs
  artifactKey: Guid(1787d5d9d5016e24887c57d4163b3ebb) Importer(2089858483,192608db42251d675da83286b1cce702)
Start importing Assets/Oculus/SampleFramework/Core/Locomotion/Scripts/TeleportPoint.cs using Guid(1787d5d9d5016e24887c57d4163b3ebb) Importer(2089858483,192608db42251d675da83286b1cce702) (ScriptedImporter) -> (artifact id: '94853c51984c4b2cc0fb5fc4d4531689') in 0.0159697 seconds
Number of updated asset objects reloaded before import = 0Number of asset objects unloaded after import = 0

========================================================================
Received Import Request.
  Time since last request: 0.000029 seconds.
  path: Assets/Oculus/SampleFramework/Core/TouchControllers/Animations/l_controller_joy_E_anim.fbx
  artifactKey: Guid(e241ef1d86dba5f48b9987e881378d00) Importer(2089858483,192608db42251d675da83286b1cce702)
Start importing Assets/Oculus/SampleFramework/Core/TouchControllers/Animations/l_controller_joy_E_anim.fbx using Guid(e241ef1d86dba5f48b9987e881378d00) Importer(2089858483,192608db42251d675da83286b1cce702) (ScriptedImporter) -> (artifact id: 'cc96883137b61f1b5fe2bfcd0cf0d3db') in 0.0213191 seconds
Number of updated asset objects reloaded before import = 0Number of asset objects unloaded after import = 22

========================================================================
Received Import Request.
  Time since last request: 0.000034 seconds.
  path: Assets/Oculus/SampleFramework/Usage/HandsTrainExample/Prefabs/StraightSegment.prefab
  artifactKey: Guid(8abf81966316aaa4ab3c679a2a46c5b4) Importer(2089858483,192608db42251d675da83286b1cce702)
Start importing Assets/Oculus/SampleFramework/Usage/HandsTrainExample/Prefabs/StraightSegment.prefab using Guid(8abf81966316aaa4ab3c679a2a46c5b4) Importer(2089858483,192608db42251d675da83286b1cce702) (ScriptedImporter) -> (artifact id: 'bd0a0ff5b03ece5338d45aa18185a652') in 0.0239563 seconds
Number of updated asset objects reloaded before import = 0Number of asset objects unloaded after import = 8

========================================================================
Received Import Request.
  Time since last request: 0.000018 seconds.
  path: Assets/Oculus/SampleFramework/Core/CustomHands/Animations/l_hand_squirtgun_hold.fbx
  artifactKey: Guid(43171d57359ad41adb9be2572f17ca1c) Importer(2089858483,192608db42251d675da83286b1cce702)
Start importing Assets/Oculus/SampleFramework/Core/CustomHands/Animations/l_hand_squirtgun_hold.fbx using Guid(43171d57359ad41adb9be2572f17ca1c) Importer(2089858483,192608db42251d675da83286b1cce702) (ScriptedImporter) -> (artifact id: 'c94166f7b664fe0e2e2377e0db1d5a5b') in 0.028997 seconds
Number of updated asset objects reloaded before import = 0Number of asset objects unloaded after import = 57

========================================================================
Received Import Request.
  Time since last request: 0.000041 seconds.
  path: Assets/Oculus/Interaction/Samples/Environment/Locomotion/NavMesh.asset
  artifactKey: Guid(3c5f28d4801b36744961bf4c1bcacab8) Importer(2089858483,192608db42251d675da83286b1cce702)
Start importing Assets/Oculus/Interaction/Samples/Environment/Locomotion/NavMesh.asset using Guid(3c5f28d4801b36744961bf4c1bcacab8) Importer(2089858483,192608db42251d675da83286b1cce702) (ScriptedImporter) -> (artifact id: '12ead7684192a39ef6b339069fc5784e') in 0.0223936 seconds
Number of updated asset objects reloaded before import = 0Number of asset objects unloaded after import = 1

========================================================================
Received Import Request.
  Time since last request: 0.000020 seconds.
  path: Assets/Oculus/SampleFramework/Usage/HandsTrainExample/Audio/Train_Crossing.wav
  artifactKey: Guid(c60b8ac4916103d41abbb35a9287ff09) Importer(2089858483,192608db42251d675da83286b1cce702)
Start importing Assets/Oculus/SampleFramework/Usage/HandsTrainExample/Audio/Train_Crossing.wav using Guid(c60b8ac4916103d41abbb35a9287ff09) Importer(2089858483,192608db42251d675da83286b1cce702) (ScriptedImporter) -> (artifact id: '45ac7be453a9856372f14ba2294220bb') in 0.03352 seconds
Number of updated asset objects reloaded before import = 0Number of asset objects unloaded after import = 1

========================================================================
Received Import Request.
  Time since last request: 0.000060 seconds.
  path: Assets/Oculus/Interaction/Samples/Scenes/Features/PokeButton.unity
  artifactKey: Guid(32b32b71d73d2d649bf917f969f663a1) Importer(2089858483,192608db42251d675da83286b1cce702)
Start importing Assets/Oculus/Interaction/Samples/Scenes/Features/PokeButton.unity using Guid(32b32b71d73d2d649bf917f969f663a1) Importer(2089858483,192608db42251d675da83286b1cce702) (ScriptedImporter) -> (artifact id: 'c2b7ccfbbc37eb2eb1c0336ac0981dcd') in 0.0367297 seconds
Number of updated asset objects reloaded before import = 0Number of asset objects unloaded after import = 1

========================================================================
Received Import Request.
  Time since last request: 0.000044 seconds.
  path: Assets/Oculus/Platform/Samples/VrBoardGame/Scripts/GameBoard.cs
  artifactKey: Guid(94decd43dfca0db43a3936edb109ca2e) Importer(2089858483,192608db42251d675da83286b1cce702)
Start importing Assets/Oculus/Platform/Samples/VrBoardGame/Scripts/GameBoard.cs using Guid(94decd43dfca0db43a3936edb109ca2e) Importer(2089858483,192608db42251d675da83286b1cce702) (ScriptedImporter) -> (artifact id: '83852f3b2032ce75eb3a8863c5ec8981') in 0.0167861 seconds
Number of updated asset objects reloaded before import = 0Number of asset objects unloaded after import = 0

========================================================================
Received Import Request.
  Time since last request: 0.000017 seconds.
  path: Assets/Oculus/Interaction/Runtime/Scripts/Shapes/CylinderOrientation.cs
  artifactKey: Guid(aff695301f170c6439b1767baa3f718a) Importer(2089858483,192608db42251d675da83286b1cce702)
Start importing Assets/Oculus/Interaction/Runtime/Scripts/Shapes/CylinderOrientation.cs using Guid(aff695301f170c6439b1767baa3f718a) Importer(2089858483,192608db42251d675da83286b1cce702) (ScriptedImporter) -> (artifact id: '31b700231b2e3f14ff900b4e1afe8940') in 0.0168278 seconds
Number of updated asset objects reloaded before import = 0Number of asset objects unloaded after import = 0

========================================================================
Received Import Request.
  Time since last request: 0.000020 seconds.
  path: Assets/Oculus/SampleFramework/Usage/HandsTrainExample/TrainScene/Lightmap-30_comp_shadowmask.png
  artifactKey: Guid(97f9dc047e6f5ae4ea1a4840bab51de7) Importer(2089858483,192608db42251d675da83286b1cce702)
Start importing Assets/Oculus/SampleFramework/Usage/HandsTrainExample/TrainScene/Lightmap-30_comp_shadowmask.png using Guid(97f9dc047e6f5ae4ea1a4840bab51de7) Importer(2089858483,192608db42251d675da83286b1cce702) (ScriptedImporter) -> (artifact id: '4da669172415f88f440aa11c12a9b35e') in 0.0290359 seconds
Number of updated asset objects reloaded before import = 0Number of asset objects unloaded after import = 1

========================================================================
Received Import Request.
  Time since last request: 0.000023 seconds.
  path: Assets/Oculus/Interaction/Samples/Audio/Content/Interaction_BasicGrab_Grab_02.wav
  artifactKey: Guid(cbaf8af418050074d94500378f012f45) Importer(2089858483,192608db42251d675da83286b1cce702)
Start importing Assets/Oculus/Interaction/Samples/Audio/Content/Interaction_BasicGrab_Grab_02.wav using Guid(cbaf8af418050074d94500378f012f45) Importer(2089858483,192608db42251d675da83286b1cce702) (ScriptedImporter) -> (artifact id: 'ce96176c0803739006f25d29eae3bc78') in 0.0314011 seconds
Number of updated asset objects reloaded before import = 0Number of asset objects unloaded after import = 1

========================================================================
Received Import Request.
  Time since last request: 0.000018 seconds.
  path: Assets/Oculus/Interaction/Samples/Audio/Content/Interaction_BasicGrab_Release_02.wav
  artifactKey: Guid(c778383a4f7517444bceb89ec51cc4c9) Importer(2089858483,192608db42251d675da83286b1cce702)
Start importing Assets/Oculus/Interaction/Samples/Audio/Content/Interaction_BasicGrab_Release_02.wav using Guid(c778383a4f7517444bceb89ec51cc4c9) Importer(2089858483,192608db42251d675da83286b1cce702) (ScriptedImporter) -> (artifact id: '3d80c659a757d51356ab1fb9834923cf') in 0.0265199 seconds
Number of updated asset objects reloaded before import = 0Number of asset objects unloaded after import = 1

========================================================================
Received Import Request.
  Time since last request: 0.000027 seconds.
  path: Assets/Oculus/Interaction/Samples/Audio/Content/Interaction_PoseDetection_Stop_01.wav
  artifactKey: Guid(33504eb0b3cd875429958bc67b832de0) Importer(2089858483,192608db42251d675da83286b1cce702)
Start importing Assets/Oculus/Interaction/Samples/Audio/Content/Interaction_PoseDetection_Stop_01.wav using Guid(33504eb0b3cd875429958bc67b832de0) Importer(2089858483,192608db42251d675da83286b1cce702) (ScriptedImporter) -> (artifact id: '4b708b384141bcd5855260e390825d7b') in 0.0307927 seconds
Number of updated asset objects reloaded before import = 0Number of asset objects unloaded after import = 1

========================================================================
Received Import Request.
  Time since last request: 0.000036 seconds.
  path: Assets/Oculus/SampleFramework/Usage/HandsTrainExample/Audio/Train_Stop_From_Speed_3.wav
  artifactKey: Guid(c9f82cf5ea0f4e34fb4ba9b821978bd2) Importer(2089858483,192608db42251d675da83286b1cce702)
Start importing Assets/Oculus/SampleFramework/Usage/HandsTrainExample/Audio/Train_Stop_From_Speed_3.wav using Guid(c9f82cf5ea0f4e34fb4ba9b821978bd2) Importer(2089858483,192608db42251d675da83286b1cce702) (ScriptedImporter) -> (artifact id: '6aac0c8fd882264b7d74b31c7a8496f5') in 0.0397768 seconds
Number of updated asset objects reloaded before import = 0Number of asset objects unloaded after import = 1

========================================================================
Received Import Request.
  Time since last request: 0.000015 seconds.
  path: Assets/Oculus/SampleFramework/Usage/HandsTrainExample/Materials/SelectionCylinderBase.mat
  artifactKey: Guid(12d9a49768b575643a552c2ce6fdc26e) Importer(2089858483,192608db42251d675da83286b1cce702)
Start importing Assets/Oculus/SampleFramework/Usage/HandsTrainExample/Materials/SelectionCylinderBase.mat using Guid(12d9a49768b575643a552c2ce6fdc26e) Importer(2089858483,192608db42251d675da83286b1cce702) (ScriptedImporter) -> (artifact id: '694f959f9233c1cd14912bffdb5d8f27') in 0.0202297 seconds
Number of updated asset objects reloaded before import = 0Number of asset objects unloaded after import = 2

========================================================================
Received Import Request.
  Time since last request: 0.000022 seconds.
  path: Assets/Oculus/SampleFramework/Usage/HandsTrainExample/TrainScene/Lightmap-11_comp_dir.png
  artifactKey: Guid(88db0434e7fd3ce43bc58771a80eda60) Importer(2089858483,192608db42251d675da83286b1cce702)
Start importing Assets/Oculus/SampleFramework/Usage/HandsTrainExample/TrainScene/Lightmap-11_comp_dir.png using Guid(88db0434e7fd3ce43bc58771a80eda60) Importer(2089858483,192608db42251d675da83286b1cce702) (ScriptedImporter) -> (artifact id: 'd646394a81cf970feb5c05106a5402d4') in 0.0263816 seconds
Number of updated asset objects reloaded before import = 0Number of asset objects unloaded after import = 1

========================================================================
Received Import Request.
  Time since last request: 0.000027 seconds.
  path: Assets/Oculus/Interaction/Samples/Audio/Content/Interaction_PoseDetection_ThumbsUp_03.wav
  artifactKey: Guid(9b19288dd66a54a4eb7774dd05c2a328) Importer(2089858483,192608db42251d675da83286b1cce702)
Start importing Assets/Oculus/Interaction/Samples/Audio/Content/Interaction_PoseDetection_ThumbsUp_03.wav using Guid(9b19288dd66a54a4eb7774dd05c2a328) Importer(2089858483,192608db42251d675da83286b1cce702) (ScriptedImporter) -> (artifact id: '7e8e74894d7de4d45f3cbb3ced37a7c7') in 0.0284276 seconds
Number of updated asset objects reloaded before import = 0Number of asset objects unloaded after import = 1

========================================================================
Received Import Request.
  Time since last request: 0.000020 seconds.
  path: Assets/Oculus/SampleFramework/Core/CustomHands/Animations/l_hand_relax_3qtr_fist_anim.fbx
  artifactKey: Guid(79e0d96a3e30fec46a930ab7dd95ef5f) Importer(2089858483,192608db42251d675da83286b1cce702)
Start importing Assets/Oculus/SampleFramework/Core/CustomHands/Animations/l_hand_relax_3qtr_fist_anim.fbx using Guid(79e0d96a3e30fec46a930ab7dd95ef5f) Importer(2089858483,192608db42251d675da83286b1cce702) (ScriptedImporter) -> (artifact id: 'cc6d059d88b9f49c8db865c4a22dc2c4') in 0.0213389 seconds
Number of updated asset objects reloaded before import = 0Number of asset objects unloaded after import = 55

========================================================================
Received Import Request.
  Time since last request: 0.000015 seconds.
  path: Assets/Oculus/SampleFramework/Usage/HandsTrainExample/TrainScene/Lightmap-31_comp_shadowmask.png
  artifactKey: Guid(f70e7df3a2fa3aa41a0f5a99ee2c74a2) Importer(2089858483,192608db42251d675da83286b1cce702)
Start importing Assets/Oculus/SampleFramework/Usage/HandsTrainExample/TrainScene/Lightmap-31_comp_shadowmask.png using Guid(f70e7df3a2fa3aa41a0f5a99ee2c74a2) Importer(2089858483,192608db42251d675da83286b1cce702) (ScriptedImporter) -> (artifact id: 'ee3fc96622fe0370e7cccf8831e113e1') in 0.0199534 seconds
Number of updated asset objects reloaded before import = 0Number of asset objects unloaded after import = 1

========================================================================
Received Import Request.
  Time since last request: 0.000026 seconds.
  path: Assets/Oculus/Interaction/Runtime/Scripts/HandGlow/HandPokeOvershootGlow.cs
  artifactKey: Guid(b07be626a8e824a5aaed89fffbde2fc7) Importer(2089858483,192608db42251d675da83286b1cce702)
Start importing Assets/Oculus/Interaction/Runtime/Scripts/HandGlow/HandPokeOvershootGlow.cs using Guid(b07be626a8e824a5aaed89fffbde2fc7) Importer(2089858483,192608db42251d675da83286b1cce702) (ScriptedImporter) -> (artifact id: '4acd54f3d0c18900827d462d05dd45c6') in 0.0188015 seconds
Number of updated asset objects reloaded before import = 0Number of asset objects unloaded after import = 0

========================================================================
Received Import Request.
  Time since last request: 0.000015 seconds.
  path: Assets/Oculus/SampleFramework/Usage/HandsTrainExample/TrainScene/Lightmap-14_comp_light.exr
  artifactKey: Guid(d2f095effe4e3bf4f9811e794bad9640) Importer(2089858483,192608db42251d675da83286b1cce702)
Start importing Assets/Oculus/SampleFramework/Usage/HandsTrainExample/TrainScene/Lightmap-14_comp_light.exr using Guid(d2f095effe4e3bf4f9811e794bad9640) Importer(2089858483,192608db42251d675da83286b1cce702) (ScriptedImporter) -> (artifact id: '61c7c14dbd8191ca5ff1d66ad9654ab2') in 0.0241912 seconds
Number of updated asset objects reloaded before import = 0Number of asset objects unloaded after import = 1

========================================================================
Received Import Request.
  Time since last request: 0.000015 seconds.
  path: Assets/Oculus/Interaction/Runtime/Scripts/Shapes/Cylinder.cs
  artifactKey: Guid(41bad9aebb942ca4b809bc97e711df55) Importer(2089858483,192608db42251d675da83286b1cce702)
Start importing Assets/Oculus/Interaction/Runtime/Scripts/Shapes/Cylinder.cs using Guid(41bad9aebb942ca4b809bc97e711df55) Importer(2089858483,192608db42251d675da83286b1cce702) (ScriptedImporter) -> (artifact id: 'ae779055c29f1a49ed0fb868b831a375') in 0.0131291 seconds
Number of updated asset objects reloaded before import = 0Number of asset objects unloaded after import = 0

========================================================================
Received Import Request.
  Time since last request: 0.000016 seconds.
  path: Assets/Oculus/SampleFramework/Usage/HandsTrainExample/TrainScene/Lightmap-9_comp_dir.png
  artifactKey: Guid(d2b66bf386e4ecc4a96274d3fbd904fe) Importer(2089858483,192608db42251d675da83286b1cce702)
Start importing Assets/Oculus/SampleFramework/Usage/HandsTrainExample/TrainScene/Lightmap-9_comp_dir.png using Guid(d2b66bf386e4ecc4a96274d3fbd904fe) Importer(2089858483,192608db42251d675da83286b1cce702) (ScriptedImporter) -> (artifact id: '6d7ecb56918146232e1a7f2cd6a600e4') in 0.0197699 seconds
Number of updated asset objects reloaded before import = 0Number of asset objects unloaded after import = 1

========================================================================
Received Import Request.
  Time since last request: 0.000024 seconds.
  path: Assets/Oculus/SampleFramework/Usage/Passthrough/Materials/DropShadow.tga
  artifactKey: Guid(258e18cf9c21e8e46a8676e92debc25c) Importer(2089858483,192608db42251d675da83286b1cce702)
Start importing Assets/Oculus/SampleFramework/Usage/Passthrough/Materials/DropShadow.tga using Guid(258e18cf9c21e8e46a8676e92debc25c) Importer(2089858483,192608db42251d675da83286b1cce702) (ScriptedImporter) -> (artifact id: '50dbe3e5ec8266c29071726a959404d9') in 0.0220666 seconds
Number of updated asset objects reloaded before import = 0Number of asset objects unloaded after import = 1

========================================================================
Received Import Request.
  Time since last request: 0.000018 seconds.
  path: Assets/Oculus/SampleFramework/Usage/OVROverlay/Prefabs/OverlayUIGeometry.prefab
  artifactKey: Guid(4f915ed4cea2b674987bc3bae8ceeb86) Importer(2089858483,192608db42251d675da83286b1cce702)
Start importing Assets/Oculus/SampleFramework/Usage/OVROverlay/Prefabs/OverlayUIGeometry.prefab using Guid(4f915ed4cea2b674987bc3bae8ceeb86) Importer(2089858483,192608db42251d675da83286b1cce702) (ScriptedImporter) -> (artifact id: '4e6e7b2c30343769c12f9d00f1581c18') in 0.0171175 seconds
Number of updated asset objects reloaded before import = 0Number of asset objects unloaded after import = 54

========================================================================
Received Import Request.
  Time since last request: 0.000015 seconds.
  path: Assets/Oculus/SampleFramework/Usage/OVROverlay/Prefabs/WorldspaceUIGeometry.prefab
  artifactKey: Guid(fbf290ae4ef1a494789b2e442f170d24) Importer(2089858483,192608db42251d675da83286b1cce702)
Start importing Assets/Oculus/SampleFramework/Usage/OVROverlay/Prefabs/WorldspaceUIGeometry.prefab using Guid(fbf290ae4ef1a494789b2e442f170d24) Importer(2089858483,192608db42251d675da83286b1cce702) (ScriptedImporter) -> (artifact id: '7e9820cbbcc4e7966a629471295b911f') in 0.0155331 seconds
Number of updated asset objects reloaded before import = 0Number of asset objects unloaded after import = 54

========================================================================
Received Import Request.
  Time since last request: 0.000013 seconds.
  path: Assets/Oculus/SampleFramework/Usage/Locomotion/Textures/floor_tile_01_dif.png
  artifactKey: Guid(b1e192ef5397548b28e9549ba9e04a14) Importer(2089858483,192608db42251d675da83286b1cce702)
Start importing Assets/Oculus/SampleFramework/Usage/Locomotion/Textures/floor_tile_01_dif.png using Guid(b1e192ef5397548b28e9549ba9e04a14) Importer(2089858483,192608db42251d675da83286b1cce702) (ScriptedImporter) -> (artifact id: '40af06d0ee6f4e56cdbbc231ea2d5d4f') in 0.0196964 seconds
Number of updated asset objects reloaded before import = 0Number of asset objects unloaded after import = 1

========================================================================
Received Import Request.
  Time since last request: 0.000014 seconds.
  path: Assets/Oculus/SampleFramework/Usage/Locomotion/Prefabs/WalkWedgePf.prefab
  artifactKey: Guid(1ebbf2a1c8f914adb93d6505f0368a02) Importer(2089858483,192608db42251d675da83286b1cce702)
Start importing Assets/Oculus/SampleFramework/Usage/Locomotion/Prefabs/WalkWedgePf.prefab using Guid(1ebbf2a1c8f914adb93d6505f0368a02) Importer(2089858483,192608db42251d675da83286b1cce702) (ScriptedImporter) -> (artifact id: 'eaba00491354a61c7dec810d99dcbe27') in 0.01383 seconds
Number of updated asset objects reloaded before import = 0Number of asset objects unloaded after import = 10

========================================================================
Received Import Request.
  Time since last request: 0.000016 seconds.
  path: Assets/Oculus/SampleFramework/Usage/Locomotion/Prefabs/WallsAndDoorsPf.prefab
  artifactKey: Guid(e58e667acb62349e085229e0f8abfc7f) Importer(2089858483,192608db42251d675da83286b1cce702)
Start importing Assets/Oculus/SampleFramework/Usage/Locomotion/Prefabs/WallsAndDoorsPf.prefab using Guid(e58e667acb62349e085229e0f8abfc7f) Importer(2089858483,192608db42251d675da83286b1cce702) (ScriptedImporter) -> (artifact id: '94f3b3e3d5cb4bf37b726560435b355a') in 0.0140884 seconds
Number of updated asset objects reloaded before import = 0Number of asset objects unloaded after import = 10

========================================================================
Received Import Request.
  Time since last request: 0.000022 seconds.
  path: Assets/Oculus/SampleFramework/Usage/Locomotion/Materials/TriPlanarWorld.mat
  artifactKey: Guid(6551c660b2c93764687b704adf6cb1dc) Importer(2089858483,192608db42251d675da83286b1cce702)
Start importing Assets/Oculus/SampleFramework/Usage/Locomotion/Materials/TriPlanarWorld.mat using Guid(6551c660b2c93764687b704adf6cb1dc) Importer(2089858483,192608db42251d675da83286b1cce702) (ScriptedImporter) -> (artifact id: 'c1bacecff3ee0cfa9fd83da571effd97') in 0.0169894 seconds
Number of updated asset objects reloaded before import = 0Number of asset objects unloaded after import = 2

========================================================================
Received Import Request.
  Time since last request: 0.000019 seconds.
  path: Assets/Oculus/SampleFramework/Usage/Locomotion/Textures/metal_01_msm.tga
  artifactKey: Guid(1365d5b35d17d0a44beb3ab9fbf93580) Importer(2089858483,192608db42251d675da83286b1cce702)
Start importing Assets/Oculus/SampleFramework/Usage/Locomotion/Textures/metal_01_msm.tga using Guid(1365d5b35d17d0a44beb3ab9fbf93580) Importer(2089858483,192608db42251d675da83286b1cce702) (ScriptedImporter) -> (artifact id: 'e4f5235efab5c433e42f7db646d85c9b') in 0.0226785 seconds
Number of updated asset objects reloaded before import = 0Number of asset objects unloaded after import = 1

========================================================================
Received Import Request.
  Time since last request: 0.000012 seconds.
  path: Assets/Oculus/SampleFramework/Usage/Locomotion/Textures/floor_wood_01_dif.png
  artifactKey: Guid(47c72aea7837946679d91402f5af8665) Importer(2089858483,192608db42251d675da83286b1cce702)
Start importing Assets/Oculus/SampleFramework/Usage/Locomotion/Textures/floor_wood_01_dif.png using Guid(47c72aea7837946679d91402f5af8665) Importer(2089858483,192608db42251d675da83286b1cce702) (ScriptedImporter) -> (artifact id: '9915f543a23a6f0e516a5ae81d34d674') in 0.0212098 seconds
Number of updated asset objects reloaded before import = 0Number of asset objects unloaded after import = 1

========================================================================
Received Import Request.
  Time since last request: 0.000017 seconds.
  path: Assets/Oculus/SampleFramework/Usage/HandsTrainExample/TrainScene/Lightmap-9_comp_shadowmask.png
  artifactKey: Guid(6c39dd3e2eb710440af42be20b1f9079) Importer(2089858483,192608db42251d675da83286b1cce702)
Start importing Assets/Oculus/SampleFramework/Usage/HandsTrainExample/TrainScene/Lightmap-9_comp_shadowmask.png using Guid(6c39dd3e2eb710440af42be20b1f9079) Importer(2089858483,192608db42251d675da83286b1cce702) (ScriptedImporter) -> (artifact id: 'd431fa32f013e1f69b80d9e8ead73eb8') in 0.0205776 seconds
Number of updated asset objects reloaded before import = 0Number of asset objects unloaded after import = 1

========================================================================
Received Import Request.
  Time since last request: 0.000018 seconds.
  path: Assets/Oculus/SampleFramework/Usage/OVROverlay/Materials/Tile_Mat_360Photo.mat
  artifactKey: Guid(8388a76b6d38060498be3f057adc62fb) Importer(2089858483,192608db42251d675da83286b1cce702)
Start importing Assets/Oculus/SampleFramework/Usage/OVROverlay/Materials/Tile_Mat_360Photo.mat using Guid(8388a76b6d38060498be3f057adc62fb) Importer(2089858483,192608db42251d675da83286b1cce702) (ScriptedImporter) -> (artifact id: 'e79d07ac378c7c0ccdea2849a45a928f') in 0.0181976 seconds
Number of updated asset objects reloaded before import = 0Number of asset objects unloaded after import = 2

========================================================================
Received Import Request.
  Time since last request: 0.000014 seconds.
  path: Assets/Oculus/SampleFramework/Usage/OVROverlayCanvas/Scripts/OVROverlayCanvas.cs
  artifactKey: Guid(1a2598d6fa300904caa7c672805a8263) Importer(2089858483,192608db42251d675da83286b1cce702)
Start importing Assets/Oculus/SampleFramework/Usage/OVROverlayCanvas/Scripts/OVROverlayCanvas.cs using Guid(1a2598d6fa300904caa7c672805a8263) Importer(2089858483,192608db42251d675da83286b1cce702) (ScriptedImporter) -> (artifact id: 'ca061ccb733a3d4928c691b9d87054c8') in 0.0128095 seconds
Number of updated asset objects reloaded before import = 0Number of asset objects unloaded after import = 0

========================================================================
Received Import Request.
  Time since last request: 0.000021 seconds.
  path: Assets/Oculus/SampleFramework/Usage/HandsTrainExample/TrainScene/Lightmap-8_comp_shadowmask.png
  artifactKey: Guid(cfd6a586ecc91a84585965799b484f2c) Importer(2089858483,192608db42251d675da83286b1cce702)
Start importing Assets/Oculus/SampleFramework/Usage/HandsTrainExample/TrainScene/Lightmap-8_comp_shadowmask.png using Guid(cfd6a586ecc91a84585965799b484f2c) Importer(2089858483,192608db42251d675da83286b1cce702) (ScriptedImporter) -> (artifact id: '77c022aff103f10b199423be59b3278a') in 0.0252602 seconds
Number of updated asset objects reloaded before import = 0Number of asset objects unloaded after import = 1

========================================================================
Received Import Request.
  Time since last request: 0.000016 seconds.
  path: Assets/Oculus/SampleFramework/Usage/HandsTrainExample/TrainScene/ReflectionProbe-0.png
  artifactKey: Guid(1886a7586ae500c439dc72de669677a8) Importer(2089858483,192608db42251d675da83286b1cce702)
Start importing Assets/Oculus/SampleFramework/Usage/HandsTrainExample/TrainScene/ReflectionProbe-0.png using Guid(1886a7586ae500c439dc72de669677a8) Importer(2089858483,192608db42251d675da83286b1cce702) (ScriptedImporter) -> (artifact id: '1bbb3aaa349be687ae7e93abf194e250') in 0.0177197 seconds
Number of updated asset objects reloaded before import = 0Number of asset objects unloaded after import = 1

========================================================================
Received Import Request.
  Time since last request: 0.000020 seconds.
  path: Assets/Oculus/SampleFramework/Usage/Locomotion/Textures/wall_cinder_01_dif.png
  artifactKey: Guid(f7015a3434c124bc8a51d1d13bac63bf) Importer(2089858483,192608db42251d675da83286b1cce702)
Start importing Assets/Oculus/SampleFramework/Usage/Locomotion/Textures/wall_cinder_01_dif.png using Guid(f7015a3434c124bc8a51d1d13bac63bf) Importer(2089858483,192608db42251d675da83286b1cce702) (ScriptedImporter) -> (artifact id: '960d21bf3e4092f8e02072dfb784f2df') in 0.023067 seconds
Number of updated asset objects reloaded before import = 0Number of asset objects unloaded after import = 1

========================================================================
Received Import Request.
  Time since last request: 0.000014 seconds.
  path: Assets/Oculus/SampleFramework/Usage/Locomotion/Textures/floor_tile_01_amb.png
  artifactKey: Guid(8ae5623890e694f06b02c6f20d2d7d77) Importer(2089858483,192608db42251d675da83286b1cce702)
Start importing Assets/Oculus/SampleFramework/Usage/Locomotion/Textures/floor_tile_01_amb.png using Guid(8ae5623890e694f06b02c6f20d2d7d77) Importer(2089858483,192608db42251d675da83286b1cce702) (ScriptedImporter) -> (artifact id: 'faa32c796f0ffc3f5297c02bb7f08877') in 0.0247472 seconds
Number of updated asset objects reloaded before import = 0Number of asset objects unloaded after import = 1

========================================================================
Received Import Request.
  Time since last request: 0.000014 seconds.
  path: Assets/Oculus/SampleFramework/Usage/Locomotion/Materials/MAT_cinderblock_01.mat
  artifactKey: Guid(02c684a5a201b40a4a0418558d9512d1) Importer(2089858483,192608db42251d675da83286b1cce702)
Start importing Assets/Oculus/SampleFramework/Usage/Locomotion/Materials/MAT_cinderblock_01.mat using Guid(02c684a5a201b40a4a0418558d9512d1) Importer(2089858483,192608db42251d675da83286b1cce702) (ScriptedImporter) -> (artifact id: '48d37b0004838539919da0189069e83e') in 0.0353262 seconds
Number of updated asset objects reloaded before import = 0Number of asset objects unloaded after import = 4

========================================================================
Received Import Request.
  Time since last request: 0.000019 seconds.
  path: Assets/Oculus/SampleFramework/Usage/HandsTrainExample/TrainScene/Lightmap-11_comp_light.exr
  artifactKey: Guid(b4c1efbfdb857604f86f4742f5a3a887) Importer(2089858483,192608db42251d675da83286b1cce702)
Start importing Assets/Oculus/SampleFramework/Usage/HandsTrainExample/TrainScene/Lightmap-11_comp_light.exr using Guid(b4c1efbfdb857604f86f4742f5a3a887) Importer(2089858483,192608db42251d675da83286b1cce702) (ScriptedImporter) -> (artifact id: '74ada28fb319c4a2c0722abd694b7ee8') in 0.0321508 seconds
Number of updated asset objects reloaded before import = 0Number of asset objects unloaded after import = 1

========================================================================
Received Import Request.
  Time since last request: 0.000030 seconds.
  path: Assets/Oculus/Interaction/Samples/Audio/Content/Interaction_ComplexGrab_BoxOpen_02.wav
  artifactKey: Guid(7af8171318058a144bc1208ad2f60abe) Importer(2089858483,192608db42251d675da83286b1cce702)
Start importing Assets/Oculus/Interaction/Samples/Audio/Content/Interaction_ComplexGrab_BoxOpen_02.wav using Guid(7af8171318058a144bc1208ad2f60abe) Importer(2089858483,192608db42251d675da83286b1cce702) (ScriptedImporter) -> (artifact id: '6a7e0c5425ebae3edfdc8f2adcc8a9eb') in 0.0290543 seconds
Number of updated asset objects reloaded before import = 0Number of asset objects unloaded after import = 1

========================================================================
Received Import Request.
  Time since last request: 0.000019 seconds.
  path: Assets/Oculus/Interaction/Runtime/Scripts/Utils/PoseUtils.cs
  artifactKey: Guid(e14a569bbf2df7941875327c2e66d6d4) Importer(2089858483,192608db42251d675da83286b1cce702)
Start importing Assets/Oculus/Interaction/Runtime/Scripts/Utils/PoseUtils.cs using Guid(e14a569bbf2df7941875327c2e66d6d4) Importer(2089858483,192608db42251d675da83286b1cce702) (ScriptedImporter) -> (artifact id: '00a990c9662ad5c9e27f5b7b2474b8c4') in 0.0165162 seconds
Number of updated asset objects reloaded before import = 0Number of asset objects unloaded after import = 0

========================================================================
Received Import Request.
  Time since last request: 0.000016 seconds.
  path: Assets/Oculus/SampleFramework/Usage/HandsTrainExample/Prefabs/NearFieldButton.prefab
  artifactKey: Guid(344324b5dcda5b64f9655478dd2088a9) Importer(2089858483,192608db42251d675da83286b1cce702)
Start importing Assets/Oculus/SampleFramework/Usage/HandsTrainExample/Prefabs/NearFieldButton.prefab using Guid(344324b5dcda5b64f9655478dd2088a9) Importer(2089858483,192608db42251d675da83286b1cce702) (ScriptedImporter) -> (artifact id: 'ddda41d3bedaa18223ddf0a42cfa515e') in 0.0294915 seconds
Number of updated asset objects reloaded before import = 0Number of asset objects unloaded after import = 38

========================================================================
Received Import Request.
  Time since last request: 0.000017 seconds.
  path: Assets/Oculus/SampleFramework/Usage/HandsTrainExample/TrainScene/Lightmap-0_comp_light.exr
  artifactKey: Guid(c441ec513759f0641996383614cb4a7a) Importer(2089858483,192608db42251d675da83286b1cce702)
Start importing Assets/Oculus/SampleFramework/Usage/HandsTrainExample/TrainScene/Lightmap-0_comp_light.exr using Guid(c441ec513759f0641996383614cb4a7a) Importer(2089858483,192608db42251d675da83286b1cce702) (ScriptedImporter) -> (artifact id: '2f3fb9a518d3bdf1aa7d53d5ad8731e1') in 0.0243041 seconds
Number of updated asset objects reloaded before import = 0Number of asset objects unloaded after import = 1

========================================================================
Received Import Request.
  Time since last request: 0.000019 seconds.
  path: Assets/Oculus/SampleFramework/Usage/HandsTrainExample/TrainScene/Lightmap-17_comp_shadowmask.png
  artifactKey: Guid(309ac67c8a05fcb43a3c9bf73766a435) Importer(2089858483,192608db42251d675da83286b1cce702)
Start importing Assets/Oculus/SampleFramework/Usage/HandsTrainExample/TrainScene/Lightmap-17_comp_shadowmask.png using Guid(309ac67c8a05fcb43a3c9bf73766a435) Importer(2089858483,192608db42251d675da83286b1cce702) (ScriptedImporter) -> (artifact id: '373af94459f372855103c2d24f8b9cf9') in 0.0223281 seconds
Number of updated asset objects reloaded before import = 0Number of asset objects unloaded after import = 1

========================================================================
Received Import Request.
  Time since last request: 0.000017 seconds.
  path: Assets/Oculus/SampleFramework/Usage/Locomotion/Models/WedgeFloor_05.fbx
  artifactKey: Guid(f9c914816e5534c829508b3f78a4e547) Importer(2089858483,192608db42251d675da83286b1cce702)
Start importing Assets/Oculus/SampleFramework/Usage/Locomotion/Models/WedgeFloor_05.fbx using Guid(f9c914816e5534c829508b3f78a4e547) Importer(2089858483,192608db42251d675da83286b1cce702) (ScriptedImporter) -> (artifact id: '7cd7c5f13734b9ac9d1abc4060dff1d6') in 0.0302026 seconds
Number of updated asset objects reloaded before import = 0Number of asset objects unloaded after import = 8

========================================================================
Received Import Request.
  Time since last request: 0.000029 seconds.
  path: Assets/Oculus/SampleFramework/Usage/HandsTrainExample/TrainScene/Lightmap-23_comp_dir.png
  artifactKey: Guid(4fcbfd257f7cb8b40a4aa875d78e3c43) Importer(2089858483,192608db42251d675da83286b1cce702)
Start importing Assets/Oculus/SampleFramework/Usage/HandsTrainExample/TrainScene/Lightmap-23_comp_dir.png using Guid(4fcbfd257f7cb8b40a4aa875d78e3c43) Importer(2089858483,192608db42251d675da83286b1cce702) (ScriptedImporter) -> (artifact id: '3219f96aae452eb69019faa50a129363') in 0.0250825 seconds
Number of updated asset objects reloaded before import = 0Number of asset objects unloaded after import = 1

========================================================================
Received Import Request.
  Time since last request: 0.000015 seconds.
  path: Assets/Oculus/SampleFramework/Usage/HandsTrainExample/TrainScene/Lightmap-1_comp_dir.png
  artifactKey: Guid(52b8aafcaed21774ba86914203217502) Importer(2089858483,192608db42251d675da83286b1cce702)
Start importing Assets/Oculus/SampleFramework/Usage/HandsTrainExample/TrainScene/Lightmap-1_comp_dir.png using Guid(52b8aafcaed21774ba86914203217502) Importer(2089858483,192608db42251d675da83286b1cce702) (ScriptedImporter) -> (artifact id: '6df153f399c1000843b7d5ab44edaacb') in 0.022122 seconds
Number of updated asset objects reloaded before import = 0Number of asset objects unloaded after import = 1

========================================================================
Received Import Request.
  Time since last request: 0.000015 seconds.
  path: Assets/Oculus/SampleFramework/Usage/HandsTrainExample/Scripts/SelectionCylinder.cs
  artifactKey: Guid(6d778f6e8fb868247b9f0c8ef05dfe41) Importer(2089858483,192608db42251d675da83286b1cce702)
Start importing Assets/Oculus/SampleFramework/Usage/HandsTrainExample/Scripts/SelectionCylinder.cs using Guid(6d778f6e8fb868247b9f0c8ef05dfe41) Importer(2089858483,192608db42251d675da83286b1cce702) (ScriptedImporter) -> (artifact id: '949fa6bc8ea964c4cd3fd722ad2b6589') in 0.019308 seconds
Number of updated asset objects reloaded before import = 0Number of asset objects unloaded after import = 0

========================================================================
Received Import Request.
  Time since last request: 0.000022 seconds.
  path: Assets/Oculus/SampleFramework/Usage/Locomotion/Textures/wall_brick_01_msm.png
  artifactKey: Guid(586be470a004247e6926753b5eb88b54) Importer(2089858483,192608db42251d675da83286b1cce702)
Start importing Assets/Oculus/SampleFramework/Usage/Locomotion/Textures/wall_brick_01_msm.png using Guid(586be470a004247e6926753b5eb88b54) Importer(2089858483,192608db42251d675da83286b1cce702) (ScriptedImporter) -> (artifact id: 'baa2b81ddbbd05d08caad5f0ca02c299') in 0.0229131 seconds
Number of updated asset objects reloaded before import = 0Number of asset objects unloaded after import = 1

========================================================================
Received Import Request.
  Time since last request: 0.000018 seconds.
  path: Assets/Oculus/SampleFramework/Usage/Locomotion/Materials/GroundMat.mat
  artifactKey: Guid(1f0c317a1c26f8a4285902639d3d1a0c) Importer(2089858483,192608db42251d675da83286b1cce702)
Start importing Assets/Oculus/SampleFramework/Usage/Locomotion/Materials/GroundMat.mat using Guid(1f0c317a1c26f8a4285902639d3d1a0c) Importer(2089858483,192608db42251d675da83286b1cce702) (ScriptedImporter) -> (artifact id: '5a363ef6148db4f90db73d14bbb0fd75') in 0.0180765 seconds
Number of updated asset objects reloaded before import = 0Number of asset objects unloaded after import = 1

========================================================================
Received Import Request.
  Time since last request: 0.000024 seconds.
  path: Assets/Oculus/SampleFramework/Usage/HandsTrainExample/TrainScene/Lightmap-21_comp_shadowmask.png
  artifactKey: Guid(a16c5b013f74cb74fa9d3a39f68c6225) Importer(2089858483,192608db42251d675da83286b1cce702)
Start importing Assets/Oculus/SampleFramework/Usage/HandsTrainExample/TrainScene/Lightmap-21_comp_shadowmask.png using Guid(a16c5b013f74cb74fa9d3a39f68c6225) Importer(2089858483,192608db42251d675da83286b1cce702) (ScriptedImporter) -> (artifact id: '3abf28d1e5a441d70e2c27a269ef907f') in 0.0227545 seconds
Number of updated asset objects reloaded before import = 0Number of asset objects unloaded after import = 1

========================================================================
Received Import Request.
  Time since last request: 0.000019 seconds.
  path: Assets/Oculus/SampleFramework/Usage/Locomotion/Models/WedgeFloor_09.fbx
  artifactKey: Guid(74ec681953144457584b58109d62cba2) Importer(2089858483,192608db42251d675da83286b1cce702)
Start importing Assets/Oculus/SampleFramework/Usage/Locomotion/Models/WedgeFloor_09.fbx using Guid(74ec681953144457584b58109d62cba2) Importer(2089858483,192608db42251d675da83286b1cce702) (ScriptedImporter) -> (artifact id: '3f5c186b2a857aa506f3d79e33521c15') in 0.0230003 seconds
Number of updated asset objects reloaded before import = 0Number of asset objects unloaded after import = 8

========================================================================
Received Import Request.
  Time since last request: 0.000014 seconds.
  path: Assets/Oculus/SampleFramework/Usage/HandsTrainExample/TrainScene/Lightmap-2_comp_dir.png
  artifactKey: Guid(f46e7852c315af74fb314eb5ee922ca1) Importer(2089858483,192608db42251d675da83286b1cce702)
Start importing Assets/Oculus/SampleFramework/Usage/HandsTrainExample/TrainScene/Lightmap-2_comp_dir.png using Guid(f46e7852c315af74fb314eb5ee922ca1) Importer(2089858483,192608db42251d675da83286b1cce702) (ScriptedImporter) -> (artifact id: 'ca81cab63d57e8c61b3217a11b569678') in 0.0206073 seconds
Number of updated asset objects reloaded before import = 0Number of asset objects unloaded after import = 1

========================================================================
Received Import Request.
  Time since last request: 0.000016 seconds.
  path: Assets/Oculus/SampleFramework/Usage/HandsTrainExample/Models/ControllerBox.FBX
  artifactKey: Guid(6ea491f82329b774d8b8af4a409d8d03) Importer(2089858483,192608db42251d675da83286b1cce702)
Start importing Assets/Oculus/SampleFramework/Usage/HandsTrainExample/Models/ControllerBox.FBX using Guid(6ea491f82329b774d8b8af4a409d8d03) Importer(2089858483,192608db42251d675da83286b1cce702) (ScriptedImporter) -> (artifact id: '7c85ce7422316a08563469e11724ddde') in 0.0544874 seconds
Number of updated asset objects reloaded before import = 0Number of asset objects unloaded after import = 132

========================================================================
Received Import Request.
  Time since last request: 0.000016 seconds.
  path: Assets/Oculus/SampleFramework/Usage/HandsTrainExample/Prefabs/SimpleTrainTrack.prefab
  artifactKey: Guid(f33f22767ed8d5f448588d4456526b8c) Importer(2089858483,192608db42251d675da83286b1cce702)
Start importing Assets/Oculus/SampleFramework/Usage/HandsTrainExample/Prefabs/SimpleTrainTrack.prefab using Guid(f33f22767ed8d5f448588d4456526b8c) Importer(2089858483,192608db42251d675da83286b1cce702) (ScriptedImporter) -> (artifact id: 'e6bd581fbb2863074623c0344f07b26e') in 0.0983507 seconds
Number of updated asset objects reloaded before import = 0Number of asset objects unloaded after import = 605

========================================================================
Received Import Request.
  Time since last request: 0.000028 seconds.
  path: Assets/Oculus/SampleFramework/Usage/Locomotion/Materials/MAT_metal_01.mat
  artifactKey: Guid(6fa48c2a126d0d74e8bb671b62e8cb1b) Importer(2089858483,192608db42251d675da83286b1cce702)
Start importing Assets/Oculus/SampleFramework/Usage/Locomotion/Materials/MAT_metal_01.mat using Guid(6fa48c2a126d0d74e8bb671b62e8cb1b) Importer(2089858483,192608db42251d675da83286b1cce702) (ScriptedImporter) -> (artifact id: 'a01babf5ea4cd4172d53d058d90fcf7c') in 0.0242927 seconds
Number of updated asset objects reloaded before import = 0Number of asset objects unloaded after import = 4

========================================================================
Received Import Request.
  Time since last request: 0.000013 seconds.
  path: Assets/Oculus/SampleFramework/Usage/HandsTrainExample/Prefabs/LeftSegment.prefab
  artifactKey: Guid(bc23f966b19084442a7a67d85bc6abdb) Importer(2089858483,192608db42251d675da83286b1cce702)
Start importing Assets/Oculus/SampleFramework/Usage/HandsTrainExample/Prefabs/LeftSegment.prefab using Guid(bc23f966b19084442a7a67d85bc6abdb) Importer(2089858483,192608db42251d675da83286b1cce702) (ScriptedImporter) -> (artifact id: '28fee8dfd535bd586a3d282fd1cdf357') in 0.0196448 seconds
Number of updated asset objects reloaded before import = 0Number of asset objects unloaded after import = 8

========================================================================
Received Import Request.
  Time since last request: 0.000017 seconds.
  path: Assets/Oculus/SampleFramework/Usage/Locomotion/Models/Cube_1x4.fbx
  artifactKey: Guid(24da116da1bdc42f9baa1d364abfbf73) Importer(2089858483,192608db42251d675da83286b1cce702)
Start importing Assets/Oculus/SampleFramework/Usage/Locomotion/Models/Cube_1x4.fbx using Guid(24da116da1bdc42f9baa1d364abfbf73) Importer(2089858483,192608db42251d675da83286b1cce702) (ScriptedImporter) -> (artifact id: 'ed631cda1ae2f22aa3b9f4062a0769f8') in 0.0229607 seconds
Number of updated asset objects reloaded before import = 0Number of asset objects unloaded after import = 8

========================================================================
Received Import Request.
  Time since last request: 0.000016 seconds.
  path: Assets/Oculus/SampleFramework/Usage/Passthrough/Materials/BlackUnlit.mat
  artifactKey: Guid(646da484d21bf48d887dedfb481d78f8) Importer(2089858483,192608db42251d675da83286b1cce702)
Start importing Assets/Oculus/SampleFramework/Usage/Passthrough/Materials/BlackUnlit.mat using Guid(646da484d21bf48d887dedfb481d78f8) Importer(2089858483,192608db42251d675da83286b1cce702) (ScriptedImporter) -> (artifact id: '3e290217ddefcc6d703f27b4619bad3a') in 0.0142155 seconds
Number of updated asset objects reloaded before import = 0Number of asset objects unloaded after import = 1

========================================================================
Received Import Request.
  Time since last request: 0.000014 seconds.
  path: Assets/Oculus/SampleFramework/Usage/HandsTrainExample/Animations/CowHop.anim
  artifactKey: Guid(124511f7d82d3d84a9c5d6f2e614d214) Importer(2089858483,192608db42251d675da83286b1cce702)
Start importing Assets/Oculus/SampleFramework/Usage/HandsTrainExample/Animations/CowHop.anim using Guid(124511f7d82d3d84a9c5d6f2e614d214) Importer(2089858483,192608db42251d675da83286b1cce702) (ScriptedImporter) -> (artifact id: 'c64b7295fe6ae63999d7cc0599c3b760') in 0.0159425 seconds
Number of updated asset objects reloaded before import = 0Number of asset objects unloaded after import = 1

========================================================================
Received Import Request.
  Time since last request: 0.000015 seconds.
  path: Assets/Oculus/SampleFramework/Usage/SceneManager/Shaders/SceneObjectPreview.shader
  artifactKey: Guid(1e4d473fbf11a0745bf07c9dcc86f577) Importer(2089858483,192608db42251d675da83286b1cce702)
Start importing Assets/Oculus/SampleFramework/Usage/SceneManager/Shaders/SceneObjectPreview.shader using Guid(1e4d473fbf11a0745bf07c9dcc86f577) Importer(2089858483,192608db42251d675da83286b1cce702) (ScriptedImporter) -> (artifact id: '29c5dfb202991c290f8b35e111aa47f2') in 0.0136601 seconds
Number of updated asset objects reloaded before import = 0Number of asset objects unloaded after import = 1

========================================================================
Received Import Request.
  Time since last request: 0.000021 seconds.
  path: Assets/Oculus/SampleFramework/Usage/SharedAssets/Models/ball_billiard_10.fbx
  artifactKey: Guid(4a42e5011990d97479599bd0c3f4f7bb) Importer(2089858483,192608db42251d675da83286b1cce702)
Start importing Assets/Oculus/SampleFramework/Usage/SharedAssets/Models/ball_billiard_10.fbx using Guid(4a42e5011990d97479599bd0c3f4f7bb) Importer(2089858483,192608db42251d675da83286b1cce702) (ScriptedImporter) -> (artifact id: '5fa0b91b70c11335fae186280cedd50b') in 0.0189319 seconds
Number of updated asset objects reloaded before import = 0Number of asset objects unloaded after import = 8

========================================================================
Received Import Request.
  Time since last request: 0.000014 seconds.
  path: Assets/Oculus/SampleFramework/Usage/Passthrough/Scripts/AugmentedObject.cs
  artifactKey: Guid(f8a81fa1c7362de42a8fe4abd77cd033) Importer(2089858483,192608db42251d675da83286b1cce702)
Start importing Assets/Oculus/SampleFramework/Usage/Passthrough/Scripts/AugmentedObject.cs using Guid(f8a81fa1c7362de42a8fe4abd77cd033) Importer(2089858483,192608db42251d675da83286b1cce702) (ScriptedImporter) -> (artifact id: '9cf0a4ba1fcbbed19515513219a92756') in 0.0147355 seconds
Number of updated asset objects reloaded before import = 0Number of asset objects unloaded after import = 0

========================================================================
Received Import Request.
  Time since last request: 0.000013 seconds.
  path: Assets/Oculus/SampleFramework/Usage/SceneManager/Models/FurnitureSamples.fbx
  artifactKey: Guid(7a109b977f513824da5b75db64b1998d) Importer(2089858483,192608db42251d675da83286b1cce702)
Start importing Assets/Oculus/SampleFramework/Usage/SceneManager/Models/FurnitureSamples.fbx using Guid(7a109b977f513824da5b75db64b1998d) Importer(2089858483,192608db42251d675da83286b1cce702) (ScriptedImporter) -> (artifact id: '601b550965d7f54f4be995a240b5de82') in 0.0252739 seconds
Number of updated asset objects reloaded before import = 0Number of asset objects unloaded after import = 39

========================================================================
Received Import Request.
  Time since last request: 0.000011 seconds.
  path: Assets/Oculus/SampleFramework/Usage/SceneManager/Materials/OverwriteAlpha.mat
  artifactKey: Guid(a64b8dbc22e273046956b88552913ade) Importer(2089858483,192608db42251d675da83286b1cce702)
Start importing Assets/Oculus/SampleFramework/Usage/SceneManager/Materials/OverwriteAlpha.mat using Guid(a64b8dbc22e273046956b88552913ade) Importer(2089858483,192608db42251d675da83286b1cce702) (ScriptedImporter) -> (artifact id: 'a70983437e834adf556aa9c403389639') in 0.0166198 seconds
Number of updated asset objects reloaded before import = 0Number of asset objects unloaded after import = 1

========================================================================
Received Import Request.
  Time since last request: 0.000018 seconds.
  path: Assets/Oculus/SampleFramework/Usage/SharedAssets/Materials/WoodBlock.mat
  artifactKey: Guid(163257dbf13bb9b4ebf2e088c4a50b1f) Importer(2089858483,192608db42251d675da83286b1cce702)
Start importing Assets/Oculus/SampleFramework/Usage/SharedAssets/Materials/WoodBlock.mat using Guid(163257dbf13bb9b4ebf2e088c4a50b1f) Importer(2089858483,192608db42251d675da83286b1cce702) (ScriptedImporter) -> (artifact id: 'c36e07c46bd77ac3981b58e622d07f01') in 0.0545966 seconds
Number of updated asset objects reloaded before import = 0Number of asset objects unloaded after import = 4

========================================================================
Received Import Request.
  Time since last request: 0.000014 seconds.
  path: Assets/Oculus/SampleFramework/Usage/Passthrough/Materials/Ring.png
  artifactKey: Guid(ed65ca2f8c8dd71468e926b24b73fc85) Importer(2089858483,192608db42251d675da83286b1cce702)
Start importing Assets/Oculus/SampleFramework/Usage/Passthrough/Materials/Ring.png using Guid(ed65ca2f8c8dd71468e926b24b73fc85) Importer(2089858483,192608db42251d675da83286b1cce702) (ScriptedImporter) -> (artifact id: '2cb813abb219beaa4b7ea4af74552371') in 0.0195738 seconds
Number of updated asset objects reloaded before import = 0Number of asset objects unloaded after import = 1

========================================================================
Received Import Request.
  Time since last request: 0.000027 seconds.
  path: Assets/Oculus/SampleFramework/Usage/SceneManager/Materials/StylizedOcclusions.mat
  artifactKey: Guid(ca503404ffe48cc4ba49ab9c6efe7a26) Importer(2089858483,192608db42251d675da83286b1cce702)
Start importing Assets/Oculus/SampleFramework/Usage/SceneManager/Materials/StylizedOcclusions.mat using Guid(ca503404ffe48cc4ba49ab9c6efe7a26) Importer(2089858483,192608db42251d675da83286b1cce702) (ScriptedImporter) -> (artifact id: '47c5cc787c4b52810ec72077562f3293') in 0.0159954 seconds
Number of updated asset objects reloaded before import = 0Number of asset objects unloaded after import = 1

========================================================================
Received Import Request.
  Time since last request: 0.000012 seconds.
  path: Assets/Oculus/SampleFramework/Usage/SceneManager/Prefabs/RoomLightPrefab.prefab
  artifactKey: Guid(931021efef836d04ebf007a05ec77da5) Importer(2089858483,192608db42251d675da83286b1cce702)
Start importing Assets/Oculus/SampleFramework/Usage/SceneManager/Prefabs/RoomLightPrefab.prefab using Guid(931021efef836d04ebf007a05ec77da5) Importer(2089858483,192608db42251d675da83286b1cce702) (ScriptedImporter) -> (artifact id: 'f656422b7d730b10539c59725ee01b06') in 0.0157536 seconds
Number of updated asset objects reloaded before import = 0Number of asset objects unloaded after import = 7

========================================================================
Received Import Request.
  Time since last request: 0.000012 seconds.
  path: Assets/Oculus/SampleFramework/Usage/SceneManager/Prefabs/InvisiblePlane.prefab
  artifactKey: Guid(19eaa1918d9a5014889edb43d3e32f55) Importer(2089858483,192608db42251d675da83286b1cce702)
Start importing Assets/Oculus/SampleFramework/Usage/SceneManager/Prefabs/InvisiblePlane.prefab using Guid(19eaa1918d9a5014889edb43d3e32f55) Importer(2089858483,192608db42251d675da83286b1cce702) (ScriptedImporter) -> (artifact id: '37ab711b037c55ae2a52253dd4117173') in 0.0182568 seconds
Number of updated asset objects reloaded before import = 0Number of asset objects unloaded after import = 8

========================================================================
Received Import Request.
  Time since last request: 0.000020 seconds.
  path: Assets/Oculus/SampleFramework/Usage/SceneManager/Shaders/Hidden.shader
  artifactKey: Guid(60bc1070efac0cc468527b083b0e845e) Importer(2089858483,192608db42251d675da83286b1cce702)
Start importing Assets/Oculus/SampleFramework/Usage/SceneManager/Shaders/Hidden.shader using Guid(60bc1070efac0cc468527b083b0e845e) Importer(2089858483,192608db42251d675da83286b1cce702) (ScriptedImporter) -> (artifact id: '229709347fb8f7ade40ba661f076c4dd') in 0.0170781 seconds
Number of updated asset objects reloaded before import = 0Number of asset objects unloaded after import = 1

========================================================================
Received Import Request.
  Time since last request: 0.000019 seconds.
  path: Assets/Oculus/SampleFramework/Usage/Passthrough/Materials/PassthroughBrushStroke.mat
  artifactKey: Guid(0ff7438fe513d7e4295f6ec9b5b623d7) Importer(2089858483,192608db42251d675da83286b1cce702)
Start importing Assets/Oculus/SampleFramework/Usage/Passthrough/Materials/PassthroughBrushStroke.mat using Guid(0ff7438fe513d7e4295f6ec9b5b623d7) Importer(2089858483,192608db42251d675da83286b1cce702) (ScriptedImporter) -> (artifact id: '6517450a4fe3e4ceda0424da9cb74d5c') in 0.0157545 seconds
Number of updated asset objects reloaded before import = 0Number of asset objects unloaded after import = 1

========================================================================
Received Import Request.
  Time since last request: 0.000015 seconds.
  path: Assets/Oculus/SampleFramework/Usage/SceneManager/Materials/Floor.mat
  artifactKey: Guid(6317243759ba40f43a2bf4a90c9e95d8) Importer(2089858483,192608db42251d675da83286b1cce702)
Start importing Assets/Oculus/SampleFramework/Usage/SceneManager/Materials/Floor.mat using Guid(6317243759ba40f43a2bf4a90c9e95d8) Importer(2089858483,192608db42251d675da83286b1cce702) (ScriptedImporter) -> (artifact id: 'eaa20cab3f0ee8cf1020e5c1cf50e03c') in 0.0150783 seconds
Number of updated asset objects reloaded before import = 0Number of asset objects unloaded after import = 1

========================================================================
Received Import Request.
  Time since last request: 0.000028 seconds.
  path: Assets/Oculus/SampleFramework/Usage/Passthrough/Prefabs/SceneSampler.prefab
  artifactKey: Guid(220df4ca43f2b4f4b8ce95f502e1de2f) Importer(2089858483,192608db42251d675da83286b1cce702)
Start importing Assets/Oculus/SampleFramework/Usage/Passthrough/Prefabs/SceneSampler.prefab using Guid(220df4ca43f2b4f4b8ce95f502e1de2f) Importer(2089858483,192608db42251d675da83286b1cce702) (ScriptedImporter) -> (artifact id: '38ef98b6d9c7c69824ce069d5161dd63') in 0.0176332 seconds
Number of updated asset objects reloaded before import = 0Number of asset objects unloaded after import = 26

========================================================================
Received Import Request.
  Time since last request: 0.000018 seconds.
  path: Assets/Oculus/SampleFramework/Usage/Passthrough/Scripts/SceneSampler.cs
  artifactKey: Guid(570413604d89b514bb2574e4f9628f7d) Importer(2089858483,192608db42251d675da83286b1cce702)
Start importing Assets/Oculus/SampleFramework/Usage/Passthrough/Scripts/SceneSampler.cs using Guid(570413604d89b514bb2574e4f9628f7d) Importer(2089858483,192608db42251d675da83286b1cce702) (ScriptedImporter) -> (artifact id: 'ef507ae450b12660b8c3e1cc3ebbf305') in 0.0157716 seconds
Number of updated asset objects reloaded before import = 0Number of asset objects unloaded after import = 0

========================================================================
Received Import Request.
  Time since last request: 0.000017 seconds.
  path: Assets/Oculus/SampleFramework/Usage/SharedAssets/Textures/ball_billiard_10_dif.jpg
  artifactKey: Guid(2314f2250e16c224fbaa392942901582) Importer(2089858483,192608db42251d675da83286b1cce702)
Start importing Assets/Oculus/SampleFramework/Usage/SharedAssets/Textures/ball_billiard_10_dif.jpg using Guid(2314f2250e16c224fbaa392942901582) Importer(2089858483,192608db42251d675da83286b1cce702) (ScriptedImporter) -> (artifact id: 'd12f96eae4c7ec61276c498329694d82') in 0.0256532 seconds
Number of updated asset objects reloaded before import = 0Number of asset objects unloaded after import = 1

========================================================================
Received Import Request.
  Time since last request: 0.000013 seconds.
  path: Assets/Oculus/SampleFramework/Usage/Passthrough/Prefabs/OculusLogo.fbx
  artifactKey: Guid(b2ff3fe2d8faa954bb86008c932356d5) Importer(2089858483,192608db42251d675da83286b1cce702)
Start importing Assets/Oculus/SampleFramework/Usage/Passthrough/Prefabs/OculusLogo.fbx using Guid(b2ff3fe2d8faa954bb86008c932356d5) Importer(2089858483,192608db42251d675da83286b1cce702) (ScriptedImporter) -> (artifact id: '9fc0275c15b556a3fa45b8a9c2d3740d') in 0.0428505 seconds
Number of updated asset objects reloaded before import = 0Number of asset objects unloaded after import = 8

========================================================================
Received Import Request.
  Time since last request: 0.000016 seconds.
  path: Assets/Oculus/SampleFramework/Usage/SharedAssets/Prefabs/OculusWaterBottlePf.prefab
  artifactKey: Guid(44c054c23ca023940ae65542cf6d9185) Importer(2089858483,192608db42251d675da83286b1cce702)
Start importing Assets/Oculus/SampleFramework/Usage/SharedAssets/Prefabs/OculusWaterBottlePf.prefab using Guid(44c054c23ca023940ae65542cf6d9185) Importer(2089858483,192608db42251d675da83286b1cce702) (ScriptedImporter) -> (artifact id: '53b94f8624907bf90a6f49496be80a5d') in 0.0286671 seconds
Number of updated asset objects reloaded before import = 0Number of asset objects unloaded after import = 12

========================================================================
Received Import Request.
  Time since last request: 0.000028 seconds.
  path: Assets/Oculus/SampleFramework/Usage/SharedAssets/Models/room_01.fbx
  artifactKey: Guid(1f0aadb398be948b6ae5e4016e357e33) Importer(2089858483,192608db42251d675da83286b1cce702)
Start importing Assets/Oculus/SampleFramework/Usage/SharedAssets/Models/room_01.fbx using Guid(1f0aadb398be948b6ae5e4016e357e33) Importer(2089858483,192608db42251d675da83286b1cce702) (ScriptedImporter) -> (artifact id: 'a6f519872daf57b7ce7d21a6e6a89533') in 0.0245268 seconds
Number of updated asset objects reloaded before import = 0Number of asset objects unloaded after import = 9

========================================================================
Received Import Request.
  Time since last request: 0.000018 seconds.
  path: Assets/Oculus/SampleFramework/Usage/SharedAssets/Textures/room_atlas_01_nml.png
  artifactKey: Guid(718469768ddb144ada6f9f326aca11d0) Importer(2089858483,192608db42251d675da83286b1cce702)
Start importing Assets/Oculus/SampleFramework/Usage/SharedAssets/Textures/room_atlas_01_nml.png using Guid(718469768ddb144ada6f9f326aca11d0) Importer(2089858483,192608db42251d675da83286b1cce702) (ScriptedImporter) -> (artifact id: '1a7ae6e6d02d0685d0573b50f6a45ea7') in 0.0219688 seconds
Number of updated asset objects reloaded before import = 0Number of asset objects unloaded after import = 1

========================================================================
Received Import Request.
  Time since last request: 0.000012 seconds.
  path: Assets/Oculus/SampleFramework/Usage/SceneManager/Scripts/Spawnable.cs
  artifactKey: Guid(b9d27dc1003ace84a9fad4eeeaaf896f) Importer(2089858483,192608db42251d675da83286b1cce702)
Start importing Assets/Oculus/SampleFramework/Usage/SceneManager/Scripts/Spawnable.cs using Guid(b9d27dc1003ace84a9fad4eeeaaf896f) Importer(2089858483,192608db42251d675da83286b1cce702) (ScriptedImporter) -> (artifact id: 'c4b4059f51ab6adf93ce614fcabf2d37') in 0.0126194 seconds
Number of updated asset objects reloaded before import = 0Number of asset objects unloaded after import = 0

========================================================================
Received Import Request.
  Time since last request: 0.000013 seconds.
  path: Assets/Oculus/SampleFramework/Usage/SceneManager/Materials/Green.mat
  artifactKey: Guid(302477ffe5025c8418b312bcaf88563f) Importer(2089858483,192608db42251d675da83286b1cce702)
Start importing Assets/Oculus/SampleFramework/Usage/SceneManager/Materials/Green.mat using Guid(302477ffe5025c8418b312bcaf88563f) Importer(2089858483,192608db42251d675da83286b1cce702) (ScriptedImporter) -> (artifact id: '945a73e020c34713cddfdcdac4e69511') in 0.0131538 seconds
Number of updated asset objects reloaded before import = 0Number of asset objects unloaded after import = 1

========================================================================
Received Import Request.
  Time since last request: 0.000014 seconds.
  path: Assets/Oculus/SampleFramework/Usage/SceneManager/Prefabs/Plane.prefab
  artifactKey: Guid(df163d7030fc9c443b347acd2088480a) Importer(2089858483,192608db42251d675da83286b1cce702)
Start importing Assets/Oculus/SampleFramework/Usage/SceneManager/Prefabs/Plane.prefab using Guid(df163d7030fc9c443b347acd2088480a) Importer(2089858483,192608db42251d675da83286b1cce702) (ScriptedImporter) -> (artifact id: 'ce901c672675b3f73d877067f0930229') in 0.0185007 seconds
Number of updated asset objects reloaded before import = 0Number of asset objects unloaded after import = 53

========================================================================
Received Import Request.
  Time since last request: 0.000013 seconds.
  path: Assets/Oculus/SampleFramework/Usage/SceneManager/Scripts/MyCustomSceneModelLoader.cs
  artifactKey: Guid(056241bc1d3002f45b6bd743c76ddaf3) Importer(2089858483,192608db42251d675da83286b1cce702)
Start importing Assets/Oculus/SampleFramework/Usage/SceneManager/Scripts/MyCustomSceneModelLoader.cs using Guid(056241bc1d3002f45b6bd743c76ddaf3) Importer(2089858483,192608db42251d675da83286b1cce702) (ScriptedImporter) -> (artifact id: '635d976cc58cd48272f13cc984895b7a') in 0.0145682 seconds
Number of updated asset objects reloaded before import = 0Number of asset objects unloaded after import = 0

========================================================================
Received Import Request.
  Time since last request: 0.000022 seconds.
  path: Assets/Oculus/SampleFramework/Usage/SceneManager/Scripts/BouncingBallLogic.cs
  artifactKey: Guid(e7c54edf3d288044e813e05f8f5bbba6) Importer(2089858483,192608db42251d675da83286b1cce702)
Start importing Assets/Oculus/SampleFramework/Usage/SceneManager/Scripts/BouncingBallLogic.cs using Guid(e7c54edf3d288044e813e05f8f5bbba6) Importer(2089858483,192608db42251d675da83286b1cce702) (ScriptedImporter) -> (artifact id: '6093908f1e9879aca859dac9de71b61b') in 0.0137948 seconds
Number of updated asset objects reloaded before import = 0Number of asset objects unloaded after import = 0

========================================================================
Received Import Request.
  Time since last request: 0.000012 seconds.
  path: Assets/Oculus/SampleFramework/Usage/SharedAssets/Prefabs/BillardBall10Pf.prefab
  artifactKey: Guid(83c6598d550f34048ad0ef6a989d4d73) Importer(2089858483,192608db42251d675da83286b1cce702)
Start importing Assets/Oculus/SampleFramework/Usage/SharedAssets/Prefabs/BillardBall10Pf.prefab using Guid(83c6598d550f34048ad0ef6a989d4d73) Importer(2089858483,192608db42251d675da83286b1cce702) (ScriptedImporter) -> (artifact id: '5fddb471d2cf65e07b1aa198acb70856') in 0.0165533 seconds
Number of updated asset objects reloaded before import = 0Number of asset objects unloaded after import = 10

========================================================================
Received Import Request.
  Time since last request: 0.000012 seconds.
  path: Assets/Oculus/SampleFramework/Usage/SharedAssets/Models/block_wood_01.fbx
  artifactKey: Guid(6ec0c875cb1c94e40afcad0a0161eb4e) Importer(2089858483,192608db42251d675da83286b1cce702)
Start importing Assets/Oculus/SampleFramework/Usage/SharedAssets/Models/block_wood_01.fbx using Guid(6ec0c875cb1c94e40afcad0a0161eb4e) Importer(2089858483,192608db42251d675da83286b1cce702) (ScriptedImporter) -> (artifact id: '13c3f463707a2efec183356c7f8566c8') in 0.0232443 seconds
Number of updated asset objects reloaded before import = 0Number of asset objects unloaded after import = 9

========================================================================
Received Import Request.
  Time since last request: 0.000014 seconds.
  path: Assets/Oculus/SampleFramework/Usage/SharedAssets/Prefabs/ToyT-BlockPf.prefab
  artifactKey: Guid(183e66643adc8de44a683b5c644181a8) Importer(2089858483,192608db42251d675da83286b1cce702)
Start importing Assets/Oculus/SampleFramework/Usage/SharedAssets/Prefabs/ToyT-BlockPf.prefab using Guid(183e66643adc8de44a683b5c644181a8) Importer(2089858483,192608db42251d675da83286b1cce702) (ScriptedImporter) -> (artifact id: '19f3bbfcebea3ea276f907671d1de607') in 0.0155262 seconds
Number of updated asset objects reloaded before import = 0Number of asset objects unloaded after import = 16

========================================================================
Received Import Request.
  Time since last request: 0.000017 seconds.
  path: Assets/Oculus/SampleFramework/Usage/Passthrough/Materials/SelectivePassthroughHands.mat
  artifactKey: Guid(b711286d46553614c8f4e2f88af54316) Importer(2089858483,192608db42251d675da83286b1cce702)
Start importing Assets/Oculus/SampleFramework/Usage/Passthrough/Materials/SelectivePassthroughHands.mat using Guid(b711286d46553614c8f4e2f88af54316) Importer(2089858483,192608db42251d675da83286b1cce702) (ScriptedImporter) -> (artifact id: 'd0ef8002865c7149a089b86ced702735') in 0.0344569 seconds
Number of updated asset objects reloaded before import = 0Number of asset objects unloaded after import = 2

========================================================================
Received Import Request.
  Time since last request: 0.000025 seconds.
  path: Assets/Oculus/SampleFramework/Usage/SceneManager/Materials/Wood.mat
  artifactKey: Guid(5dce1f8fd86e04f42a922b7a3ce2a2a7) Importer(2089858483,192608db42251d675da83286b1cce702)
Start importing Assets/Oculus/SampleFramework/Usage/SceneManager/Materials/Wood.mat using Guid(5dce1f8fd86e04f42a922b7a3ce2a2a7) Importer(2089858483,192608db42251d675da83286b1cce702) (ScriptedImporter) -> (artifact id: '96797422032158138ee55f480e827086') in 0.0156258 seconds
Number of updated asset objects reloaded before import = 0Number of asset objects unloaded after import = 1

========================================================================
Received Import Request.
  Time since last request: 0.000025 seconds.
  path: Assets/Oculus/SampleFramework/Usage/SceneManager/Audio/bounce.wav
  artifactKey: Guid(229f46af248b4c74facf863a061f856b) Importer(2089858483,192608db42251d675da83286b1cce702)
Start importing Assets/Oculus/SampleFramework/Usage/SceneManager/Audio/bounce.wav using Guid(229f46af248b4c74facf863a061f856b) Importer(2089858483,192608db42251d675da83286b1cce702) (ScriptedImporter) -> (artifact id: '221335416e926a80e6c5899711d075bd') in 0.0235304 seconds
Number of updated asset objects reloaded before import = 0Number of asset objects unloaded after import = 1

========================================================================
Received Import Request.
  Time since last request: 0.000012 seconds.
  path: Assets/Oculus/SampleFramework/Usage/SharedAssets/Prefabs/TablePfWithOccluder.prefab
  artifactKey: Guid(fafab64117ad71941baff8ea40eedbd7) Importer(2089858483,192608db42251d675da83286b1cce702)
Start importing Assets/Oculus/SampleFramework/Usage/SharedAssets/Prefabs/TablePfWithOccluder.prefab using Guid(fafab64117ad71941baff8ea40eedbd7) Importer(2089858483,192608db42251d675da83286b1cce702) (ScriptedImporter) -> (artifact id: '4cbdf690e0d87323a5b4b81f6cae5338') in 0.0182877 seconds
Number of updated asset objects reloaded before import = 0Number of asset objects unloaded after import = 15

========================================================================
Received Import Request.
  Time since last request: 0.000013 seconds.
  path: Assets/Oculus/SampleFramework/Usage/Passthrough/Materials/SelectivePassthrough.mat
  artifactKey: Guid(f7f0c9cf841119946914d0d30670867a) Importer(2089858483,192608db42251d675da83286b1cce702)
Start importing Assets/Oculus/SampleFramework/Usage/Passthrough/Materials/SelectivePassthrough.mat using Guid(f7f0c9cf841119946914d0d30670867a) Importer(2089858483,192608db42251d675da83286b1cce702) (ScriptedImporter) -> (artifact id: '2b566bcb597613085c098e4a22c722f1') in 0.0179295 seconds
Number of updated asset objects reloaded before import = 0Number of asset objects unloaded after import = 2

========================================================================
Received Import Request.
  Time since last request: 0.000011 seconds.
  path: Assets/Oculus/SampleFramework/Usage/HandsTrainExample/TrainScene/Lightmap-36_comp_light.exr
  artifactKey: Guid(29f91df4d499e964aac915afaa33c14f) Importer(2089858483,192608db42251d675da83286b1cce702)
Start importing Assets/Oculus/SampleFramework/Usage/HandsTrainExample/TrainScene/Lightmap-36_comp_light.exr using Guid(29f91df4d499e964aac915afaa33c14f) Importer(2089858483,192608db42251d675da83286b1cce702) (ScriptedImporter) -> (artifact id: '30aa56cf71add2db08d0885f2f8bc307') in 0.0225288 seconds
Number of updated asset objects reloaded before import = 0Number of asset objects unloaded after import = 1

========================================================================
Received Import Request.
  Time since last request: 0.000021 seconds.
  path: Assets/Oculus/SampleFramework/Usage/Locomotion/Models/BridgePlatform01.fbx
  artifactKey: Guid(45fe47bcb515e419e8d449523fac0782) Importer(2089858483,192608db42251d675da83286b1cce702)
Start importing Assets/Oculus/SampleFramework/Usage/Locomotion/Models/BridgePlatform01.fbx using Guid(45fe47bcb515e419e8d449523fac0782) Importer(2089858483,192608db42251d675da83286b1cce702) (ScriptedImporter) -> (artifact id: '6864b784c86aef566465816a91064536') in 0.0188453 seconds
Number of updated asset objects reloaded before import = 0Number of asset objects unloaded after import = 8

========================================================================
Received Import Request.
  Time since last request: 0.000014 seconds.
  path: Assets/Oculus/SampleFramework/Usage/Passthrough/Materials/LogoWhite.mat
  artifactKey: Guid(2e648ffe2658c134cb6a4cb464c0e01e) Importer(2089858483,192608db42251d675da83286b1cce702)
Start importing Assets/Oculus/SampleFramework/Usage/Passthrough/Materials/LogoWhite.mat using Guid(2e648ffe2658c134cb6a4cb464c0e01e) Importer(2089858483,192608db42251d675da83286b1cce702) (ScriptedImporter) -> (artifact id: '4d657ef630da5aebd25ea8ffec1522e1') in 0.0137148 seconds
Number of updated asset objects reloaded before import = 0Number of asset objects unloaded after import = 1

========================================================================
Received Import Request.
  Time since last request: 0.000020 seconds.
  path: Assets/Oculus/SampleFramework/Usage/HandsTrainExample/TrainScene/Lightmap-32_comp_dir.png
  artifactKey: Guid(00bd5492fc328604fb192db0ba486104) Importer(2089858483,192608db42251d675da83286b1cce702)
Start importing Assets/Oculus/SampleFramework/Usage/HandsTrainExample/TrainScene/Lightmap-32_comp_dir.png using Guid(00bd5492fc328604fb192db0ba486104) Importer(2089858483,192608db42251d675da83286b1cce702) (ScriptedImporter) -> (artifact id: '4b4a20148c6f519191fb20159761beec') in 0.0245541 seconds
Number of updated asset objects reloaded before import = 0Number of asset objects unloaded after import = 1

========================================================================
Received Import Request.
  Time since last request: 0.000011 seconds.
  path: Assets/Oculus/SampleFramework/Usage/HandsTrainExample/Materials/ControllerBox.mat
  artifactKey: Guid(520a8c6c6d409b44d921cd1e654d1807) Importer(2089858483,192608db42251d675da83286b1cce702)
Start importing Assets/Oculus/SampleFramework/Usage/HandsTrainExample/Materials/ControllerBox.mat using Guid(520a8c6c6d409b44d921cd1e654d1807) Importer(2089858483,192608db42251d675da83286b1cce702) (ScriptedImporter) -> (artifact id: '274684439f5606eb71d0502cb5326251') in 0.019083 seconds
Number of updated asset objects reloaded before import = 0Number of asset objects unloaded after import = 4

========================================================================
Received Import Request.
  Time since last request: 0.000013 seconds.
  path: Assets/Oculus/SampleFramework/Usage/Passthrough/Materials/SelectivePassthroughHandsSoft.mat
  artifactKey: Guid(9ac2dd4377e3574419fe3770f75af95a) Importer(2089858483,192608db42251d675da83286b1cce702)
Start importing Assets/Oculus/SampleFramework/Usage/Passthrough/Materials/SelectivePassthroughHandsSoft.mat using Guid(9ac2dd4377e3574419fe3770f75af95a) Importer(2089858483,192608db42251d675da83286b1cce702) (ScriptedImporter) -> (artifact id: '50c26bf67ccfe9b7acbdf89a47646c31') in 0.0146077 seconds
Number of updated asset objects reloaded before import = 0Number of asset objects unloaded after import = 2

========================================================================
Received Import Request.
  Time since last request: 0.000013 seconds.
  path: Assets/Oculus/SampleFramework/Usage/HandsTrainExample/Materials/GridMat.mat
  artifactKey: Guid(ef9e1306ede8d0f48b798c2341d75ffc) Importer(2089858483,192608db42251d675da83286b1cce702)
Start importing Assets/Oculus/SampleFramework/Usage/HandsTrainExample/Materials/GridMat.mat using Guid(ef9e1306ede8d0f48b798c2341d75ffc) Importer(2089858483,192608db42251d675da83286b1cce702) (ScriptedImporter) -> (artifact id: 'b9a2678de67ce83d85e2ce54894587e9') in 0.0143302 seconds
Number of updated asset objects reloaded before import = 0Number of asset objects unloaded after import = 2

========================================================================
Received Import Request.
  Time since last request: 0.000013 seconds.
  path: Assets/Oculus/SampleFramework/Usage/Locomotion/Textures/floor_wood_02_nml.png
  artifactKey: Guid(67017b977ca8e4564bb2e427adc76f21) Importer(2089858483,192608db42251d675da83286b1cce702)
Start importing Assets/Oculus/SampleFramework/Usage/Locomotion/Textures/floor_wood_02_nml.png using Guid(67017b977ca8e4564bb2e427adc76f21) Importer(2089858483,192608db42251d675da83286b1cce702) (ScriptedImporter) -> (artifact id: '0e7953c26665ed6911e3f941114532a8') in 0.0181663 seconds
Number of updated asset objects reloaded before import = 0Number of asset objects unloaded after import = 1

========================================================================
Received Import Request.
  Time since last request: 0.000013 seconds.
  path: Assets/Oculus/VR/Editor/BuildingBlocks/Icons/ovr_error_greybg.png
  artifactKey: Guid(d0390c3a10ac76641b718f04d77f80ae) Importer(2089858483,192608db42251d675da83286b1cce702)
Start importing Assets/Oculus/VR/Editor/BuildingBlocks/Icons/ovr_error_greybg.png using Guid(d0390c3a10ac76641b718f04d77f80ae) Importer(2089858483,192608db42251d675da83286b1cce702) (ScriptedImporter) -> (artifact id: '65569750c9f7931533e4c26e25dbe3d7') in 0.0174128 seconds
Number of updated asset objects reloaded before import = 0Number of asset objects unloaded after import = 1

========================================================================
Received Import Request.
  Time since last request: 0.000021 seconds.
  path: Assets/Oculus/Voice/Samples/TTSVoices/Scripts/TTSSpeakerInput.cs
  artifactKey: Guid(e2a2f88982fbc6f41a28fbeeb848c631) Importer(2089858483,192608db42251d675da83286b1cce702)
Start importing Assets/Oculus/Voice/Samples/TTSVoices/Scripts/TTSSpeakerInput.cs using Guid(e2a2f88982fbc6f41a28fbeeb848c631) Importer(2089858483,192608db42251d675da83286b1cce702) (ScriptedImporter) -> (artifact id: '844fdda21dece10dc78a96cbff7be800') in 0.0141015 seconds
Number of updated asset objects reloaded before import = 0Number of asset objects unloaded after import = 0

========================================================================
Received Import Request.
  Time since last request: 0.000019 seconds.
  path: Assets/Oculus/Voice/Samples/Chess/Materials/CheckerBoard.mat
  artifactKey: Guid(55e5d3ed5e2d85a40ac9a8107da7125a) Importer(2089858483,192608db42251d675da83286b1cce702)
Start importing Assets/Oculus/Voice/Samples/Chess/Materials/CheckerBoard.mat using Guid(55e5d3ed5e2d85a40ac9a8107da7125a) Importer(2089858483,192608db42251d675da83286b1cce702) (ScriptedImporter) -> (artifact id: '2e6f3229eb38df01908f756b68b42d63') in 0.029183 seconds
Number of updated asset objects reloaded before import = 0Number of asset objects unloaded after import = 2

========================================================================
Received Import Request.
  Time since last request: 0.000016 seconds.
  path: Assets/Oculus/Voice/Samples/LiveUnderstanding/Scripts/LiveUnderstandingColorChanger.cs
  artifactKey: Guid(225433a0c6686a24e85a3ab0e1d0630e) Importer(2089858483,192608db42251d675da83286b1cce702)
Start importing Assets/Oculus/Voice/Samples/LiveUnderstanding/Scripts/LiveUnderstandingColorChanger.cs using Guid(225433a0c6686a24e85a3ab0e1d0630e) Importer(2089858483,192608db42251d675da83286b1cce702) (ScriptedImporter) -> (artifact id: '9b68a22e366c0ecb971a5c3153cbd5a6') in 0.0143044 seconds
Number of updated asset objects reloaded before import = 0Number of asset objects unloaded after import = 0

========================================================================
Received Import Request.
  Time since last request: 0.000015 seconds.
  path: Assets/Oculus/Voice/Scripts/Runtime/Service/ObjectVoiceExperience.cs
  artifactKey: Guid(fccf0c254a8b42d1bc0cd66655cda486) Importer(2089858483,192608db42251d675da83286b1cce702)
Start importing Assets/Oculus/Voice/Scripts/Runtime/Service/ObjectVoiceExperience.cs using Guid(fccf0c254a8b42d1bc0cd66655cda486) Importer(2089858483,192608db42251d675da83286b1cce702) (ScriptedImporter) -> (artifact id: 'e36aa2df243ffea18d0b16489ffd102c') in 0.0146664 seconds
Number of updated asset objects reloaded before import = 0Number of asset objects unloaded after import = 0

========================================================================
Received Import Request.
  Time since last request: 0.000015 seconds.
  path: Assets/Oculus/SampleFramework/Usage/TouchPro/Materials/GroundMat.mat
  artifactKey: Guid(dc32b8fb317b6d5488f28b92e6f61860) Importer(2089858483,192608db42251d675da83286b1cce702)
Start importing Assets/Oculus/SampleFramework/Usage/TouchPro/Materials/GroundMat.mat using Guid(dc32b8fb317b6d5488f28b92e6f61860) Importer(2089858483,192608db42251d675da83286b1cce702) (ScriptedImporter) -> (artifact id: '3b9780057bcaf6e46bf57ed59a24f4d7') in 0.0169944 seconds
Number of updated asset objects reloaded before import = 0Number of asset objects unloaded after import = 2

========================================================================
Received Import Request.
  Time since last request: 0.000019 seconds.
  path: Assets/Oculus/Voice/Scripts/Editor/Utility/VoiceSDKStyles.cs
  artifactKey: Guid(fa1f0af066e824a31875bc815a72cc5c) Importer(2089858483,192608db42251d675da83286b1cce702)
Start importing Assets/Oculus/Voice/Scripts/Editor/Utility/VoiceSDKStyles.cs using Guid(fa1f0af066e824a31875bc815a72cc5c) Importer(2089858483,192608db42251d675da83286b1cce702) (ScriptedImporter) -> (artifact id: '2b66d709e6cd68b0feffd44c25986bf4') in 0.0137614 seconds
Number of updated asset objects reloaded before import = 0Number of asset objects unloaded after import = 0

========================================================================
Received Import Request.
  Time since last request: 0.000021 seconds.
  path: Assets/Oculus/Voice/Documentation/Samples/LightTraits/LightTraits.jpg
  artifactKey: Guid(c1711d6e3de49474c98e1c4311398598) Importer(2089858483,192608db42251d675da83286b1cce702)
Start importing Assets/Oculus/Voice/Documentation/Samples/LightTraits/LightTraits.jpg using Guid(c1711d6e3de49474c98e1c4311398598) Importer(2089858483,192608db42251d675da83286b1cce702) (ScriptedImporter) -> (artifact id: '8ce39f5fde8d2c0513bfbca110183240') in 0.0190974 seconds
Number of updated asset objects reloaded before import = 0Number of asset objects unloaded after import = 1

========================================================================
Received Import Request.
  Time since last request: 0.000022 seconds.
  path: Assets/Oculus/Voice/Scripts/Runtime/Service/AppVoiceExperience.cs
  artifactKey: Guid(28779cfed47441a42a6cd4fb49c8dc89) Importer(2089858483,192608db42251d675da83286b1cce702)
Start importing Assets/Oculus/Voice/Scripts/Runtime/Service/AppVoiceExperience.cs using Guid(28779cfed47441a42a6cd4fb49c8dc89) Importer(2089858483,192608db42251d675da83286b1cce702) (ScriptedImporter) -> (artifact id: '31bfd2c1a5cf8982b47beb2bd799b708') in 0.0146031 seconds
Number of updated asset objects reloaded before import = 0Number of asset objects unloaded after import = 0

========================================================================
Received Import Request.
  Time since last request: 0.000012 seconds.
  path: Assets/Oculus/VR/Editor/BuildingBlocks/Animations/bb_outline_02.png
  artifactKey: Guid(c3dddeff90af1e84497f7197f61cc5f4) Importer(2089858483,192608db42251d675da83286b1cce702)
Start importing Assets/Oculus/VR/Editor/BuildingBlocks/Animations/bb_outline_02.png using Guid(c3dddeff90af1e84497f7197f61cc5f4) Importer(2089858483,192608db42251d675da83286b1cce702) (ScriptedImporter) -> (artifact id: 'd033013c905ee1b1cfcd238410b92912') in 0.0205739 seconds
Number of updated asset objects reloaded before import = 0Number of asset objects unloaded after import = 1

========================================================================
Received Import Request.
  Time since last request: 0.000013 seconds.
  path: Assets/Oculus/Voice/Samples/Chess/Materials/ChessSkybox.mat
  artifactKey: Guid(3d39282ced021cb4c9a7a4e4250201a9) Importer(2089858483,192608db42251d675da83286b1cce702)
Start importing Assets/Oculus/Voice/Samples/Chess/Materials/ChessSkybox.mat using Guid(3d39282ced021cb4c9a7a4e4250201a9) Importer(2089858483,192608db42251d675da83286b1cce702) (ScriptedImporter) -> (artifact id: '81c6e94c0880f22134a50db19528de9a') in 0.0162478 seconds
Number of updated asset objects reloaded before import = 0Number of asset objects unloaded after import = 1

========================================================================
Received Import Request.
  Time since last request: 0.000013 seconds.
  path: Assets/Oculus/SampleFramework/Usage/StartScene/Textures/Loading.png
  artifactKey: Guid(2b183318621228543aa9c27a736a1493) Importer(2089858483,192608db42251d675da83286b1cce702)
Start importing Assets/Oculus/SampleFramework/Usage/StartScene/Textures/Loading.png using Guid(2b183318621228543aa9c27a736a1493) Importer(2089858483,192608db42251d675da83286b1cce702) (ScriptedImporter) -> (artifact id: '32c4150114e42be7fffa52914855d64a') in 0.0182542 seconds
Number of updated asset objects reloaded before import = 0Number of asset objects unloaded after import = 1

========================================================================
Received Import Request.
  Time since last request: 0.000016 seconds.
  path: Assets/Oculus/Voice/Samples/LightTraits/Materials/LightOff.mat
  artifactKey: Guid(c4f46a0758bdd324b8f3a941cd6e0038) Importer(2089858483,192608db42251d675da83286b1cce702)
Start importing Assets/Oculus/Voice/Samples/LightTraits/Materials/LightOff.mat using Guid(c4f46a0758bdd324b8f3a941cd6e0038) Importer(2089858483,192608db42251d675da83286b1cce702) (ScriptedImporter) -> (artifact id: '6e612773d8d1398ed9b445baf4f7c65d') in 0.0204105 seconds
Number of updated asset objects reloaded before import = 0Number of asset objects unloaded after import = 1

========================================================================
Received Import Request.
  Time since last request: 0.000025 seconds.
  path: Assets/Oculus/Voice/Scripts/Runtime/UX/VoiceTranscriptionLabel.cs
  artifactKey: Guid(7d6b7f41315d58e4b84dde7885b2f192) Importer(2089858483,192608db42251d675da83286b1cce702)
Start importing Assets/Oculus/Voice/Scripts/Runtime/UX/VoiceTranscriptionLabel.cs using Guid(7d6b7f41315d58e4b84dde7885b2f192) Importer(2089858483,192608db42251d675da83286b1cce702) (ScriptedImporter) -> (artifact id: 'a5b2fd545e1dd6e3cdda527f68bb627d') in 0.0154593 seconds
Number of updated asset objects reloaded before import = 0Number of asset objects unloaded after import = 0

========================================================================
Received Import Request.
  Time since last request: 0.000030 seconds.
  path: Assets/Oculus/Voice/Samples/TTSVoices/Scripts/TTSSpeakerObserver.cs
  artifactKey: Guid(04b4aa12d54b5eb41b8666111dbe7e71) Importer(2089858483,192608db42251d675da83286b1cce702)
Start importing Assets/Oculus/Voice/Samples/TTSVoices/Scripts/TTSSpeakerObserver.cs using Guid(04b4aa12d54b5eb41b8666111dbe7e71) Importer(2089858483,192608db42251d675da83286b1cce702) (ScriptedImporter) -> (artifact id: '880fa3b257217f187123edc5e84b3692') in 0.0164504 seconds
Number of updated asset objects reloaded before import = 0Number of asset objects unloaded after import = 0

========================================================================
Received Import Request.
  Time since last request: 0.000013 seconds.
  path: Assets/Oculus/VR/Editor/BuildingBlocks/Animations/bb_outline_08.png
  artifactKey: Guid(37b36a602d2bd604fb7a7ca6e7b4ff49) Importer(2089858483,192608db42251d675da83286b1cce702)
Start importing Assets/Oculus/VR/Editor/BuildingBlocks/Animations/bb_outline_08.png using Guid(37b36a602d2bd604fb7a7ca6e7b4ff49) Importer(2089858483,192608db42251d675da83286b1cce702) (ScriptedImporter) -> (artifact id: 'eaa39f915262bd9a817ebc7f9da286f6') in 0.0258966 seconds
Number of updated asset objects reloaded before import = 0Number of asset objects unloaded after import = 1

========================================================================
Received Import Request.
  Time since last request: 0.000016 seconds.
  path: Assets/Oculus/Voice/Lib/PlatformCompatibility/Plugins/voicesdk_platform_logger.jar
  artifactKey: Guid(86e073f28b6dd8c4d9b6b3b6fe638b31) Importer(2089858483,192608db42251d675da83286b1cce702)
Start importing Assets/Oculus/Voice/Lib/PlatformCompatibility/Plugins/voicesdk_platform_logger.jar using Guid(86e073f28b6dd8c4d9b6b3b6fe638b31) Importer(2089858483,192608db42251d675da83286b1cce702) (ScriptedImporter) -> (artifact id: 'ac5916df8dfff73f2d17b532f9822734') in 0.0181853 seconds
Number of updated asset objects reloaded before import = 0Number of asset objects unloaded after import = 0

========================================================================
Received Import Request.
  Time since last request: 0.000013 seconds.
  path: Assets/Oculus/VR/Editor/BuildingBlocks/Animations/bb_outline_07.png
  artifactKey: Guid(a743f349118878d45b7b78c71abb2aa2) Importer(2089858483,192608db42251d675da83286b1cce702)
Start importing Assets/Oculus/VR/Editor/BuildingBlocks/Animations/bb_outline_07.png using Guid(a743f349118878d45b7b78c71abb2aa2) Importer(2089858483,192608db42251d675da83286b1cce702) (ScriptedImporter) -> (artifact id: '43845d21b1edbef2810800594f077bd0') in 0.020583 seconds
Number of updated asset objects reloaded before import = 0Number of asset objects unloaded after import = 1

========================================================================
Received Import Request.
  Time since last request: 0.000014 seconds.
  path: Assets/Oculus/VR/Editor/OVRProjectSetup/Icons/ovr_icon_category_neutral.png
  artifactKey: Guid(a5c6b8a6ed5d33749ac1f5783e1675f2) Importer(2089858483,192608db42251d675da83286b1cce702)
Start importing Assets/Oculus/VR/Editor/OVRProjectSetup/Icons/ovr_icon_category_neutral.png using Guid(a5c6b8a6ed5d33749ac1f5783e1675f2) Importer(2089858483,192608db42251d675da83286b1cce702) (ScriptedImporter) -> (artifact id: '820ce5da2ff3889541ed07861a74a688') in 0.0212751 seconds
Number of updated asset objects reloaded before import = 0Number of asset objects unloaded after import = 1

========================================================================
Received Import Request.
  Time since last request: 0.000017 seconds.
  path: Assets/Oculus/Voice/Samples/ShapesConduit/Materials/Shapes.mat
  artifactKey: Guid(7eee638959ba48447904ca4481589955) Importer(2089858483,192608db42251d675da83286b1cce702)
Start importing Assets/Oculus/Voice/Samples/ShapesConduit/Materials/Shapes.mat using Guid(7eee638959ba48447904ca4481589955) Importer(2089858483,192608db42251d675da83286b1cce702) (ScriptedImporter) -> (artifact id: 'e72773dc586a5918cf43dcd5a3fcd039') in 0.0149118 seconds
Number of updated asset objects reloaded before import = 0Number of asset objects unloaded after import = 1

========================================================================
Received Import Request.
  Time since last request: 0.000022 seconds.
  path: Assets/Oculus/SampleFramework/Usage/SpatialAnchor/Scripts/AnchorUIManager.cs
  artifactKey: Guid(9735d0f6df960334585926b5295e7d18) Importer(2089858483,192608db42251d675da83286b1cce702)
Start importing Assets/Oculus/SampleFramework/Usage/SpatialAnchor/Scripts/AnchorUIManager.cs using Guid(9735d0f6df960334585926b5295e7d18) Importer(2089858483,192608db42251d675da83286b1cce702) (ScriptedImporter) -> (artifact id: '0f05ded277bf12547202e078fd5197ae') in 0.0145858 seconds
Number of updated asset objects reloaded before import = 0Number of asset objects unloaded after import = 0

========================================================================
Received Import Request.
  Time since last request: 0.000017 seconds.
  path: Assets/Oculus/Voice/Samples/Shapes/Materials/Shapes.mat
  artifactKey: Guid(1d4f1cabe1d44f24fab3957c9afcb58b) Importer(2089858483,192608db42251d675da83286b1cce702)
Start importing Assets/Oculus/Voice/Samples/Shapes/Materials/Shapes.mat using Guid(1d4f1cabe1d44f24fab3957c9afcb58b) Importer(2089858483,192608db42251d675da83286b1cce702) (ScriptedImporter) -> (artifact id: '1ad55110d53ed9068cfa38d9ae130360') in 0.0178718 seconds
Number of updated asset objects reloaded before import = 0Number of asset objects unloaded after import = 1

========================================================================
Received Import Request.
  Time since last request: 0.000015 seconds.
  path: Assets/Oculus/Voice/Scripts/Editor/Data/VoiceSDKDataCreation.cs
  artifactKey: Guid(766b749f675dba94a92bb81ebf699d06) Importer(2089858483,192608db42251d675da83286b1cce702)
Start importing Assets/Oculus/Voice/Scripts/Editor/Data/VoiceSDKDataCreation.cs using Guid(766b749f675dba94a92bb81ebf699d06) Importer(2089858483,192608db42251d675da83286b1cce702) (ScriptedImporter) -> (artifact id: '1da83edd5c086816ca0731b0e5e598f6') in 0.0158984 seconds
Number of updated asset objects reloaded before import = 0Number of asset objects unloaded after import = 0

========================================================================
Received Import Request.
  Time since last request: 0.000019 seconds.
  path: Assets/Oculus/SampleFramework/Usage/TouchPro/Textures/BoxTex.png
  artifactKey: Guid(2039e650dd82139458fe32536e3bb9f7) Importer(2089858483,192608db42251d675da83286b1cce702)
Start importing Assets/Oculus/SampleFramework/Usage/TouchPro/Textures/BoxTex.png using Guid(2039e650dd82139458fe32536e3bb9f7) Importer(2089858483,192608db42251d675da83286b1cce702) (ScriptedImporter) -> (artifact id: 'e43e83eb9abf35101bd7f75edb45d36f') in 0.0239457 seconds
Number of updated asset objects reloaded before import = 0Number of asset objects unloaded after import = 1

========================================================================
Received Import Request.
  Time since last request: 0.000020 seconds.
  path: Assets/Oculus/Voice/Samples/Chess/Scripts/ChessBoardController.cs
  artifactKey: Guid(86bf99f3b962bc4438f170a19ff653fd) Importer(2089858483,192608db42251d675da83286b1cce702)
Start importing Assets/Oculus/Voice/Samples/Chess/Scripts/ChessBoardController.cs using Guid(86bf99f3b962bc4438f170a19ff653fd) Importer(2089858483,192608db42251d675da83286b1cce702) (ScriptedImporter) -> (artifact id: 'f03ea06367ee083c69e9b461c0be51cd') in 0.0162187 seconds
Number of updated asset objects reloaded before import = 0Number of asset objects unloaded after import = 0

========================================================================
Received Import Request.
  Time since last request: 0.000019 seconds.
  path: Assets/Oculus/SampleFramework/Usage/StartScene/Textures/BlackCubemap.png
  artifactKey: Guid(b40a1cb5f1124ec489cc1e7a533e46e6) Importer(2089858483,192608db42251d675da83286b1cce702)
Start importing Assets/Oculus/SampleFramework/Usage/StartScene/Textures/BlackCubemap.png using Guid(b40a1cb5f1124ec489cc1e7a533e46e6) Importer(2089858483,192608db42251d675da83286b1cce702) (ScriptedImporter) -> (artifact id: 'f16a1c7a3a380b14c904529c4a40214a') in 0.0191695 seconds
Number of updated asset objects reloaded before import = 0Number of asset objects unloaded after import = 1

========================================================================
Received Import Request.
  Time since last request: 0.000034 seconds.
  path: Assets/Oculus/Voice/Documentation/Samples/TTSVoices/TTS Voices - Sample.asset
  artifactKey: Guid(3b748d3e544c4de48a2574bc204af974) Importer(2089858483,192608db42251d675da83286b1cce702)
Start importing Assets/Oculus/Voice/Documentation/Samples/TTSVoices/TTS Voices - Sample.asset using Guid(3b748d3e544c4de48a2574bc204af974) Importer(2089858483,192608db42251d675da83286b1cce702) (ScriptedImporter) -> (artifact id: '92f4a8d32616e8192b4ecdb95a94d4e0') in 0.0186298 seconds
Number of updated asset objects reloaded before import = 0Number of asset objects unloaded after import = 3

========================================================================
Received Import Request.
  Time since last request: 0.000020 seconds.
  path: Assets/Oculus/Voice/Documentation/Samples/ShapesConduit/Shapes with Conduit.jpg
  artifactKey: Guid(50d3d6b80001a124e80bddda429f963c) Importer(2089858483,192608db42251d675da83286b1cce702)
Start importing Assets/Oculus/Voice/Documentation/Samples/ShapesConduit/Shapes with Conduit.jpg using Guid(50d3d6b80001a124e80bddda429f963c) Importer(2089858483,192608db42251d675da83286b1cce702) (ScriptedImporter) -> (artifact id: 'c3531e40fad20727f4f11dd2eb700b42') in 0.0286953 seconds
Number of updated asset objects reloaded before import = 0Number of asset objects unloaded after import = 1

========================================================================
Received Import Request.
  Time since last request: 0.000021 seconds.
  path: Assets/Oculus/SampleFramework/Usage/SpatialAnchor/Textures/OCUI_24_Filled_2x.png
  artifactKey: Guid(7f186a9ac091755489927d745be0185a) Importer(2089858483,192608db42251d675da83286b1cce702)
Start importing Assets/Oculus/SampleFramework/Usage/SpatialAnchor/Textures/OCUI_24_Filled_2x.png using Guid(7f186a9ac091755489927d745be0185a) Importer(2089858483,192608db42251d675da83286b1cce702) (ScriptedImporter) -> (artifact id: '8f264e6a6adf112ff35d81bad125e034') in 0.4984707 seconds
Number of updated asset objects reloaded before import = 0Number of asset objects unloaded after import = 371

========================================================================
Received Import Request.
  Time since last request: 0.000019 seconds.
  path: Assets/Oculus/Interaction/OVRIntegration/Runtime/Prefabs/Legacy/InteractionRigOVR.prefab
  artifactKey: Guid(ffe3be6b11cb93446bff4c254b6d9148) Importer(2089858483,192608db42251d675da83286b1cce702)
Start importing Assets/Oculus/Interaction/OVRIntegration/Runtime/Prefabs/Legacy/InteractionRigOVR.prefab using Guid(ffe3be6b11cb93446bff4c254b6d9148) Importer(2089858483,192608db42251d675da83286b1cce702) (ScriptedImporter) -> (artifact id: '00393838d770e19c22c29960e66fd4eb') in 0.017999 seconds
Number of updated asset objects reloaded before import = 0Number of asset objects unloaded after import = 49

========================================================================
Received Import Request.
  Time since last request: 0.000023 seconds.
  path: Assets/Oculus/Interaction/Runtime/Prefabs/DistanceHandGrab/Reticles/ReticleIcon.prefab
  artifactKey: Guid(e9dd25fe255d0dd4c9bb05c4e208bbf9) Importer(2089858483,192608db42251d675da83286b1cce702)
Start importing Assets/Oculus/Interaction/Runtime/Prefabs/DistanceHandGrab/Reticles/ReticleIcon.prefab using Guid(e9dd25fe255d0dd4c9bb05c4e208bbf9) Importer(2089858483,192608db42251d675da83286b1cce702) (ScriptedImporter) -> (artifact id: 'd8f23b1c354f1039419a69fd9c4dcf9e') in 0.0196899 seconds
Number of updated asset objects reloaded before import = 0Number of asset objects unloaded after import = 9

========================================================================
Received Import Request.
  Time since last request: 0.000013 seconds.
  path: Assets/Oculus/Interaction/Runtime/Scripts/Grab/SnapSurfaces/BoxGrabSurface.cs
  artifactKey: Guid(bbe6418317e852d4e8fd122a4149acba) Importer(2089858483,192608db42251d675da83286b1cce702)
Start importing Assets/Oculus/Interaction/Runtime/Scripts/Grab/SnapSurfaces/BoxGrabSurface.cs using Guid(bbe6418317e852d4e8fd122a4149acba) Importer(2089858483,192608db42251d675da83286b1cce702) (ScriptedImporter) -> (artifact id: 'f5811d368f318b5950109c02d053f98b') in 0.0137169 seconds
Number of updated asset objects reloaded before import = 0Number of asset objects unloaded after import = 0

========================================================================
Received Import Request.
  Time since last request: 0.000014 seconds.
  path: Assets/Oculus/Interaction/Runtime/Scripts/DistanceGrab/Visuals/ReticleDataIcon.cs
  artifactKey: Guid(0529a9671a3b6a74fab00c4d05312c64) Importer(2089858483,192608db42251d675da83286b1cce702)
Start importing Assets/Oculus/Interaction/Runtime/Scripts/DistanceGrab/Visuals/ReticleDataIcon.cs using Guid(0529a9671a3b6a74fab00c4d05312c64) Importer(2089858483,192608db42251d675da83286b1cce702) (ScriptedImporter) -> (artifact id: 'fed05af884da1887662c9d2a4962d8f5') in 0.0145884 seconds
Number of updated asset objects reloaded before import = 0Number of asset objects unloaded after import = 0

========================================================================
Received Import Request.
  Time since last request: 0.000016 seconds.
  path: Assets/Oculus/Interaction/Runtime/Meshes/Locomotion/Materials/MetaSecondaryGradientMat.mat
  artifactKey: Guid(8dc22c820b620ed47bc3d6d66d49d671) Importer(2089858483,192608db42251d675da83286b1cce702)
Start importing Assets/Oculus/Interaction/Runtime/Meshes/Locomotion/Materials/MetaSecondaryGradientMat.mat using Guid(8dc22c820b620ed47bc3d6d66d49d671) Importer(2089858483,192608db42251d675da83286b1cce702) (ScriptedImporter) -> (artifact id: '5e2ccb16cc2c56128aad252b4305c80e') in 0.0147894 seconds
Number of updated asset objects reloaded before import = 0Number of asset objects unloaded after import = 1

========================================================================
Received Import Request.
  Time since last request: 0.000014 seconds.
  path: Assets/Oculus/Interaction/OVRIntegration/Runtime/Prefabs/TouchHandGrab/OVRTouchHandGrabInteractor.prefab
  artifactKey: Guid(eacb945ff4b1f71479625dd1c973b0f2) Importer(2089858483,192608db42251d675da83286b1cce702)
Start importing Assets/Oculus/Interaction/OVRIntegration/Runtime/Prefabs/TouchHandGrab/OVRTouchHandGrabInteractor.prefab using Guid(eacb945ff4b1f71479625dd1c973b0f2) Importer(2089858483,192608db42251d675da83286b1cce702) (ScriptedImporter) -> (artifact id: '0e0499f5017e06f2b10874e443194ccd') in 0.0358194 seconds
Number of updated asset objects reloaded before import = 0Number of asset objects unloaded after import = 298

========================================================================
Received Import Request.
  Time since last request: 0.000015 seconds.
  path: Assets/Oculus/VR/Scripts/OVRAnchor/OVRAnchorComponents/OVRBounded2D.cs
  artifactKey: Guid(955209a5d89b4116b1fe76931b971c18) Importer(2089858483,192608db42251d675da83286b1cce702)
Start importing Assets/Oculus/VR/Scripts/OVRAnchor/OVRAnchorComponents/OVRBounded2D.cs using Guid(955209a5d89b4116b1fe76931b971c18) Importer(2089858483,192608db42251d675da83286b1cce702) (ScriptedImporter) -> (artifact id: 'b02ab0e081c060c01a28470c189938ef') in 0.0144536 seconds
Number of updated asset objects reloaded before import = 0Number of asset objects unloaded after import = 0

========================================================================
Received Import Request.
  Time since last request: 0.000030 seconds.
  path: Assets/Oculus/Interaction/Runtime/Scripts/Grab/SnapSurfaces/SphereSurface.cs
  artifactKey: Guid(18467ddce2adbac48aa374514e13d1ee) Importer(2089858483,192608db42251d675da83286b1cce702)
Start importing Assets/Oculus/Interaction/Runtime/Scripts/Grab/SnapSurfaces/SphereSurface.cs using Guid(18467ddce2adbac48aa374514e13d1ee) Importer(2089858483,192608db42251d675da83286b1cce702) (ScriptedImporter) -> (artifact id: '477670bbbc095741af304f06bb83b710') in 0.0164342 seconds
Number of updated asset objects reloaded before import = 0Number of asset objects unloaded after import = 0

========================================================================
Received Import Request.
  Time since last request: 0.000013 seconds.
  path: Assets/Oculus/Interaction/OVRIntegration/Runtime/Scripts/Input/AnimatedHandOVR.cs
  artifactKey: Guid(2864da2f393a3e948bb12ec4ac9b1782) Importer(2089858483,192608db42251d675da83286b1cce702)
Start importing Assets/Oculus/Interaction/OVRIntegration/Runtime/Scripts/Input/AnimatedHandOVR.cs using Guid(2864da2f393a3e948bb12ec4ac9b1782) Importer(2089858483,192608db42251d675da83286b1cce702) (ScriptedImporter) -> (artifact id: '6f6b06bf1ac2c71dff21be3a2664522b') in 0.016116 seconds
Number of updated asset objects reloaded before import = 0Number of asset objects unloaded after import = 0

========================================================================
Received Import Request.
  Time since last request: 0.000017 seconds.
  path: Assets/Oculus/Interaction/OVRIntegration/Editor/Blocks/InteractableItems/Pokeable Item.asset
  artifactKey: Guid(0f7473c587d9a4d02888511bf051527d) Importer(2089858483,192608db42251d675da83286b1cce702)
Start importing Assets/Oculus/Interaction/OVRIntegration/Editor/Blocks/InteractableItems/Pokeable Item.asset using Guid(0f7473c587d9a4d02888511bf051527d) Importer(2089858483,192608db42251d675da83286b1cce702) (ScriptedImporter) -> (artifact id: 'c8865bd655442cb07ba127e36cd74860') in 0.0261152 seconds
Number of updated asset objects reloaded before import = 0Number of asset objects unloaded after import = 23

========================================================================
Received Import Request.
  Time since last request: 0.000013 seconds.
  path: Assets/Oculus/Interaction/Runtime/Scripts/Body/PoseDetection/BodyPoseComparerActiveStateDebugVisual.cs
  artifactKey: Guid(9faf130193937b348be91e09c530a810) Importer(2089858483,192608db42251d675da83286b1cce702)
Start importing Assets/Oculus/Interaction/Runtime/Scripts/Body/PoseDetection/BodyPoseComparerActiveStateDebugVisual.cs using Guid(9faf130193937b348be91e09c530a810) Importer(2089858483,192608db42251d675da83286b1cce702) (ScriptedImporter) -> (artifact id: 'd8e2f2fd014594f91638d1dcf102eafb') in 0.0156738 seconds
Number of updated asset objects reloaded before import = 0Number of asset objects unloaded after import = 0

========================================================================
Received Import Request.
  Time since last request: 0.000016 seconds.
  path: Assets/Oculus/VR/Scripts/OVRAnchor/OVRAnchorComponents/OVRBounded3D.cs
  artifactKey: Guid(4e084c5263424e6aaa12b7c6536407ad) Importer(2089858483,192608db42251d675da83286b1cce702)
Start importing Assets/Oculus/VR/Scripts/OVRAnchor/OVRAnchorComponents/OVRBounded3D.cs using Guid(4e084c5263424e6aaa12b7c6536407ad) Importer(2089858483,192608db42251d675da83286b1cce702) (ScriptedImporter) -> (artifact id: '601cdd420f5e5ede6a8a8823f76e5567') in 0.015122 seconds
Number of updated asset objects reloaded before import = 0Number of asset objects unloaded after import = 0

========================================================================
Received Import Request.
  Time since last request: 0.000018 seconds.
  path: Assets/Oculus/Interaction/Runtime/Scripts/DistanceGrab/Visuals/DistantInteractionLineRendererVisual.cs
  artifactKey: Guid(49d2336476ec912499a3c0aff23be4e4) Importer(2089858483,192608db42251d675da83286b1cce702)
Start importing Assets/Oculus/Interaction/Runtime/Scripts/DistanceGrab/Visuals/DistantInteractionLineRendererVisual.cs using Guid(49d2336476ec912499a3c0aff23be4e4) Importer(2089858483,192608db42251d675da83286b1cce702) (ScriptedImporter) -> (artifact id: '6edfbe9f27d80cce126f124314510543') in 0.0158092 seconds
Number of updated asset objects reloaded before import = 0Number of asset objects unloaded after import = 0

========================================================================
Received Import Request.
  Time since last request: 0.000039 seconds.
  path: Assets/Oculus/Interaction/OVRIntegration/Runtime/Scripts/Input/FromOVRHandDataSource.cs
  artifactKey: Guid(4855895ba1c44959a306beb7ae318fc2) Importer(2089858483,192608db42251d675da83286b1cce702)
Start importing Assets/Oculus/Interaction/OVRIntegration/Runtime/Scripts/Input/FromOVRHandDataSource.cs using Guid(4855895ba1c44959a306beb7ae318fc2) Importer(2089858483,192608db42251d675da83286b1cce702) (ScriptedImporter) -> (artifact id: 'd36ac335d7aa8f8b48244e7d0e35cbdb') in 0.0272353 seconds
Number of updated asset objects reloaded before import = 0Number of asset objects unloaded after import = 0

========================================================================
Received Import Request.
  Time since last request: 0.000071 seconds.
  path: Assets/Oculus/Interaction/Runtime/Scripts/DistanceGrab/Visuals/IReticleData.cs
  artifactKey: Guid(02f66d477a24d6846bb998939cfc493e) Importer(2089858483,192608db42251d675da83286b1cce702)
Start importing Assets/Oculus/Interaction/Runtime/Scripts/DistanceGrab/Visuals/IReticleData.cs using Guid(02f66d477a24d6846bb998939cfc493e) Importer(2089858483,192608db42251d675da83286b1cce702) (ScriptedImporter) -> (artifact id: '70f010da7c92b10111720a9977e7f9d8') in 0.0202504 seconds
Number of updated asset objects reloaded before import = 0Number of asset objects unloaded after import = 0

========================================================================
Received Import Request.
  Time since last request: 0.000024 seconds.
  path: Assets/Oculus/Interaction/Runtime/Scripts/Grab/Recording/HandPoseRecorder.cs
  artifactKey: Guid(f0350d356fc9592468b162c8fcfbc055) Importer(2089858483,192608db42251d675da83286b1cce702)
Start importing Assets/Oculus/Interaction/Runtime/Scripts/Grab/Recording/HandPoseRecorder.cs using Guid(f0350d356fc9592468b162c8fcfbc055) Importer(2089858483,192608db42251d675da83286b1cce702) (ScriptedImporter) -> (artifact id: '856e12b5285c97d4fe3062cdd905c46d') in 0.0197838 seconds
Number of updated asset objects reloaded before import = 0Number of asset objects unloaded after import = 0

========================================================================
Received Import Request.
  Time since last request: 0.000018 seconds.
  path: Assets/Oculus/Interaction/Runtime/Scripts/DistanceGrab/Visuals/ReticleGhostDrawer.cs
  artifactKey: Guid(0c6aa09f2d128af4d93fb9fc29ecec33) Importer(2089858483,192608db42251d675da83286b1cce702)
Start importing Assets/Oculus/Interaction/Runtime/Scripts/DistanceGrab/Visuals/ReticleGhostDrawer.cs using Guid(0c6aa09f2d128af4d93fb9fc29ecec33) Importer(2089858483,192608db42251d675da83286b1cce702) (ScriptedImporter) -> (artifact id: '3a1c92a8adcd4d01507e7060877ad9b2') in 0.0155043 seconds
Number of updated asset objects reloaded before import = 0Number of asset objects unloaded after import = 0

========================================================================
Received Import Request.
  Time since last request: 0.000023 seconds.
  path: Assets/Oculus/Interaction/Runtime/Scripts/Body/PoseDetection/BodyPoseComparerActiveState.cs
  artifactKey: Guid(ebf7b9e4cfb7d2e4aa5a2dccb5ee7d0f) Importer(2089858483,192608db42251d675da83286b1cce702)
Start importing Assets/Oculus/Interaction/Runtime/Scripts/Body/PoseDetection/BodyPoseComparerActiveState.cs using Guid(ebf7b9e4cfb7d2e4aa5a2dccb5ee7d0f) Importer(2089858483,192608db42251d675da83286b1cce702) (ScriptedImporter) -> (artifact id: '233b823b464bc034d95ab2aff2bbfa88') in 0.0150241 seconds
Number of updated asset objects reloaded before import = 0Number of asset objects unloaded after import = 0

========================================================================
Received Import Request.
  Time since last request: 0.000023 seconds.
  path: Assets/Oculus/VR/Meshes/MetaQuestTouchPlus/Animation/MetaQuestTouchPlusLeftAnimation.controller
  artifactKey: Guid(12e0d551f2089fc4380c1368a69a3512) Importer(2089858483,192608db42251d675da83286b1cce702)
Start importing Assets/Oculus/VR/Meshes/MetaQuestTouchPlus/Animation/MetaQuestTouchPlusLeftAnimation.controller using Guid(12e0d551f2089fc4380c1368a69a3512) Importer(2089858483,192608db42251d675da83286b1cce702) (ScriptedImporter) -> (artifact id: '80b7d405594c844f26fe3c3eefe11e5c') in 0.0135203 seconds
Number of updated asset objects reloaded before import = 0Number of asset objects unloaded after import = 38

========================================================================
Received Import Request.
  Time since last request: 0.000014 seconds.
  path: Assets/Oculus/Interaction/OVRIntegration/Runtime/Scripts/UnityCanvas/OVRCanvasMeshRenderer.cs
  artifactKey: Guid(e79beb32c1e430c42aa2376685d99ae7) Importer(2089858483,192608db42251d675da83286b1cce702)
Start importing Assets/Oculus/Interaction/OVRIntegration/Runtime/Scripts/UnityCanvas/OVRCanvasMeshRenderer.cs using Guid(e79beb32c1e430c42aa2376685d99ae7) Importer(2089858483,192608db42251d675da83286b1cce702) (ScriptedImporter) -> (artifact id: '3a881d41234be6ae5032d176d6937b01') in 0.0152938 seconds
Number of updated asset objects reloaded before import = 0Number of asset objects unloaded after import = 0

========================================================================
Received Import Request.
  Time since last request: 0.000015 seconds.
  path: Assets/Oculus/Interaction/Runtime/Scripts/Grab/Visuals/HandGhostProvider.cs
  artifactKey: Guid(84de3b22a7efbab46967c1a17f5b8cda) Importer(2089858483,192608db42251d675da83286b1cce702)
Start importing Assets/Oculus/Interaction/Runtime/Scripts/Grab/Visuals/HandGhostProvider.cs using Guid(84de3b22a7efbab46967c1a17f5b8cda) Importer(2089858483,192608db42251d675da83286b1cce702) (ScriptedImporter) -> (artifact id: 'bc0431cb513239987bdf65b8fac6fb0e') in 0.0161549 seconds
Number of updated asset objects reloaded before import = 0Number of asset objects unloaded after import = 0

========================================================================
Received Import Request.
  Time since last request: 0.000012 seconds.
  path: Assets/Oculus/Interaction/OVRIntegration/Runtime/Scripts/Input/FromOVRControllerDataSource.cs
  artifactKey: Guid(ee6b94f7bc105c24ea3746dc4141a7eb) Importer(2089858483,192608db42251d675da83286b1cce702)
Start importing Assets/Oculus/Interaction/OVRIntegration/Runtime/Scripts/Input/FromOVRControllerDataSource.cs using Guid(ee6b94f7bc105c24ea3746dc4141a7eb) Importer(2089858483,192608db42251d675da83286b1cce702) (ScriptedImporter) -> (artifact id: '5ce91fba489f139047ed539ae39758aa') in 0.0143539 seconds
Number of updated asset objects reloaded before import = 0Number of asset objects unloaded after import = 0

========================================================================
Received Import Request.
  Time since last request: 0.000014 seconds.
  path: Assets/Oculus/VR/Meshes/OculusTouchForQuestAndRiftS/Animation/OculusTouchQuestAndRiftSLeftAnimation.controller
  artifactKey: Guid(92dd1ff21e711dc4b8b57eb39ab807ac) Importer(2089858483,192608db42251d675da83286b1cce702)
Start importing Assets/Oculus/VR/Meshes/OculusTouchForQuestAndRiftS/Animation/OculusTouchQuestAndRiftSLeftAnimation.controller using Guid(92dd1ff21e711dc4b8b57eb39ab807ac) Importer(2089858483,192608db42251d675da83286b1cce702) (ScriptedImporter) -> (artifact id: 'dbddacb90c5f1ae00fff9af4a920afb5') in 0.0129168 seconds
Number of updated asset objects reloaded before import = 0Number of asset objects unloaded after import = 38

========================================================================
Received Import Request.
  Time since last request: 0.000014 seconds.
  path: Assets/Oculus/VR/Scripts/Util/Async/OVRTask.cs
  artifactKey: Guid(7bc71515869d46e08e210173388da05c) Importer(2089858483,192608db42251d675da83286b1cce702)
Start importing Assets/Oculus/VR/Scripts/Util/Async/OVRTask.cs using Guid(7bc71515869d46e08e210173388da05c) Importer(2089858483,192608db42251d675da83286b1cce702) (ScriptedImporter) -> (artifact id: 'ab007e5b5e4557b290b63e852535ff76') in 0.0124755 seconds
Number of updated asset objects reloaded before import = 0Number of asset objects unloaded after import = 0

========================================================================
Received Import Request.
  Time since last request: 0.000016 seconds.
  path: Assets/Oculus/Interaction/Runtime/Scripts/Grab/SnapSurfaces/ColliderSurface.cs
  artifactKey: Guid(8951a656a7c00e74094166ef415cdce6) Importer(2089858483,192608db42251d675da83286b1cce702)
Start importing Assets/Oculus/Interaction/Runtime/Scripts/Grab/SnapSurfaces/ColliderSurface.cs using Guid(8951a656a7c00e74094166ef415cdce6) Importer(2089858483,192608db42251d675da83286b1cce702) (ScriptedImporter) -> (artifact id: '31aaeb6747edc0f62aaa8e3e2af8d320') in 0.0119278 seconds
Number of updated asset objects reloaded before import = 0Number of asset objects unloaded after import = 0

========================================================================
Received Import Request.
  Time since last request: 0.000022 seconds.
  path: Assets/Oculus/Interaction/OVRIntegration/Runtime/Scripts/Input/OVRButtonAxis1D.cs
  artifactKey: Guid(f9a24919fd626214ca2abf1f8882a549) Importer(2089858483,192608db42251d675da83286b1cce702)
Start importing Assets/Oculus/Interaction/OVRIntegration/Runtime/Scripts/Input/OVRButtonAxis1D.cs using Guid(f9a24919fd626214ca2abf1f8882a549) Importer(2089858483,192608db42251d675da83286b1cce702) (ScriptedImporter) -> (artifact id: 'ae4e5d9fb785f107a879ab46f67716db') in 0.0134655 seconds
Number of updated asset objects reloaded before import = 0Number of asset objects unloaded after import = 0

========================================================================
Received Import Request.
  Time since last request: 0.000012 seconds.
  path: Assets/Oculus/Interaction/Runtime/Scripts/Grab/SnapSurfaces/BezierSurface.cs
  artifactKey: Guid(fe16fe5c237c19b45bc8c5843cfc4935) Importer(2089858483,192608db42251d675da83286b1cce702)
Start importing Assets/Oculus/Interaction/Runtime/Scripts/Grab/SnapSurfaces/BezierSurface.cs using Guid(fe16fe5c237c19b45bc8c5843cfc4935) Importer(2089858483,192608db42251d675da83286b1cce702) (ScriptedImporter) -> (artifact id: 'abe29e4f16da0e10b1b4fa0a2c66a8d4') in 0.0138195 seconds
Number of updated asset objects reloaded before import = 0Number of asset objects unloaded after import = 0

========================================================================
Received Import Request.
  Time since last request: 0.000013 seconds.
  path: Assets/Oculus/Interaction/Runtime/Scripts/Body/Input/BodySkeletonMapping.cs
  artifactKey: Guid(c0163dd25f6c25141bbe3c5b18171c50) Importer(2089858483,192608db42251d675da83286b1cce702)
Start importing Assets/Oculus/Interaction/Runtime/Scripts/Body/Input/BodySkeletonMapping.cs using Guid(c0163dd25f6c25141bbe3c5b18171c50) Importer(2089858483,192608db42251d675da83286b1cce702) (ScriptedImporter) -> (artifact id: 'a1374a0ad344b15d33e0cef22c47a9e9') in 0.0140075 seconds
Number of updated asset objects reloaded before import = 0Number of asset objects unloaded after import = 0

========================================================================
Received Import Request.
  Time since last request: 0.000018 seconds.
  path: Assets/Oculus/Interaction/OVRIntegration/Runtime/Prefabs/HandGrab/Ghost-RightHand.prefab
  artifactKey: Guid(4170d4d20a9b6034a88d89a71c2e0828) Importer(2089858483,192608db42251d675da83286b1cce702)
Start importing Assets/Oculus/Interaction/OVRIntegration/Runtime/Prefabs/HandGrab/Ghost-RightHand.prefab using Guid(4170d4d20a9b6034a88d89a71c2e0828) Importer(2089858483,192608db42251d675da83286b1cce702) (ScriptedImporter) -> (artifact id: 'd49729cb291f0a6929c22656fe886177') in 0.0226437 seconds
Number of updated asset objects reloaded before import = 0Number of asset objects unloaded after import = 168

========================================================================
Received Import Request.
  Time since last request: 0.000011 seconds.
  path: Assets/Oculus/VR/Editor/BuildingBlocks/Icons/ovr_icon_bbw.png
  artifactKey: Guid(1d18a06dac3e3214b8be0fc6d1539131) Importer(2089858483,192608db42251d675da83286b1cce702)
Start importing Assets/Oculus/VR/Editor/BuildingBlocks/Icons/ovr_icon_bbw.png using Guid(1d18a06dac3e3214b8be0fc6d1539131) Importer(2089858483,192608db42251d675da83286b1cce702) (ScriptedImporter) -> (artifact id: '6cc780596ff6a16bb0d2824234a9c3cf') in 0.0176157 seconds
Number of updated asset objects reloaded before import = 0Number of asset objects unloaded after import = 1

========================================================================
Received Import Request.
  Time since last request: 0.000012 seconds.
  path: Assets/Oculus/VR/Meshes/MetaQuestTouchPro/Animation/MetaQuestTouchProLeftAnimation.controller
  artifactKey: Guid(adee424ac9576984da6cd4c044c80118) Importer(2089858483,192608db42251d675da83286b1cce702)
Start importing Assets/Oculus/VR/Meshes/MetaQuestTouchPro/Animation/MetaQuestTouchProLeftAnimation.controller using Guid(adee424ac9576984da6cd4c044c80118) Importer(2089858483,192608db42251d675da83286b1cce702) (ScriptedImporter) -> (artifact id: '4d79fc40b96c0903e8a46a500aa5c9ee') in 0.0122737 seconds
Number of updated asset objects reloaded before import = 0Number of asset objects unloaded after import = 38

========================================================================
Received Import Request.
  Time since last request: 0.000015 seconds.
  path: Assets/Oculus/VR/Editor/BuildingBlocks/Animations/bb_outline_05.png
  artifactKey: Guid(b62ea05aab642a84aa10dda65834bf55) Importer(2089858483,192608db42251d675da83286b1cce702)
Start importing Assets/Oculus/VR/Editor/BuildingBlocks/Animations/bb_outline_05.png using Guid(b62ea05aab642a84aa10dda65834bf55) Importer(2089858483,192608db42251d675da83286b1cce702) (ScriptedImporter) -> (artifact id: 'ca75baab910c52d203dd22cd43f9252f') in 0.0201287 seconds
Number of updated asset objects reloaded before import = 0Number of asset objects unloaded after import = 1

========================================================================
Received Import Request.
  Time since last request: 0.000022 seconds.
  path: Assets/Oculus/Voice/Samples/Chess/Textures/CheckerBoard.png
  artifactKey: Guid(fc1c94a75e9abf7469bf12e851016078) Importer(2089858483,192608db42251d675da83286b1cce702)
Start importing Assets/Oculus/Voice/Samples/Chess/Textures/CheckerBoard.png using Guid(fc1c94a75e9abf7469bf12e851016078) Importer(2089858483,192608db42251d675da83286b1cce702) (ScriptedImporter) -> (artifact id: '720fdf0363615c901af1bbc531d6209d') in 0.0169272 seconds
Number of updated asset objects reloaded before import = 0Number of asset objects unloaded after import = 1

========================================================================
Received Import Request.
  Time since last request: 0.000011 seconds.
  path: Assets/Oculus/VR/Editor/BuildingBlocks/Icons/ovr_success_greybg.png
  artifactKey: Guid(8295fd5efef25b34da622a30ed234bb2) Importer(2089858483,192608db42251d675da83286b1cce702)
Start importing Assets/Oculus/VR/Editor/BuildingBlocks/Icons/ovr_success_greybg.png using Guid(8295fd5efef25b34da622a30ed234bb2) Importer(2089858483,192608db42251d675da83286b1cce702) (ScriptedImporter) -> (artifact id: '2eed5cb30b80a1c0e7c6476b6ce07365') in 0.0237519 seconds
Number of updated asset objects reloaded before import = 0Number of asset objects unloaded after import = 1

========================================================================
Received Import Request.
  Time since last request: 0.000013 seconds.
  path: Assets/Oculus/SampleFramework/Usage/SpatialAnchor/Scripts/SpatialAnchorLoader.cs
  artifactKey: Guid(432567d157dd9b1478a34a3d58ae077c) Importer(2089858483,192608db42251d675da83286b1cce702)
Start importing Assets/Oculus/SampleFramework/Usage/SpatialAnchor/Scripts/SpatialAnchorLoader.cs using Guid(432567d157dd9b1478a34a3d58ae077c) Importer(2089858483,192608db42251d675da83286b1cce702) (ScriptedImporter) -> (artifact id: '096a94733006dd9e7bc581cceafbd856') in 0.0148813 seconds
Number of updated asset objects reloaded before import = 0Number of asset objects unloaded after import = 0

========================================================================
Received Import Request.
  Time since last request: 0.000014 seconds.
  path: Assets/Oculus/Interaction/Runtime/Scripts/Interaction/Core/TagMonoBehaviourFilter.cs
  artifactKey: Guid(53f77afe510aecd498784137cc49071e) Importer(2089858483,192608db42251d675da83286b1cce702)
Start importing Assets/Oculus/Interaction/Runtime/Scripts/Interaction/Core/TagMonoBehaviourFilter.cs using Guid(53f77afe510aecd498784137cc49071e) Importer(2089858483,192608db42251d675da83286b1cce702) (ScriptedImporter) -> (artifact id: '7c8db550e76c44db72aa48935df7c3d5') in 0.016118 seconds
Number of updated asset objects reloaded before import = 0Number of asset objects unloaded after import = 0

========================================================================
Received Import Request.
  Time since last request: 0.000020 seconds.
  path: Assets/Oculus/Interaction/Runtime/Scripts/Interaction/Core/InteractorGroupMulti.cs
  artifactKey: Guid(627ec7dbd583a064eac8ebbc020ce49a) Importer(2089858483,192608db42251d675da83286b1cce702)
Start importing Assets/Oculus/Interaction/Runtime/Scripts/Interaction/Core/InteractorGroupMulti.cs using Guid(627ec7dbd583a064eac8ebbc020ce49a) Importer(2089858483,192608db42251d675da83286b1cce702) (ScriptedImporter) -> (artifact id: 'a93f8254bbec55d83409969627bb78da') in 0.0142502 seconds
Number of updated asset objects reloaded before import = 0Number of asset objects unloaded after import = 0

========================================================================
Received Import Request.
  Time since last request: 0.000013 seconds.
  path: Assets/Oculus/Interaction/Runtime/Scripts/Interaction/Core/IInteractorComparer.cs
  artifactKey: Guid(54e1d161b323a72489260ba9390eafba) Importer(2089858483,192608db42251d675da83286b1cce702)
Start importing Assets/Oculus/Interaction/Runtime/Scripts/Interaction/Core/IInteractorComparer.cs using Guid(54e1d161b323a72489260ba9390eafba) Importer(2089858483,192608db42251d675da83286b1cce702) (ScriptedImporter) -> (artifact id: '74dd2159d4fe9bdfe386d3c5c563713b') in 0.0131101 seconds
Number of updated asset objects reloaded before import = 0Number of asset objects unloaded after import = 0

========================================================================
Received Import Request.
  Time since last request: 0.000015 seconds.
  path: Assets/Oculus/Interaction/Runtime/Scripts/Input/HMD/HmdDataSourceConfig.cs
  artifactKey: Guid(5e6945eb8bd2e9941a48a55b14cda4d5) Importer(2089858483,192608db42251d675da83286b1cce702)
Start importing Assets/Oculus/Interaction/Runtime/Scripts/Input/HMD/HmdDataSourceConfig.cs using Guid(5e6945eb8bd2e9941a48a55b14cda4d5) Importer(2089858483,192608db42251d675da83286b1cce702) (ScriptedImporter) -> (artifact id: '5f33ee3c85ac2ea4b9e6c727f4ad23c1') in 0.0127391 seconds
Number of updated asset objects reloaded before import = 0Number of asset objects unloaded after import = 0

========================================================================
Received Import Request.
  Time since last request: 0.000022 seconds.
  path: Assets/Oculus/Interaction/Runtime/Scripts/Grab/Visuals/HandJointMap.cs
  artifactKey: Guid(890181c147a8cc94597b7ab04b4db257) Importer(2089858483,192608db42251d675da83286b1cce702)
Start importing Assets/Oculus/Interaction/Runtime/Scripts/Grab/Visuals/HandJointMap.cs using Guid(890181c147a8cc94597b7ab04b4db257) Importer(2089858483,192608db42251d675da83286b1cce702) (ScriptedImporter) -> (artifact id: '075ec600754302f2b7e9824704779fcb') in 0.0140057 seconds
Number of updated asset objects reloaded before import = 0Number of asset objects unloaded after import = 0

========================================================================
Received Import Request.
  Time since last request: 0.000013 seconds.
  path: Assets/Oculus/Interaction/Runtime/Scripts/Interaction/Core/ControllerActiveState.cs
  artifactKey: Guid(3e2cb428b733e56478338c736189a0d5) Importer(2089858483,192608db42251d675da83286b1cce702)
Start importing Assets/Oculus/Interaction/Runtime/Scripts/Interaction/Core/ControllerActiveState.cs using Guid(3e2cb428b733e56478338c736189a0d5) Importer(2089858483,192608db42251d675da83286b1cce702) (ScriptedImporter) -> (artifact id: '43414502a167fa2f7abb7a324b9f9ae4') in 0.0126393 seconds
Number of updated asset objects reloaded before import = 0Number of asset objects unloaded after import = 0

========================================================================
Received Import Request.
  Time since last request: 0.000012 seconds.
  path: Assets/Oculus/Interaction/Runtime/Scripts/Interaction/Core/IActiveState.cs
  artifactKey: Guid(1aebdea39235ca249ab63bdcacd9b45b) Importer(2089858483,192608db42251d675da83286b1cce702)
Start importing Assets/Oculus/Interaction/Runtime/Scripts/Interaction/Core/IActiveState.cs using Guid(1aebdea39235ca249ab63bdcacd9b45b) Importer(2089858483,192608db42251d675da83286b1cce702) (ScriptedImporter) -> (artifact id: '72dd6785c9eee209ba38f7ca4eb54b96') in 0.0143671 seconds
Number of updated asset objects reloaded before import = 0Number of asset objects unloaded after import = 0

========================================================================
Received Import Request.
  Time since last request: 0.000016 seconds.
  path: Assets/Oculus/Interaction/Runtime/Scripts/Interaction/Core/IRigidbodyRef.cs
  artifactKey: Guid(901de7ebb9bd1624bbfb64a09629a730) Importer(2089858483,192608db42251d675da83286b1cce702)
Start importing Assets/Oculus/Interaction/Runtime/Scripts/Interaction/Core/IRigidbodyRef.cs using Guid(901de7ebb9bd1624bbfb64a09629a730) Importer(2089858483,192608db42251d675da83286b1cce702) (ScriptedImporter) -> (artifact id: 'fe9e1a40d850990c9b334c27acc0470d') in 0.0129182 seconds
Number of updated asset objects reloaded before import = 0Number of asset objects unloaded after import = 0

========================================================================
Received Import Request.
  Time since last request: 0.000018 seconds.
  path: Assets/Oculus/Interaction/Runtime/Scripts/Interaction/Core/ISelector.cs
  artifactKey: Guid(943b088ec5d454f408757c12bc50bba9) Importer(2089858483,192608db42251d675da83286b1cce702)
Start importing Assets/Oculus/Interaction/Runtime/Scripts/Interaction/Core/ISelector.cs using Guid(943b088ec5d454f408757c12bc50bba9) Importer(2089858483,192608db42251d675da83286b1cce702) (ScriptedImporter) -> (artifact id: '43b53ae6d008da47e4a5f0f4f5716aba') in 0.0141868 seconds
Number of updated asset objects reloaded before import = 0Number of asset objects unloaded after import = 0

========================================================================
Received Import Request.
  Time since last request: 0.000014 seconds.
  path: Assets/Oculus/Interaction/Runtime/Scripts/Interaction/Core/IGameObjectFilter.cs
  artifactKey: Guid(943f4030051d4ae4eb8e1d146817e1ec) Importer(2089858483,192608db42251d675da83286b1cce702)
Start importing Assets/Oculus/Interaction/Runtime/Scripts/Interaction/Core/IGameObjectFilter.cs using Guid(943f4030051d4ae4eb8e1d146817e1ec) Importer(2089858483,192608db42251d675da83286b1cce702) (ScriptedImporter) -> (artifact id: '8b3e61a7f83e3b7ee501d67b5d4ed474') in 0.0138537 seconds
Number of updated asset objects reloaded before import = 0Number of asset objects unloaded after import = 0

========================================================================
Received Import Request.
  Time since last request: 0.000017 seconds.
  path: Assets/Oculus/Interaction/Runtime/Scripts/Interaction/Core/InteractableState.cs
  artifactKey: Guid(b3ce0573c277c4440a698a8063a6150c) Importer(2089858483,192608db42251d675da83286b1cce702)
Start importing Assets/Oculus/Interaction/Runtime/Scripts/Interaction/Core/InteractableState.cs using Guid(b3ce0573c277c4440a698a8063a6150c) Importer(2089858483,192608db42251d675da83286b1cce702) (ScriptedImporter) -> (artifact id: 'bbf3b4d95b65a42cc79c449b1f5285cd') in 0.0132886 seconds
Number of updated asset objects reloaded before import = 0Number of asset objects unloaded after import = 0

========================================================================
Received Import Request.
  Time since last request: 0.000022 seconds.
  path: Assets/Oculus/Interaction/Runtime/Scripts/Input/Hands/JointLocking.cs
  artifactKey: Guid(e5ff9adcc40cf244d9b059246806c207) Importer(2089858483,192608db42251d675da83286b1cce702)
Start importing Assets/Oculus/Interaction/Runtime/Scripts/Input/Hands/JointLocking.cs using Guid(e5ff9adcc40cf244d9b059246806c207) Importer(2089858483,192608db42251d675da83286b1cce702) (ScriptedImporter) -> (artifact id: '5856e26b1db0b0734c2a0ec43bfb16aa') in 0.0124773 seconds
Number of updated asset objects reloaded before import = 0Number of asset objects unloaded after import = 0

========================================================================
Received Import Request.
  Time since last request: 0.000016 seconds.
  path: Assets/Oculus/Interaction/Runtime/Scripts/Interaction/Core/HandActiveState.cs
  artifactKey: Guid(bebfb74b97b000d4899abbd61f49aa40) Importer(2089858483,192608db42251d675da83286b1cce702)
Start importing Assets/Oculus/Interaction/Runtime/Scripts/Interaction/Core/HandActiveState.cs using Guid(bebfb74b97b000d4899abbd61f49aa40) Importer(2089858483,192608db42251d675da83286b1cce702) (ScriptedImporter) -> (artifact id: 'd1381f15489d6b5c8f9cb3f439d3f9d7') in 0.0117271 seconds
Number of updated asset objects reloaded before import = 0Number of asset objects unloaded after import = 0

========================================================================
Received Import Request.
  Time since last request: 0.000011 seconds.
  path: Assets/Oculus/Interaction/Runtime/Scripts/Interaction/Core/TagSetFilter.cs
  artifactKey: Guid(75d3a1facc5f29d4ea65d3af68af5c9e) Importer(2089858483,192608db42251d675da83286b1cce702)
Start importing Assets/Oculus/Interaction/Runtime/Scripts/Interaction/Core/TagSetFilter.cs using Guid(75d3a1facc5f29d4ea65d3af68af5c9e) Importer(2089858483,192608db42251d675da83286b1cce702) (ScriptedImporter) -> (artifact id: 'd1983ebf6c83b5321e99a1eb97f6da29') in 0.013318 seconds
Number of updated asset objects reloaded before import = 0Number of asset objects unloaded after import = 0

========================================================================
Received Import Request.
  Time since last request: 0.000012 seconds.
  path: Assets/Oculus/Interaction/Runtime/Scripts/Input/OneEuroFilter/HandFilterParameterBlock.cs
  artifactKey: Guid(8cb1d32171371c744947b9c3f1911fb8) Importer(2089858483,192608db42251d675da83286b1cce702)
Start importing Assets/Oculus/Interaction/Runtime/Scripts/Input/OneEuroFilter/HandFilterParameterBlock.cs using Guid(8cb1d32171371c744947b9c3f1911fb8) Importer(2089858483,192608db42251d675da83286b1cce702) (ScriptedImporter) -> (artifact id: '798807605af188b1c8a00cb6750a2337') in 0.0117687 seconds
Number of updated asset objects reloaded before import = 0Number of asset objects unloaded after import = 0

========================================================================
Received Import Request.
  Time since last request: 0.000011 seconds.
  path: Assets/Oculus/Interaction/Runtime/Scripts/Input/Controllers/ControllerDataSourceConfig.cs
  artifactKey: Guid(a1675de914d203a4a910d701ade05ce3) Importer(2089858483,192608db42251d675da83286b1cce702)
Start importing Assets/Oculus/Interaction/Runtime/Scripts/Input/Controllers/ControllerDataSourceConfig.cs using Guid(a1675de914d203a4a910d701ade05ce3) Importer(2089858483,192608db42251d675da83286b1cce702) (ScriptedImporter) -> (artifact id: 'eddfc48dbd8a668e31ce0c5e5bf5f48d') in 0.0153117 seconds
Number of updated asset objects reloaded before import = 0Number of asset objects unloaded after import = 0

========================================================================
Received Import Request.
  Time since last request: 0.000012 seconds.
  path: Assets/Oculus/Interaction/Runtime/Scripts/Interaction/ProximityField/IProximityField.cs
  artifactKey: Guid(726ec01531856074aabba69e5709be9e) Importer(2089858483,192608db42251d675da83286b1cce702)
Start importing Assets/Oculus/Interaction/Runtime/Scripts/Interaction/ProximityField/IProximityField.cs using Guid(726ec01531856074aabba69e5709be9e) Importer(2089858483,192608db42251d675da83286b1cce702) (ScriptedImporter) -> (artifact id: '8b1658870f18c577c25252e7b5e6bca0') in 0.0148688 seconds
Number of updated asset objects reloaded before import = 0Number of asset objects unloaded after import = 0

========================================================================
Received Import Request.
  Time since last request: 0.000016 seconds.
  path: Assets/Oculus/Interaction/Runtime/Scripts/Input/Controllers/IControllerDataModifier.cs
  artifactKey: Guid(b392af6b92984f2887f80975b07141ba) Importer(2089858483,192608db42251d675da83286b1cce702)
Start importing Assets/Oculus/Interaction/Runtime/Scripts/Input/Controllers/IControllerDataModifier.cs using Guid(b392af6b92984f2887f80975b07141ba) Importer(2089858483,192608db42251d675da83286b1cce702) (ScriptedImporter) -> (artifact id: '9992bd16c4c5e3378d673990bbab1d24') in 0.0164738 seconds
Number of updated asset objects reloaded before import = 0Number of asset objects unloaded after import = 0

========================================================================
Received Import Request.
  Time since last request: 0.000020 seconds.
  path: Assets/Oculus/Interaction/Runtime/Scripts/Interaction/Surfaces/IClippedSurface.cs
  artifactKey: Guid(4011a63d91d7c694e9f80691fbd91551) Importer(2089858483,192608db42251d675da83286b1cce702)
Start importing Assets/Oculus/Interaction/Runtime/Scripts/Interaction/Surfaces/IClippedSurface.cs using Guid(4011a63d91d7c694e9f80691fbd91551) Importer(2089858483,192608db42251d675da83286b1cce702) (ScriptedImporter) -> (artifact id: '41c06b0eef51c8917aac2118b4f4aa88') in 0.0099898 seconds
Number of updated asset objects reloaded before import = 0Number of asset objects unloaded after import = 0

========================================================================
Received Import Request.
  Time since last request: 0.000011 seconds.
  path: Assets/Oculus/Interaction/Runtime/Scripts/Input/Hands/HandRef.cs
  artifactKey: Guid(b14164f8f23faae4293baeb84485b3d6) Importer(2089858483,192608db42251d675da83286b1cce702)
Start importing Assets/Oculus/Interaction/Runtime/Scripts/Input/Hands/HandRef.cs using Guid(b14164f8f23faae4293baeb84485b3d6) Importer(2089858483,192608db42251d675da83286b1cce702) (ScriptedImporter) -> (artifact id: 'b65aa51b74543327ad55194157a0b850') in 0.012811 seconds
Number of updated asset objects reloaded before import = 0Number of asset objects unloaded after import = 0

========================================================================
Received Import Request.
  Time since last request: 0.000011 seconds.
  path: Assets/Oculus/Interaction/Runtime/Scripts/Interaction/ProximityField/BoxProximityField.cs
  artifactKey: Guid(901cc0853dbecd74d98375722eb8c7c0) Importer(2089858483,192608db42251d675da83286b1cce702)
Start importing Assets/Oculus/Interaction/Runtime/Scripts/Interaction/ProximityField/BoxProximityField.cs using Guid(901cc0853dbecd74d98375722eb8c7c0) Importer(2089858483,192608db42251d675da83286b1cce702) (ScriptedImporter) -> (artifact id: '36f25cce2b0c30938d6117b5615d7251') in 0.0137513 seconds
Number of updated asset objects reloaded before import = 0Number of asset objects unloaded after import = 0

========================================================================
Received Import Request.
  Time since last request: 0.000011 seconds.
  path: Assets/Oculus/Interaction/Runtime/Scripts/Interaction/Pointable/PointerInteractable.cs
  artifactKey: Guid(a5ab2e5e9d27b754a982ab269eff56e6) Importer(2089858483,192608db42251d675da83286b1cce702)
Start importing Assets/Oculus/Interaction/Runtime/Scripts/Interaction/Pointable/PointerInteractable.cs using Guid(a5ab2e5e9d27b754a982ab269eff56e6) Importer(2089858483,192608db42251d675da83286b1cce702) (ScriptedImporter) -> (artifact id: 'fd0cde065b169d5a6133bac6e6a79a14') in 0.0096158 seconds
Number of updated asset objects reloaded before import = 0Number of asset objects unloaded after import = 0

========================================================================
Received Import Request.
  Time since last request: 0.000014 seconds.
  path: Assets/Oculus/Interaction/Runtime/Scripts/Interaction/Core/IInteractableFilter.cs
  artifactKey: Guid(3bf9fbe796c7a2b4db61aead2e7d4824) Importer(2089858483,192608db42251d675da83286b1cce702)
Start importing Assets/Oculus/Interaction/Runtime/Scripts/Interaction/Core/IInteractableFilter.cs using Guid(3bf9fbe796c7a2b4db61aead2e7d4824) Importer(2089858483,192608db42251d675da83286b1cce702) (ScriptedImporter) -> (artifact id: '4150f971601a478f9cb55a0c1070fea7') in 0.0131113 seconds
Number of updated asset objects reloaded before import = 0Number of asset objects unloaded after import = 0

========================================================================
Received Import Request.
  Time since last request: 0.000013 seconds.
  path: Assets/Oculus/Interaction/Runtime/Scripts/Grab/Visuals/HandPuppet.cs
  artifactKey: Guid(c3bf6df4a5ac85847831e1fb5fa00ff8) Importer(2089858483,192608db42251d675da83286b1cce702)
Start importing Assets/Oculus/Interaction/Runtime/Scripts/Grab/Visuals/HandPuppet.cs using Guid(c3bf6df4a5ac85847831e1fb5fa00ff8) Importer(2089858483,192608db42251d675da83286b1cce702) (ScriptedImporter) -> (artifact id: 'a75ee04f3b9f4c288e157871c1243edf') in 0.0129123 seconds
Number of updated asset objects reloaded before import = 0Number of asset objects unloaded after import = 0

========================================================================
Received Import Request.
  Time since last request: 0.000013 seconds.
  path: Assets/Oculus/Interaction/Runtime/Scripts/Interaction/Grabbable/TwoGrabRotateTransformer.cs
  artifactKey: Guid(6b80644816ce922468d6e1dc8c12daff) Importer(2089858483,192608db42251d675da83286b1cce702)
Start importing Assets/Oculus/Interaction/Runtime/Scripts/Interaction/Grabbable/TwoGrabRotateTransformer.cs using Guid(6b80644816ce922468d6e1dc8c12daff) Importer(2089858483,192608db42251d675da83286b1cce702) (ScriptedImporter) -> (artifact id: '5e9a0d0ca27ff1bf2ea05fd1c9286945') in 0.0128859 seconds
Number of updated asset objects reloaded before import = 0Number of asset objects unloaded after import = 0

========================================================================
Received Import Request.
  Time since last request: 0.000015 seconds.
  path: Assets/Oculus/Interaction/Runtime/Scripts/Interaction/Core/IMonoBehaviourFilter.cs
  artifactKey: Guid(86ea3743a20e5ab4e92a386ca55ce8ed) Importer(2089858483,192608db42251d675da83286b1cce702)
Start importing Assets/Oculus/Interaction/Runtime/Scripts/Interaction/Core/IMonoBehaviourFilter.cs using Guid(86ea3743a20e5ab4e92a386ca55ce8ed) Importer(2089858483,192608db42251d675da83286b1cce702) (ScriptedImporter) -> (artifact id: '1c1d5663e793808d3d607c8098121b4e') in 0.0137554 seconds
Number of updated asset objects reloaded before import = 0Number of asset objects unloaded after import = 0

========================================================================
Received Import Request.
  Time since last request: 0.000020 seconds.
  path: Assets/Oculus/Interaction/Runtime/Scripts/Interaction/Core/CandidatePositionComparer.cs
  artifactKey: Guid(750f24b5533b4514b83c11a1191849a1) Importer(2089858483,192608db42251d675da83286b1cce702)
Start importing Assets/Oculus/Interaction/Runtime/Scripts/Interaction/Core/CandidatePositionComparer.cs using Guid(750f24b5533b4514b83c11a1191849a1) Importer(2089858483,192608db42251d675da83286b1cce702) (ScriptedImporter) -> (artifact id: 'd592c2140a216717c4d6f337d4324349') in 0.0148334 seconds
Number of updated asset objects reloaded before import = 0Number of asset objects unloaded after import = 0

========================================================================
Received Import Request.
  Time since last request: 0.000012 seconds.
  path: Assets/Oculus/Interaction/Runtime/Scripts/Interaction/Core/ActiveStateGate.cs
  artifactKey: Guid(f1a03de1aafd166419d7fae7e1017875) Importer(2089858483,192608db42251d675da83286b1cce702)
Start importing Assets/Oculus/Interaction/Runtime/Scripts/Interaction/Core/ActiveStateGate.cs using Guid(f1a03de1aafd166419d7fae7e1017875) Importer(2089858483,192608db42251d675da83286b1cce702) (ScriptedImporter) -> (artifact id: '0d761d61a7c8d7a27271318edaea3d4f') in 0.0104179 seconds
Number of updated asset objects reloaded before import = 0Number of asset objects unloaded after import = 0

========================================================================
Received Import Request.
  Time since last request: 0.000012 seconds.
  path: Assets/Oculus/Interaction/Runtime/Scripts/Interaction/Core/ActiveStateTracker.cs
  artifactKey: Guid(194b7d1054b8fa64b9bdcea46d06c3a1) Importer(2089858483,192608db42251d675da83286b1cce702)
Start importing Assets/Oculus/Interaction/Runtime/Scripts/Interaction/Core/ActiveStateTracker.cs using Guid(194b7d1054b8fa64b9bdcea46d06c3a1) Importer(2089858483,192608db42251d675da83286b1cce702) (ScriptedImporter) -> (artifact id: 'ad7c24838a173cce0d1224d5e29fef4b') in 0.011531 seconds
Number of updated asset objects reloaded before import = 0Number of asset objects unloaded after import = 0

========================================================================
Received Import Request.
  Time since last request: 0.000014 seconds.
  path: Assets/Oculus/Interaction/Runtime/Scripts/Interaction/Core/VirtualActiveState.cs
  artifactKey: Guid(69a56a590bc345b42b367a1c73088cce) Importer(2089858483,192608db42251d675da83286b1cce702)
Start importing Assets/Oculus/Interaction/Runtime/Scripts/Interaction/Core/VirtualActiveState.cs using Guid(69a56a590bc345b42b367a1c73088cce) Importer(2089858483,192608db42251d675da83286b1cce702) (ScriptedImporter) -> (artifact id: '0d33e7d831f12d8ce243b93670e19d95') in 0.0131482 seconds
Number of updated asset objects reloaded before import = 0Number of asset objects unloaded after import = 0

========================================================================
Received Import Request.
  Time since last request: 0.000014 seconds.
  path: Assets/Oculus/Interaction/Runtime/Scripts/Interaction/Core/SecondaryInteractorFilter.cs
  artifactKey: Guid(fe6ecba06b668d944b0a9b93e5f2324f) Importer(2089858483,192608db42251d675da83286b1cce702)
Start importing Assets/Oculus/Interaction/Runtime/Scripts/Interaction/Core/SecondaryInteractorFilter.cs using Guid(fe6ecba06b668d944b0a9b93e5f2324f) Importer(2089858483,192608db42251d675da83286b1cce702) (ScriptedImporter) -> (artifact id: '84dfab59de602a6006f6ef4f7cb0f337') in 0.0107877 seconds
Number of updated asset objects reloaded before import = 0Number of asset objects unloaded after import = 0

========================================================================
Received Import Request.
  Time since last request: 0.000014 seconds.
  path: Assets/Oculus/Interaction/Runtime/Scripts/Input/Controllers/ControllerRef.cs
  artifactKey: Guid(3673df66324d8f34d9433049c54de631) Importer(2089858483,192608db42251d675da83286b1cce702)
Start importing Assets/Oculus/Interaction/Runtime/Scripts/Input/Controllers/ControllerRef.cs using Guid(3673df66324d8f34d9433049c54de631) Importer(2089858483,192608db42251d675da83286b1cce702) (ScriptedImporter) -> (artifact id: 'c98e88b770906b2abb55ad1e1b01f972') in 0.0139684 seconds
Number of updated asset objects reloaded before import = 0Number of asset objects unloaded after import = 0

========================================================================
Received Import Request.
  Time since last request: 0.000012 seconds.
  path: Assets/Oculus/Interaction/Runtime/Scripts/Input/OneEuroFilter/IOneEuroFilter.cs
  artifactKey: Guid(00c937dac239f0644ae25e3b81b10753) Importer(2089858483,192608db42251d675da83286b1cce702)
Start importing Assets/Oculus/Interaction/Runtime/Scripts/Input/OneEuroFilter/IOneEuroFilter.cs using Guid(00c937dac239f0644ae25e3b81b10753) Importer(2089858483,192608db42251d675da83286b1cce702) (ScriptedImporter) -> (artifact id: '5fcabf2d8b4e054d2580757182bb8190') in 0.0132764 seconds
Number of updated asset objects reloaded before import = 0Number of asset objects unloaded after import = 0

========================================================================
Received Import Request.
  Time since last request: 0.000017 seconds.
  path: Assets/Oculus/Interaction/Runtime/Scripts/Interaction/Surfaces/ClippedCylinderSurface.cs
  artifactKey: Guid(0e66e3febdab34444a861be53b4d363e) Importer(2089858483,192608db42251d675da83286b1cce702)
Start importing Assets/Oculus/Interaction/Runtime/Scripts/Interaction/Surfaces/ClippedCylinderSurface.cs using Guid(0e66e3febdab34444a861be53b4d363e) Importer(2089858483,192608db42251d675da83286b1cce702) (ScriptedImporter) -> (artifact id: 'c1d9df9d636e11e65ccc5e261b2b1b3d') in 0.0165017 seconds
Number of updated asset objects reloaded before import = 0Number of asset objects unloaded after import = 0

========================================================================
Received Import Request.
  Time since last request: 0.000021 seconds.
  path: Assets/Oculus/Interaction/Runtime/Scripts/Input/Controllers/ControllerPrimitives.cs
  artifactKey: Guid(8489868b0a7582e43890f869877224e8) Importer(2089858483,192608db42251d675da83286b1cce702)
Start importing Assets/Oculus/Interaction/Runtime/Scripts/Input/Controllers/ControllerPrimitives.cs using Guid(8489868b0a7582e43890f869877224e8) Importer(2089858483,192608db42251d675da83286b1cce702) (ScriptedImporter) -> (artifact id: '0a6f4960c2426c0fbb559b123bbe04b0') in 0.0094014 seconds
Number of updated asset objects reloaded before import = 0Number of asset objects unloaded after import = 0

========================================================================
Received Import Request.
  Time since last request: 0.000014 seconds.
  path: Assets/Oculus/SampleFramework/Usage/OVROverlay/Textures/OVRDisplayCompositorLayerText.png
  artifactKey: Guid(24e7dc2f4ba252f4684f3c7870f343d0) Importer(2089858483,192608db42251d675da83286b1cce702)
Start importing Assets/Oculus/SampleFramework/Usage/OVROverlay/Textures/OVRDisplayCompositorLayerText.png using Guid(24e7dc2f4ba252f4684f3c7870f343d0) Importer(2089858483,192608db42251d675da83286b1cce702) (ScriptedImporter) -> (artifact id: 'c085397424a180cf110bf1acf8108416') in 0.0222808 seconds
Number of updated asset objects reloaded before import = 0Number of asset objects unloaded after import = 1

========================================================================
Received Import Request.
  Time since last request: 0.000014 seconds.
  path: Assets/Oculus/SampleFramework/Usage/Locomotion/Models/WallsAndDoors1.fbx
  artifactKey: Guid(7f7518ef7c1664f7c8bfe2470aebce5c) Importer(2089858483,192608db42251d675da83286b1cce702)
Start importing Assets/Oculus/SampleFramework/Usage/Locomotion/Models/WallsAndDoors1.fbx using Guid(7f7518ef7c1664f7c8bfe2470aebce5c) Importer(2089858483,192608db42251d675da83286b1cce702) (ScriptedImporter) -> (artifact id: '4cd779dd06db6f2789641f0d20f16f28') in 0.0180587 seconds
Number of updated asset objects reloaded before import = 0Number of asset objects unloaded after import = 11

========================================================================
Received Import Request.
  Time since last request: 0.000013 seconds.
  path: Assets/Oculus/VR/Meshes/MetaQuestTouchPlus/Animation/MetaQuestTouchPlusRightAnimation.controller
  artifactKey: Guid(fc948f57db734e74094dc532bdbbc3e8) Importer(2089858483,192608db42251d675da83286b1cce702)
Start importing Assets/Oculus/VR/Meshes/MetaQuestTouchPlus/Animation/MetaQuestTouchPlusRightAnimation.controller using Guid(fc948f57db734e74094dc532bdbbc3e8) Importer(2089858483,192608db42251d675da83286b1cce702) (ScriptedImporter) -> (artifact id: '6db2e76f8386146fda4b844f3b9356ab') in 0.0150148 seconds
Number of updated asset objects reloaded before import = 0Number of asset objects unloaded after import = 38

========================================================================
Received Import Request.
  Time since last request: 0.000014 seconds.
  path: Assets/Oculus/SampleFramework/Core/DebugUI/Prefabs/DebugButton.prefab
  artifactKey: Guid(aa84e2bd72d699a4db1fe9b0b0186c33) Importer(2089858483,192608db42251d675da83286b1cce702)
Start importing Assets/Oculus/SampleFramework/Core/DebugUI/Prefabs/DebugButton.prefab using Guid(aa84e2bd72d699a4db1fe9b0b0186c33) Importer(2089858483,192608db42251d675da83286b1cce702) (ScriptedImporter) -> (artifact id: 'dbf2913f848d226d4d1cd66e590eb2fc') in 0.0234082 seconds
Number of updated asset objects reloaded before import = 0Number of asset objects unloaded after import = 15

========================================================================
Received Import Request.
  Time since last request: 0.000017 seconds.
  path: Assets/Oculus/SampleFramework/Usage/Locomotion/Prefabs/ColumnGroupPf.prefab
  artifactKey: Guid(e8ca842e68fe94588952680b6360706a) Importer(2089858483,192608db42251d675da83286b1cce702)
Start importing Assets/Oculus/SampleFramework/Usage/Locomotion/Prefabs/ColumnGroupPf.prefab using Guid(e8ca842e68fe94588952680b6360706a) Importer(2089858483,192608db42251d675da83286b1cce702) (ScriptedImporter) -> (artifact id: '3e459da00e460548c012cf8b66767561') in 0.0140345 seconds
Number of updated asset objects reloaded before import = 0Number of asset objects unloaded after import = 71

========================================================================
Received Import Request.
  Time since last request: 0.000019 seconds.
  path: Assets/Oculus/SampleFramework/Usage/Locomotion/Models/WedgeFloor_07.fbx
  artifactKey: Guid(00f1dcd1f78b54882b39391706592dff) Importer(2089858483,192608db42251d675da83286b1cce702)
Start importing Assets/Oculus/SampleFramework/Usage/Locomotion/Models/WedgeFloor_07.fbx using Guid(00f1dcd1f78b54882b39391706592dff) Importer(2089858483,192608db42251d675da83286b1cce702) (ScriptedImporter) -> (artifact id: 'fa6af54618780c548f4ee8ee00e097f3') in 0.0172091 seconds
Number of updated asset objects reloaded before import = 0Number of asset objects unloaded after import = 8

========================================================================
Received Import Request.
  Time since last request: 0.000025 seconds.
  path: Assets/Oculus/SampleFramework/Usage/HandsTrainExample/TrainScene/Lightmap-39_comp_light.exr
  artifactKey: Guid(dd424108d55236d448b869cefa9030cb) Importer(2089858483,192608db42251d675da83286b1cce702)
Start importing Assets/Oculus/SampleFramework/Usage/HandsTrainExample/TrainScene/Lightmap-39_comp_light.exr using Guid(dd424108d55236d448b869cefa9030cb) Importer(2089858483,192608db42251d675da83286b1cce702) (ScriptedImporter) -> (artifact id: 'a79b449271dc2d089fac3dd41255870a') in 0.0157013 seconds
Number of updated asset objects reloaded before import = 0Number of asset objects unloaded after import = 1

========================================================================
Received Import Request.
  Time since last request: 0.000014 seconds.
  path: Assets/Oculus/SampleFramework/Usage/HandsTrainExample/Scripts/TrackSegment.cs
  artifactKey: Guid(bda88dc9eddd741f78044258de538161) Importer(2089858483,192608db42251d675da83286b1cce702)
Start importing Assets/Oculus/SampleFramework/Usage/HandsTrainExample/Scripts/TrackSegment.cs using Guid(bda88dc9eddd741f78044258de538161) Importer(2089858483,192608db42251d675da83286b1cce702) (ScriptedImporter) -> (artifact id: '367c3829a410ec92a39de60f968db328') in 0.0114513 seconds
Number of updated asset objects reloaded before import = 0Number of asset objects unloaded after import = 0

========================================================================
Received Import Request.
  Time since last request: 0.000022 seconds.
  path: Assets/Oculus/SampleFramework/Usage/SharedAssets/Textures/metal_brushed_01_dif.png
  artifactKey: Guid(9e9f33564fb38524f86c25e26d1e10d4) Importer(2089858483,192608db42251d675da83286b1cce702)
Start importing Assets/Oculus/SampleFramework/Usage/SharedAssets/Textures/metal_brushed_01_dif.png using Guid(9e9f33564fb38524f86c25e26d1e10d4) Importer(2089858483,192608db42251d675da83286b1cce702) (ScriptedImporter) -> (artifact id: '76fecd564d3d745c37d8ec8ed130bf34') in 0.0171605 seconds
Number of updated asset objects reloaded before import = 0Number of asset objects unloaded after import = 1

========================================================================
Received Import Request.
  Time since last request: 0.000015 seconds.
  path: Assets/Oculus/SampleFramework/Usage/OVROverlay/Textures/Tile_Texture_Farlands.png
  artifactKey: Guid(8c55e093297ecf64098d47568188e390) Importer(2089858483,192608db42251d675da83286b1cce702)
Start importing Assets/Oculus/SampleFramework/Usage/OVROverlay/Textures/Tile_Texture_Farlands.png using Guid(8c55e093297ecf64098d47568188e390) Importer(2089858483,192608db42251d675da83286b1cce702) (ScriptedImporter) -> (artifact id: 'f50e57dfa96593969c92f4905f13f2bc') in 0.0182281 seconds
Number of updated asset objects reloaded before import = 0Number of asset objects unloaded after import = 1

========================================================================
Received Import Request.
  Time since last request: 0.000012 seconds.
  path: Assets/Oculus/SampleFramework/Usage/OVROverlay/Materials/Tile_Mat_Farlands.mat
  artifactKey: Guid(b2e6fa7c3e83eee489247ced515747cf) Importer(2089858483,192608db42251d675da83286b1cce702)
Start importing Assets/Oculus/SampleFramework/Usage/OVROverlay/Materials/Tile_Mat_Farlands.mat using Guid(b2e6fa7c3e83eee489247ced515747cf) Importer(2089858483,192608db42251d675da83286b1cce702) (ScriptedImporter) -> (artifact id: 'fcf5d6b87c59f933ecb12fa02322332b') in 0.0175971 seconds
Number of updated asset objects reloaded before import = 0Number of asset objects unloaded after import = 2

========================================================================
Received Import Request.
  Time since last request: 0.000014 seconds.
  path: Assets/Oculus/SampleFramework/Usage/Passthrough/Materials/PassthroughLine.shader
  artifactKey: Guid(1301b51de6a265443a42f1bcae046aa6) Importer(2089858483,192608db42251d675da83286b1cce702)
Start importing Assets/Oculus/SampleFramework/Usage/Passthrough/Materials/PassthroughLine.shader using Guid(1301b51de6a265443a42f1bcae046aa6) Importer(2089858483,192608db42251d675da83286b1cce702) (ScriptedImporter) -> (artifact id: 'f496673f75c439394d35128d42a557e7') in 0.0125409 seconds
Number of updated asset objects reloaded before import = 0Number of asset objects unloaded after import = 1

========================================================================
Received Import Request.
  Time since last request: 0.000015 seconds.
  path: Assets/Oculus/Interaction/Samples/Scenes/Features/HandGrab.unity
  artifactKey: Guid(1ca1035b12c67f24d81e7bc5ad627d76) Importer(2089858483,192608db42251d675da83286b1cce702)
Start importing Assets/Oculus/Interaction/Samples/Scenes/Features/HandGrab.unity using Guid(1ca1035b12c67f24d81e7bc5ad627d76) Importer(2089858483,192608db42251d675da83286b1cce702) (ScriptedImporter) -> (artifact id: '864d20796bb18143b31aed84d06453b7') in 0.0157437 seconds
Number of updated asset objects reloaded before import = 0Number of asset objects unloaded after import = 1

========================================================================
Received Import Request.
  Time since last request: 0.000028 seconds.
  path: Assets/Oculus/Interaction/OVRIntegration/Runtime/Scripts/Input/FromOVRHmdDataSource.cs
  artifactKey: Guid(f273abee0604ad2409c9bbc9a60e461e) Importer(2089858483,192608db42251d675da83286b1cce702)
Start importing Assets/Oculus/Interaction/OVRIntegration/Runtime/Scripts/Input/FromOVRHmdDataSource.cs using Guid(f273abee0604ad2409c9bbc9a60e461e) Importer(2089858483,192608db42251d675da83286b1cce702) (ScriptedImporter) -> (artifact id: '34c01c49d9eb1767abea6a7c6f649d52') in 0.0121775 seconds
Number of updated asset objects reloaded before import = 0Number of asset objects unloaded after import = 0

========================================================================
Received Import Request.
  Time since last request: 0.000015 seconds.
  path: Assets/Oculus/Interaction/Runtime/Scripts/Unity/InteractorUnityEventWrapper.cs
  artifactKey: Guid(0cf00a93483fd1b4ba357bf6f764d6e6) Importer(2089858483,192608db42251d675da83286b1cce702)
Start importing Assets/Oculus/Interaction/Runtime/Scripts/Unity/InteractorUnityEventWrapper.cs using Guid(0cf00a93483fd1b4ba357bf6f764d6e6) Importer(2089858483,192608db42251d675da83286b1cce702) (ScriptedImporter) -> (artifact id: 'b701dcd48db5fae26672e114117a21cc') in 0.0114433 seconds
Number of updated asset objects reloaded before import = 0Number of asset objects unloaded after import = 0

========================================================================
Received Import Request.
  Time since last request: 0.000013 seconds.
  path: Assets/Oculus/SampleFramework/Usage/HandsTrainExample/Scripts/WindmillBladesController.cs
  artifactKey: Guid(5c4a207e5bbb3c044b6c3eb819981d8b) Importer(2089858483,192608db42251d675da83286b1cce702)
Start importing Assets/Oculus/SampleFramework/Usage/HandsTrainExample/Scripts/WindmillBladesController.cs using Guid(5c4a207e5bbb3c044b6c3eb819981d8b) Importer(2089858483,192608db42251d675da83286b1cce702) (ScriptedImporter) -> (artifact id: '69ca3b3d0da3c714a7f8916928f03852') in 0.0134228 seconds
Number of updated asset objects reloaded before import = 0Number of asset objects unloaded after import = 0

========================================================================
Received Import Request.
  Time since last request: 0.000015 seconds.
  path: Assets/Oculus/VR/Meshes/OculusTouchForQuestAndRiftS/Materials/OculusTouchForQuestAndRiftS_Material.mat
  artifactKey: Guid(01ac879f6ce09924e9c26663f798beaf) Importer(2089858483,192608db42251d675da83286b1cce702)
Start importing Assets/Oculus/VR/Meshes/OculusTouchForQuestAndRiftS/Materials/OculusTouchForQuestAndRiftS_Material.mat using Guid(01ac879f6ce09924e9c26663f798beaf) Importer(2089858483,192608db42251d675da83286b1cce702) (ScriptedImporter) -> (artifact id: 'e9ed4b5b077ed8acc70c7116d0377d55') in 0.0168888 seconds
Number of updated asset objects reloaded before import = 0Number of asset objects unloaded after import = 2

========================================================================
Received Import Request.
  Time since last request: 0.000014 seconds.
  path: Assets/Oculus/SampleFramework/Usage/Locomotion/Models/Cube_1_2.fbx
  artifactKey: Guid(540bca11e17b14edb9461efe36f0d52b) Importer(2089858483,192608db42251d675da83286b1cce702)
Start importing Assets/Oculus/SampleFramework/Usage/Locomotion/Models/Cube_1_2.fbx using Guid(540bca11e17b14edb9461efe36f0d52b) Importer(2089858483,192608db42251d675da83286b1cce702) (ScriptedImporter) -> (artifact id: 'e14f4e2453654b9aad11532241ee593b') in 0.0143321 seconds
Number of updated asset objects reloaded before import = 0Number of asset objects unloaded after import = 8

========================================================================
Received Import Request.
  Time since last request: 0.000013 seconds.
  path: Assets/Oculus/SampleFramework/Usage/SharedAssets/Materials/MAT_room_atlas_01.mat
  artifactKey: Guid(c06f24316d5a9416686642a56431ea32) Importer(2089858483,192608db42251d675da83286b1cce702)
Start importing Assets/Oculus/SampleFramework/Usage/SharedAssets/Materials/MAT_room_atlas_01.mat using Guid(c06f24316d5a9416686642a56431ea32) Importer(2089858483,192608db42251d675da83286b1cce702) (ScriptedImporter) -> (artifact id: 'e9aeca6c72df06cfa987298c9b9b05c8') in 0.0135199 seconds
Number of updated asset objects reloaded before import = 0Number of asset objects unloaded after import = 2

========================================================================
Received Import Request.
  Time since last request: 0.000013 seconds.
  path: Assets/Oculus/Interaction/Runtime/Prefabs/Debug/ActiveStateDebugTreeNodeHorizontal.prefab
  artifactKey: Guid(bcb4af79d88c4af4a90fb6e19de13e70) Importer(2089858483,192608db42251d675da83286b1cce702)
Start importing Assets/Oculus/Interaction/Runtime/Prefabs/Debug/ActiveStateDebugTreeNodeHorizontal.prefab using Guid(bcb4af79d88c4af4a90fb6e19de13e70) Importer(2089858483,192608db42251d675da83286b1cce702) (ScriptedImporter) -> (artifact id: 'e1ad076f0fe4bbbc2458ef7db119f782') in 0.0177426 seconds
Number of updated asset objects reloaded before import = 0Number of asset objects unloaded after import = 29

========================================================================
Received Import Request.
  Time since last request: 0.000018 seconds.
  path: Assets/Oculus/Voice/Lib/Wit.ai/Prefabs/Wit.prefab
  artifactKey: Guid(dc847e9f83e1d68469a4741be4840ccf) Importer(2089858483,192608db42251d675da83286b1cce702)
Start importing Assets/Oculus/Voice/Lib/Wit.ai/Prefabs/Wit.prefab using Guid(dc847e9f83e1d68469a4741be4840ccf) Importer(2089858483,192608db42251d675da83286b1cce702) (ScriptedImporter) -> (artifact id: '6ec5f482949a83ac2fb95c0499a9cc75') in 0.0301005 seconds
Number of updated asset objects reloaded before import = 0Number of asset objects unloaded after import = 6

========================================================================
Received Import Request.
  Time since last request: 0.000019 seconds.
  path: Assets/Oculus/Interaction/Samples/Audio/Content/Interaction_PoseDetection_ThumbsDown_02.wav
  artifactKey: Guid(7774adc1dddd0814380db576766b7efb) Importer(2089858483,192608db42251d675da83286b1cce702)
Start importing Assets/Oculus/Interaction/Samples/Audio/Content/Interaction_PoseDetection_ThumbsDown_02.wav using Guid(7774adc1dddd0814380db576766b7efb) Importer(2089858483,192608db42251d675da83286b1cce702) (ScriptedImporter) -> (artifact id: '1e1b601751943e61eef0c68e55573870') in 0.0233453 seconds
Number of updated asset objects reloaded before import = 0Number of asset objects unloaded after import = 1

========================================================================
Received Import Request.
  Time since last request: 0.000013 seconds.
  path: Assets/Oculus/Interaction/Samples/Audio/Content/Interaction_BasicPoke_ToyButton_Press_03.wav
  artifactKey: Guid(354b04977aec15c42819ef6947075146) Importer(2089858483,192608db42251d675da83286b1cce702)
Start importing Assets/Oculus/Interaction/Samples/Audio/Content/Interaction_BasicPoke_ToyButton_Press_03.wav using Guid(354b04977aec15c42819ef6947075146) Importer(2089858483,192608db42251d675da83286b1cce702) (ScriptedImporter) -> (artifact id: '7d4f49577e5d81112e5d9a44092cc47b') in 0.0187126 seconds
Number of updated asset objects reloaded before import = 0Number of asset objects unloaded after import = 1

========================================================================
Received Import Request.
  Time since last request: 0.000012 seconds.
  path: Assets/Oculus/SampleFramework/Usage/HandsTrainExample/TrainScene/Lightmap-24_comp_dir.png
  artifactKey: Guid(e601ff6526fef2a4e86bab6ed477dff0) Importer(2089858483,192608db42251d675da83286b1cce702)
Start importing Assets/Oculus/SampleFramework/Usage/HandsTrainExample/TrainScene/Lightmap-24_comp_dir.png using Guid(e601ff6526fef2a4e86bab6ed477dff0) Importer(2089858483,192608db42251d675da83286b1cce702) (ScriptedImporter) -> (artifact id: 'd5ac080e2286b79fe902df054bf326ae') in 0.0158921 seconds
Number of updated asset objects reloaded before import = 0Number of asset objects unloaded after import = 1

========================================================================
Received Import Request.
  Time since last request: 0.000012 seconds.
  path: Assets/Oculus/Interaction/Runtime/Resources/Shaders/DepthOverwrite.shader
  artifactKey: Guid(74544b4f6fabb6e418f1fddd586dd072) Importer(2089858483,192608db42251d675da83286b1cce702)
Start importing Assets/Oculus/Interaction/Runtime/Resources/Shaders/DepthOverwrite.shader using Guid(74544b4f6fabb6e418f1fddd586dd072) Importer(2089858483,192608db42251d675da83286b1cce702) (ScriptedImporter) -> (artifact id: '4e410061a4a530bd86858fc2dab369bd') in 0.0093162 seconds
Number of updated asset objects reloaded before import = 0Number of asset objects unloaded after import = 1

========================================================================
Received Import Request.
  Time since last request: 0.000011 seconds.
  path: Assets/Oculus/Platform/Samples/ReportingCallbackSample/Scenes/ReportingCallbackSample.unity
  artifactKey: Guid(3d4fbf53e649040b698b2ba26c1531a9) Importer(2089858483,192608db42251d675da83286b1cce702)
Start importing Assets/Oculus/Platform/Samples/ReportingCallbackSample/Scenes/ReportingCallbackSample.unity using Guid(3d4fbf53e649040b698b2ba26c1531a9) Importer(2089858483,192608db42251d675da83286b1cce702) (ScriptedImporter) -> (artifact id: '6136d6c3a960d2df6d1bbf4398343d2f') in 0.0132771 seconds
Number of updated asset objects reloaded before import = 0Number of asset objects unloaded after import = 1

========================================================================
Received Import Request.
  Time since last request: 0.000013 seconds.
  path: Assets/Oculus/Interaction/Runtime/DefaultSettings/Locomotion/LocomotionIndexFeatureStateThresholds.asset
  artifactKey: Guid(e04c8af8ec6cf244fb46f30c8ea97377) Importer(2089858483,192608db42251d675da83286b1cce702)
Start importing Assets/Oculus/Interaction/Runtime/DefaultSettings/Locomotion/LocomotionIndexFeatureStateThresholds.asset using Guid(e04c8af8ec6cf244fb46f30c8ea97377) Importer(2089858483,192608db42251d675da83286b1cce702) (ScriptedImporter) -> (artifact id: '47cdf55b3244d00bd64542f6741ebc42') in 0.0136802 seconds
Number of updated asset objects reloaded before import = 0Number of asset objects unloaded after import = 1

========================================================================
Received Import Request.
  Time since last request: 0.000013 seconds.
  path: Assets/Oculus/Interaction/Samples/Objects/Props/HoverButtons.prefab
  artifactKey: Guid(4bf459842f45eb648a8e314fa01c55b6) Importer(2089858483,192608db42251d675da83286b1cce702)
Start importing Assets/Oculus/Interaction/Samples/Objects/Props/HoverButtons.prefab using Guid(4bf459842f45eb648a8e314fa01c55b6) Importer(2089858483,192608db42251d675da83286b1cce702) (ScriptedImporter) -> (artifact id: '7a92a5cca6b47e2f3485d5c7a3797431') in 0.02122 seconds
Number of updated asset objects reloaded before import = 0Number of asset objects unloaded after import = 225

========================================================================
Received Import Request.
  Time since last request: 0.000021 seconds.
  path: Assets/Oculus/SampleFramework/Usage/Locomotion/Models/WedgeCeiling_05.fbx
  artifactKey: Guid(0db44a75a6ba3476584b15903acffef4) Importer(2089858483,192608db42251d675da83286b1cce702)
Start importing Assets/Oculus/SampleFramework/Usage/Locomotion/Models/WedgeCeiling_05.fbx using Guid(0db44a75a6ba3476584b15903acffef4) Importer(2089858483,192608db42251d675da83286b1cce702) (ScriptedImporter) -> (artifact id: 'ceec0056e24d0840bb3ce413f4c1780b') in 0.015422 seconds
Number of updated asset objects reloaded before import = 0Number of asset objects unloaded after import = 8

========================================================================
Received Import Request.
  Time since last request: 0.000016 seconds.
  path: Assets/Oculus/SampleFramework/Usage/SpatialAnchor/Materials/Red.mat
  artifactKey: Guid(0066bacc1d5fc4644948eaee1f667052) Importer(2089858483,192608db42251d675da83286b1cce702)
Start importing Assets/Oculus/SampleFramework/Usage/SpatialAnchor/Materials/Red.mat using Guid(0066bacc1d5fc4644948eaee1f667052) Importer(2089858483,192608db42251d675da83286b1cce702) (ScriptedImporter) -> (artifact id: 'db067024820e5ca36edee60daecb46d3') in 0.0140592 seconds
Number of updated asset objects reloaded before import = 0Number of asset objects unloaded after import = 1

========================================================================
Received Import Request.
  Time since last request: 0.000013 seconds.
  path: Assets/Oculus/Interaction/Runtime/Animations/Hands/HandPinch_r_.anim
  artifactKey: Guid(26aed7841cb5c9640aedf3cf82ed052e) Importer(2089858483,192608db42251d675da83286b1cce702)
Start importing Assets/Oculus/Interaction/Runtime/Animations/Hands/HandPinch_r_.anim using Guid(26aed7841cb5c9640aedf3cf82ed052e) Importer(2089858483,192608db42251d675da83286b1cce702) (ScriptedImporter) -> (artifact id: 'c659fadb57afa756480c062c7d2bd8ac') in 0.0161202 seconds
Number of updated asset objects reloaded before import = 0Number of asset objects unloaded after import = 1

========================================================================
Received Import Request.
  Time since last request: 0.000012 seconds.
  path: Assets/Oculus/SampleFramework/Usage/Locomotion/Textures/floor_tile_01_nml.png
  artifactKey: Guid(cee744302f4864d05a8d0d429f44e133) Importer(2089858483,192608db42251d675da83286b1cce702)
Start importing Assets/Oculus/SampleFramework/Usage/Locomotion/Textures/floor_tile_01_nml.png using Guid(cee744302f4864d05a8d0d429f44e133) Importer(2089858483,192608db42251d675da83286b1cce702) (ScriptedImporter) -> (artifact id: 'e5d543ef4e1e9a59b85c3876e72d0d25') in 0.0198787 seconds
Number of updated asset objects reloaded before import = 0Number of asset objects unloaded after import = 1

========================================================================
Received Import Request.
  Time since last request: 0.000012 seconds.
  path: Assets/Oculus/Interaction/Samples/Audio/Content/Interaction_BasicGrab_Grab_05.wav
  artifactKey: Guid(5e44ad0f498709b458e0b33478e5c161) Importer(2089858483,192608db42251d675da83286b1cce702)
Start importing Assets/Oculus/Interaction/Samples/Audio/Content/Interaction_BasicGrab_Grab_05.wav using Guid(5e44ad0f498709b458e0b33478e5c161) Importer(2089858483,192608db42251d675da83286b1cce702) (ScriptedImporter) -> (artifact id: '5826205d156bfb09641a3fd92eb5bdfa') in 0.0232631 seconds
Number of updated asset objects reloaded before import = 0Number of asset objects unloaded after import = 1

========================================================================
Received Import Request.
  Time since last request: 0.000013 seconds.
  path: Assets/Oculus/Interaction/Runtime/Prefabs/Grab/ControllerGrabInteractor.prefab
  artifactKey: Guid(bc242319e5f2bd842999ab7665ad2d78) Importer(2089858483,192608db42251d675da83286b1cce702)
Start importing Assets/Oculus/Interaction/Runtime/Prefabs/Grab/ControllerGrabInteractor.prefab using Guid(bc242319e5f2bd842999ab7665ad2d78) Importer(2089858483,192608db42251d675da83286b1cce702) (ScriptedImporter) -> (artifact id: 'adaed9134bf4a588aa65726f114ba384') in 0.016801 seconds
Number of updated asset objects reloaded before import = 0Number of asset objects unloaded after import = 24

========================================================================
Received Import Request.
  Time since last request: 0.000016 seconds.
  path: Assets/Oculus/SampleFramework/Usage/SceneManager/Audio/loadball.wav
  artifactKey: Guid(e73b66c29312de047ba040fb2231cdda) Importer(2089858483,192608db42251d675da83286b1cce702)
Start importing Assets/Oculus/SampleFramework/Usage/SceneManager/Audio/loadball.wav using Guid(e73b66c29312de047ba040fb2231cdda) Importer(2089858483,192608db42251d675da83286b1cce702) (ScriptedImporter) -> (artifact id: '335ac7d87680de350491c83e71bae619') in 0.0290958 seconds
Number of updated asset objects reloaded before import = 0Number of asset objects unloaded after import = 1

========================================================================
Received Import Request.
  Time since last request: 0.000023 seconds.
  path: Assets/Oculus/SampleFramework/Core/CustomHands/Textures/ramp_bluewhite_01.png
  artifactKey: Guid(a6143196f34cd44c19789dbda1f129c2) Importer(2089858483,192608db42251d675da83286b1cce702)
Start importing Assets/Oculus/SampleFramework/Core/CustomHands/Textures/ramp_bluewhite_01.png using Guid(a6143196f34cd44c19789dbda1f129c2) Importer(2089858483,192608db42251d675da83286b1cce702) (ScriptedImporter) -> (artifact id: '254b9828e3ed057733b24ff2c0fc4d4d') in 0.0150143 seconds
Number of updated asset objects reloaded before import = 0Number of asset objects unloaded after import = 1

========================================================================
Received Import Request.
  Time since last request: 0.000011 seconds.
  path: Assets/Oculus/SampleFramework/Usage/HandsTrainExample/TrainScene/Lightmap-2_comp_light.exr
  artifactKey: Guid(9274d0f48df8fe24d8a9511be3e92966) Importer(2089858483,192608db42251d675da83286b1cce702)
Start importing Assets/Oculus/SampleFramework/Usage/HandsTrainExample/TrainScene/Lightmap-2_comp_light.exr using Guid(9274d0f48df8fe24d8a9511be3e92966) Importer(2089858483,192608db42251d675da83286b1cce702) (ScriptedImporter) -> (artifact id: '0e7818be64a029d17792410373875526') in 0.0173255 seconds
Number of updated asset objects reloaded before import = 0Number of asset objects unloaded after import = 1

========================================================================
Received Import Request.
  Time since last request: 0.000013 seconds.
  path: Assets/Oculus/Interaction/Samples/Audio/Content/Interaction_CameraTool_Shutter_01.wav
  artifactKey: Guid(d009b2948655d054d8f4b6c17607d08b) Importer(2089858483,192608db42251d675da83286b1cce702)
Start importing Assets/Oculus/Interaction/Samples/Audio/Content/Interaction_CameraTool_Shutter_01.wav using Guid(d009b2948655d054d8f4b6c17607d08b) Importer(2089858483,192608db42251d675da83286b1cce702) (ScriptedImporter) -> (artifact id: 'dc4e33d86d887cc1ebbac53c89a103be') in 0.0187894 seconds
Number of updated asset objects reloaded before import = 0Number of asset objects unloaded after import = 1

========================================================================
Received Import Request.
  Time since last request: 0.000013 seconds.
  path: Assets/Oculus/VR/Scripts/OVRAnchor/OVRAnchorComponents/IOVRAnchorComponent.cs
  artifactKey: Guid(4858e79b20d841adb5e0d5236a35dd1f) Importer(2089858483,192608db42251d675da83286b1cce702)
Start importing Assets/Oculus/VR/Scripts/OVRAnchor/OVRAnchorComponents/IOVRAnchorComponent.cs using Guid(4858e79b20d841adb5e0d5236a35dd1f) Importer(2089858483,192608db42251d675da83286b1cce702) (ScriptedImporter) -> (artifact id: 'e87007987cc4b1bb2ff13ea159656470') in 0.0103155 seconds
Number of updated asset objects reloaded before import = 0Number of asset objects unloaded after import = 0

========================================================================
Received Import Request.
  Time since last request: 0.000015 seconds.
  path: Assets/Oculus/Interaction/Runtime/Resources/Shaders/Imposter_Underlay_AA.shader
  artifactKey: Guid(d265ff20dc6e6c047a8027f89789eb92) Importer(2089858483,192608db42251d675da83286b1cce702)
Start importing Assets/Oculus/Interaction/Runtime/Resources/Shaders/Imposter_Underlay_AA.shader using Guid(d265ff20dc6e6c047a8027f89789eb92) Importer(2089858483,192608db42251d675da83286b1cce702) (ScriptedImporter) -> (artifact id: 'e8cbca8369feb48288f29f8a8daa443f') in 0.0126335 seconds
Number of updated asset objects reloaded before import = 0Number of asset objects unloaded after import = 1

========================================================================
Received Import Request.
  Time since last request: 0.000013 seconds.
  path: Assets/Oculus/Interaction/Runtime/Scripts/Collisions/IsSphereWithinCollider.cs
  artifactKey: Guid(94a7474e6d755af4e88ddde6c0d4e9d3) Importer(2089858483,192608db42251d675da83286b1cce702)
Start importing Assets/Oculus/Interaction/Runtime/Scripts/Collisions/IsSphereWithinCollider.cs using Guid(94a7474e6d755af4e88ddde6c0d4e9d3) Importer(2089858483,192608db42251d675da83286b1cce702) (ScriptedImporter) -> (artifact id: '3b19d850ab74d21a41f7b2a99bb4bfb8') in 0.0129983 seconds
Number of updated asset objects reloaded before import = 0Number of asset objects unloaded after import = 0

========================================================================
Received Import Request.
  Time since last request: 0.000017 seconds.
  path: Assets/Oculus/Interaction/Runtime/Prefabs/VelocityCalculators/ControllerVelocityCalculator.prefab
  artifactKey: Guid(b6e5411f1b2c1fd4ab99a43d2142ea16) Importer(2089858483,192608db42251d675da83286b1cce702)
Start importing Assets/Oculus/Interaction/Runtime/Prefabs/VelocityCalculators/ControllerVelocityCalculator.prefab using Guid(b6e5411f1b2c1fd4ab99a43d2142ea16) Importer(2089858483,192608db42251d675da83286b1cce702) (ScriptedImporter) -> (artifact id: '164060e54bd082e857bdf22e7124bc13') in 0.0185008 seconds
Number of updated asset objects reloaded before import = 0Number of asset objects unloaded after import = 6

========================================================================
Received Import Request.
  Time since last request: 0.000023 seconds.
  path: Assets/Oculus/VR/Meshes/OculusTouchForRift/Materials/OculusTouchForRift_Material.mat
  artifactKey: Guid(eacafe280fdfa6a44845c135057ae6a5) Importer(2089858483,192608db42251d675da83286b1cce702)
Start importing Assets/Oculus/VR/Meshes/OculusTouchForRift/Materials/OculusTouchForRift_Material.mat using Guid(eacafe280fdfa6a44845c135057ae6a5) Importer(2089858483,192608db42251d675da83286b1cce702) (ScriptedImporter) -> (artifact id: '92692cd26b770ac72119dcfea7ae8fc3') in 0.017637 seconds
Number of updated asset objects reloaded before import = 0Number of asset objects unloaded after import = 2

========================================================================
Received Import Request.
  Time since last request: 0.000013 seconds.
  path: Assets/Oculus/Interaction/Runtime/Scripts/Unity/PhysicsGrabbable.cs
  artifactKey: Guid(1bedaac29a943f844a7074b53c8bdf9f) Importer(2089858483,192608db42251d675da83286b1cce702)
Start importing Assets/Oculus/Interaction/Runtime/Scripts/Unity/PhysicsGrabbable.cs using Guid(1bedaac29a943f844a7074b53c8bdf9f) Importer(2089858483,192608db42251d675da83286b1cce702) (ScriptedImporter) -> (artifact id: '8f5470d66ff355f7c666a3da1e75f9cb') in 0.0126532 seconds
Number of updated asset objects reloaded before import = 0Number of asset objects unloaded after import = 0

========================================================================
Received Import Request.
  Time since last request: 0.000013 seconds.
  path: Assets/Oculus/AudioManager/Scripts/Utils/Editor/Oculus.AudioManager.Utils.Editor.asmdef
  artifactKey: Guid(4e79697c263b8554db87efff0e7046ba) Importer(2089858483,192608db42251d675da83286b1cce702)
Start importing Assets/Oculus/AudioManager/Scripts/Utils/Editor/Oculus.AudioManager.Utils.Editor.asmdef using Guid(4e79697c263b8554db87efff0e7046ba) Importer(2089858483,192608db42251d675da83286b1cce702) (ScriptedImporter) -> (artifact id: '39262d8e2936afaaf3a6dc29b8a44248') in 0.0118773 seconds
Number of updated asset objects reloaded before import = 0Number of asset objects unloaded after import = 1

========================================================================
Received Import Request.
  Time since last request: 0.000011 seconds.
  path: Assets/Oculus/SampleFramework/Usage/HandsTrainExample/TrainScene/Lightmap-29_comp_shadowmask.png
  artifactKey: Guid(aefbe176b27e6584eaa35f50bcc6e5ab) Importer(2089858483,192608db42251d675da83286b1cce702)
Start importing Assets/Oculus/SampleFramework/Usage/HandsTrainExample/TrainScene/Lightmap-29_comp_shadowmask.png using Guid(aefbe176b27e6584eaa35f50bcc6e5ab) Importer(2089858483,192608db42251d675da83286b1cce702) (ScriptedImporter) -> (artifact id: '8b2541d32c29013f24b873592b213558') in 0.0181562 seconds
Number of updated asset objects reloaded before import = 0Number of asset objects unloaded after import = 1

========================================================================
Received Import Request.
  Time since last request: 0.000012 seconds.
  path: Assets/Oculus/SampleFramework/Usage/HandsTrainExample/TrainScene/Lightmap-25_comp_dir.png
  artifactKey: Guid(b5eb5f09424bb7d41b8216ee4fcd40cc) Importer(2089858483,192608db42251d675da83286b1cce702)
Start importing Assets/Oculus/SampleFramework/Usage/HandsTrainExample/TrainScene/Lightmap-25_comp_dir.png using Guid(b5eb5f09424bb7d41b8216ee4fcd40cc) Importer(2089858483,192608db42251d675da83286b1cce702) (ScriptedImporter) -> (artifact id: 'efbcbe5e32b1dfc5edfb21e6d613f82f') in 0.0185785 seconds
Number of updated asset objects reloaded before import = 0Number of asset objects unloaded after import = 1

========================================================================
Received Import Request.
  Time since last request: 0.735170 seconds.
  path: Assets/Oculus/Interaction/Runtime/Scripts/Interaction/Transformable/ITransformable.cs
  artifactKey: Guid(02261fb348c510c41a8afc1f51e33c72) Importer(2089858483,192608db42251d675da83286b1cce702)
Start importing Assets/Oculus/Interaction/Runtime/Scripts/Interaction/Transformable/ITransformable.cs using Guid(02261fb348c510c41a8afc1f51e33c72) Importer(2089858483,192608db42251d675da83286b1cce702) (ScriptedImporter) -> (artifact id: 'a0a6e47686eb64f010ed1a88384b092b') in 0.0131784 seconds
Number of updated asset objects reloaded before import = 0Number of asset objects unloaded after import = 0

========================================================================
Received Import Request.
  Time since last request: 0.000011 seconds.
  path: Assets/Oculus/SampleFramework/Core/TouchControllers/Materials/Textures/L_controller_DIF.TGA
  artifactKey: Guid(9a47b80420559d84491daa384675c1ec) Importer(2089858483,192608db42251d675da83286b1cce702)
Start importing Assets/Oculus/SampleFramework/Core/TouchControllers/Materials/Textures/L_controller_DIF.TGA using Guid(9a47b80420559d84491daa384675c1ec) Importer(2089858483,192608db42251d675da83286b1cce702) (ScriptedImporter) -> (artifact id: 'cef4699afcf95a4b422cbde5dbc103d3') in 0.0172562 seconds
Number of updated asset objects reloaded before import = 0Number of asset objects unloaded after import = 1

========================================================================
Received Import Request.
  Time since last request: 0.000014 seconds.
  path: Assets/Oculus/Interaction/Runtime/Scripts/Selection/Hands/HandJoint.cs
  artifactKey: Guid(abee63302fdc2bb4f80efe129df0a723) Importer(2089858483,192608db42251d675da83286b1cce702)
Start importing Assets/Oculus/Interaction/Runtime/Scripts/Selection/Hands/HandJoint.cs using Guid(abee63302fdc2bb4f80efe129df0a723) Importer(2089858483,192608db42251d675da83286b1cce702) (ScriptedImporter) -> (artifact id: '90a39150a8209caed2e7077f8359800b') in 0.0125588 seconds
Number of updated asset objects reloaded before import = 0Number of asset objects unloaded after import = 0

========================================================================
Received Import Request.
  Time since last request: 0.000018 seconds.
  path: Assets/Oculus/SampleFramework/Usage/SceneManager/Prefabs/FurniturePrefabs/DeskPrefab.prefab
  artifactKey: Guid(9e3d47fa7d34b244db95a4f1e63c4d41) Importer(2089858483,192608db42251d675da83286b1cce702)
Start importing Assets/Oculus/SampleFramework/Usage/SceneManager/Prefabs/FurniturePrefabs/DeskPrefab.prefab using Guid(9e3d47fa7d34b244db95a4f1e63c4d41) Importer(2089858483,192608db42251d675da83286b1cce702) (ScriptedImporter) -> (artifact id: '6a11faa6627674f6a58fba79e008ecd3') in 0.0190552 seconds
Number of updated asset objects reloaded before import = 0Number of asset objects unloaded after import = 12

========================================================================
Received Import Request.
  Time since last request: 0.000025 seconds.
  path: Assets/Oculus/Voice/Features/VoiceHub/Hub/Pages/Voice SDK Samples.asset
  artifactKey: Guid(1a48e92891831ea45824207b2bce72b2) Importer(2089858483,192608db42251d675da83286b1cce702)
Start importing Assets/Oculus/Voice/Features/VoiceHub/Hub/Pages/Voice SDK Samples.asset using Guid(1a48e92891831ea45824207b2bce72b2) Importer(2089858483,192608db42251d675da83286b1cce702) (ScriptedImporter) -> (artifact id: 'd630501298b874e23981fb42e8a1e5cb') in 0.0169421 seconds
Number of updated asset objects reloaded before import = 0Number of asset objects unloaded after import = 4

========================================================================
Received Import Request.
  Time since last request: 0.000015 seconds.
  path: Assets/Oculus/Interaction/Samples/Objects/Props/CoffeeCup/CoffeeCupFractured_AlbedoRoughness.tga
  artifactKey: Guid(ac60f8bf3bbf65d4e877a2731053e95e) Importer(2089858483,192608db42251d675da83286b1cce702)
Start importing Assets/Oculus/Interaction/Samples/Objects/Props/CoffeeCup/CoffeeCupFractured_AlbedoRoughness.tga using Guid(ac60f8bf3bbf65d4e877a2731053e95e) Importer(2089858483,192608db42251d675da83286b1cce702) (ScriptedImporter) -> (artifact id: 'f2fae55c7a03e32dc8728128f1c58b7a') in 0.0202188 seconds
Number of updated asset objects reloaded before import = 0Number of asset objects unloaded after import = 1

========================================================================
Received Import Request.
  Time since last request: 0.000027 seconds.
  path: Assets/Oculus/Interaction/Runtime/Scripts/PoseDetection/Debug/TransformFeatureDebugVisual.cs
  artifactKey: Guid(9390f6f5772c6d942a736437d338b667) Importer(2089858483,192608db42251d675da83286b1cce702)
Start importing Assets/Oculus/Interaction/Runtime/Scripts/PoseDetection/Debug/TransformFeatureDebugVisual.cs using Guid(9390f6f5772c6d942a736437d338b667) Importer(2089858483,192608db42251d675da83286b1cce702) (ScriptedImporter) -> (artifact id: '41179f3eaba5c1be6a498e1f4e947581') in 0.0127066 seconds
Number of updated asset objects reloaded before import = 0Number of asset objects unloaded after import = 0

========================================================================
Received Import Request.
  Time since last request: 0.000015 seconds.
  path: Assets/Oculus/Interaction/Runtime/Scripts/Interaction/Visuals/HandVisual.cs
  artifactKey: Guid(9af9ea683544b184083cef283557012d) Importer(2089858483,192608db42251d675da83286b1cce702)
Start importing Assets/Oculus/Interaction/Runtime/Scripts/Interaction/Visuals/HandVisual.cs using Guid(9af9ea683544b184083cef283557012d) Importer(2089858483,192608db42251d675da83286b1cce702) (ScriptedImporter) -> (artifact id: '2e6c8a3ec5f60f8773bf6404f52b9bba') in 0.0128723 seconds
Number of updated asset objects reloaded before import = 0Number of asset objects unloaded after import = 0

========================================================================
Received Import Request.
  Time since last request: 0.000014 seconds.
  path: Assets/Oculus/Voice/Features/Dictation/Scripts/Runtime/VoiceSDK.Dictation.Runtime.asmdef
  artifactKey: Guid(7fc7076089fdfbc4399cba40cc3b0dd6) Importer(2089858483,192608db42251d675da83286b1cce702)
Start importing Assets/Oculus/Voice/Features/Dictation/Scripts/Runtime/VoiceSDK.Dictation.Runtime.asmdef using Guid(7fc7076089fdfbc4399cba40cc3b0dd6) Importer(2089858483,192608db42251d675da83286b1cce702) (ScriptedImporter) -> (artifact id: '885d5ba7ae692ffd82ee6a929719c245') in 0.0118252 seconds
Number of updated asset objects reloaded before import = 0Number of asset objects unloaded after import = 1

========================================================================
Received Import Request.
  Time since last request: 0.000011 seconds.
  path: Assets/Oculus/Interaction/Samples/Objects/Props/Plants/PlantUmbrella.fbx
  artifactKey: Guid(c085e05b7ebd9074eaaa0da62b1293c5) Importer(2089858483,192608db42251d675da83286b1cce702)
Start importing Assets/Oculus/Interaction/Samples/Objects/Props/Plants/PlantUmbrella.fbx using Guid(c085e05b7ebd9074eaaa0da62b1293c5) Importer(2089858483,192608db42251d675da83286b1cce702) (ScriptedImporter) -> (artifact id: 'faa956a010495dea35425e16f33908af') in 0.0198323 seconds
Number of updated asset objects reloaded before import = 0Number of asset objects unloaded after import = 8

========================================================================
Received Import Request.
  Time since last request: 0.000013 seconds.
  path: Assets/Oculus/SampleFramework/Usage/TouchPro/Scripts/Ui/UiBoolInspector.cs
  artifactKey: Guid(c25d8f20d93560f47bf604ec2dfc098c) Importer(2089858483,192608db42251d675da83286b1cce702)
Start importing Assets/Oculus/SampleFramework/Usage/TouchPro/Scripts/Ui/UiBoolInspector.cs using Guid(c25d8f20d93560f47bf604ec2dfc098c) Importer(2089858483,192608db42251d675da83286b1cce702) (ScriptedImporter) -> (artifact id: 'd8c26f031ab03ab09eee771c8fd90896') in 0.0123778 seconds
Number of updated asset objects reloaded before import = 0Number of asset objects unloaded after import = 0

========================================================================
Received Import Request.
  Time since last request: 0.000017 seconds.
  path: Assets/Oculus/Interaction/Runtime/Scripts/Interaction/Visuals/DebugTreeUI.cs
  artifactKey: Guid(9f857b8b8ce35244d9303f5d76ad12ec) Importer(2089858483,192608db42251d675da83286b1cce702)
Start importing Assets/Oculus/Interaction/Runtime/Scripts/Interaction/Visuals/DebugTreeUI.cs using Guid(9f857b8b8ce35244d9303f5d76ad12ec) Importer(2089858483,192608db42251d675da83286b1cce702) (ScriptedImporter) -> (artifact id: '69b5b75f4d47d5c51d27a9417734ad71') in 0.0149806 seconds
Number of updated asset objects reloaded before import = 0Number of asset objects unloaded after import = 0

========================================================================
Received Import Request.
  Time since last request: 0.000013 seconds.
  path: Assets/Oculus/SampleFramework/Usage/HandsTrainExample/Textures/ControllerBoxTextures/controller_plain_Normal.png
  artifactKey: Guid(7f8077361e7b21249addda6af5112431) Importer(2089858483,192608db42251d675da83286b1cce702)
Start importing Assets/Oculus/SampleFramework/Usage/HandsTrainExample/Textures/ControllerBoxTextures/controller_plain_Normal.png using Guid(7f8077361e7b21249addda6af5112431) Importer(2089858483,192608db42251d675da83286b1cce702) (ScriptedImporter) -> (artifact id: '89b4fdc8bff99520b9997a1fd57bd612') in 0.0211522 seconds
Number of updated asset objects reloaded before import = 0Number of asset objects unloaded after import = 1

========================================================================
Received Import Request.
  Time since last request: 0.000014 seconds.
  path: Assets/Oculus/Interaction/Runtime/Scripts/Interaction/Visuals/InteractableColorVisual.cs
  artifactKey: Guid(3266c3d920715b84089935c4ab019210) Importer(2089858483,192608db42251d675da83286b1cce702)
Start importing Assets/Oculus/Interaction/Runtime/Scripts/Interaction/Visuals/InteractableColorVisual.cs using Guid(3266c3d920715b84089935c4ab019210) Importer(2089858483,192608db42251d675da83286b1cce702) (ScriptedImporter) -> (artifact id: '695fde3500e3a6ec14d4d737ba3e60c3') in 0.0129482 seconds
Number of updated asset objects reloaded before import = 0Number of asset objects unloaded after import = 0

========================================================================
Received Import Request.
  Time since last request: 0.000013 seconds.
  path: Assets/Oculus/Voice/Lib/Wit.ai/Scripts/Editor/Facebook.Wit.Editor.asmdef
  artifactKey: Guid(fa958eb9f0171754fb207d563a15ddfa) Importer(2089858483,192608db42251d675da83286b1cce702)
Start importing Assets/Oculus/Voice/Lib/Wit.ai/Scripts/Editor/Facebook.Wit.Editor.asmdef using Guid(fa958eb9f0171754fb207d563a15ddfa) Importer(2089858483,192608db42251d675da83286b1cce702) (ScriptedImporter) -> (artifact id: 'ce90c70ac0254b2245bdd1a852ea8df2') in 0.0166029 seconds
Number of updated asset objects reloaded before import = 0Number of asset objects unloaded after import = 1

========================================================================
Received Import Request.
  Time since last request: 0.000015 seconds.
  path: Assets/Oculus/SampleFramework/Usage/DistanceGrab/Prefabs/OutlineItems/DistanceGrabOculusWaterBottlePf.prefab
  artifactKey: Guid(269666423cfb5994c9d52e58a9ee03d5) Importer(2089858483,192608db42251d675da83286b1cce702)
Start importing Assets/Oculus/SampleFramework/Usage/DistanceGrab/Prefabs/OutlineItems/DistanceGrabOculusWaterBottlePf.prefab using Guid(269666423cfb5994c9d52e58a9ee03d5) Importer(2089858483,192608db42251d675da83286b1cce702) (ScriptedImporter) -> (artifact id: '006b95f5b304ce4d7ce86da7200fbffb') in 0.0230083 seconds
Number of updated asset objects reloaded before import = 0Number of asset objects unloaded after import = 17

========================================================================
Received Import Request.
  Time since last request: 0.000022 seconds.
  path: Assets/Oculus/Interaction/Samples/Objects/Props/SprayBottle/SprayBottle.fbx
  artifactKey: Guid(9b4f7990d8eab1f4faf8c68946e53273) Importer(2089858483,192608db42251d675da83286b1cce702)
Start importing Assets/Oculus/Interaction/Samples/Objects/Props/SprayBottle/SprayBottle.fbx using Guid(9b4f7990d8eab1f4faf8c68946e53273) Importer(2089858483,192608db42251d675da83286b1cce702) (ScriptedImporter) -> (artifact id: '7ce9e0351570913a40514c010f263afe') in 0.0198339 seconds
Number of updated asset objects reloaded before import = 0Number of asset objects unloaded after import = 29

========================================================================
Received Import Request.
  Time since last request: 0.000023 seconds.
  path: Assets/Oculus/SampleFramework/Usage/DistanceGrab/Prefabs/GrabOffsetsAndPoses/GrabOffsetSportsBottle.prefab
  artifactKey: Guid(802a502bbd864114696daa6c2001c156) Importer(2089858483,192608db42251d675da83286b1cce702)
Start importing Assets/Oculus/SampleFramework/Usage/DistanceGrab/Prefabs/GrabOffsetsAndPoses/GrabOffsetSportsBottle.prefab using Guid(802a502bbd864114696daa6c2001c156) Importer(2089858483,192608db42251d675da83286b1cce702) (ScriptedImporter) -> (artifact id: 'f54ab9e728104fbdefea574aa56faad2') in 0.0127992 seconds
Number of updated asset objects reloaded before import = 0Number of asset objects unloaded after import = 4

========================================================================
Received Import Request.
  Time since last request: 0.000015 seconds.
  path: Assets/Oculus/Voice/Features/Telemetry/Scripts/Editor/Telemetry.Editor.asmdef
  artifactKey: Guid(4c3436cc699cb25459568e9fa95b7fd7) Importer(2089858483,192608db42251d675da83286b1cce702)
Start importing Assets/Oculus/Voice/Features/Telemetry/Scripts/Editor/Telemetry.Editor.asmdef using Guid(4c3436cc699cb25459568e9fa95b7fd7) Importer(2089858483,192608db42251d675da83286b1cce702) (ScriptedImporter) -> (artifact id: 'd4940a5f85636a556d0aea1bc95ebd52') in 0.0121897 seconds
Number of updated asset objects reloaded before import = 0Number of asset objects unloaded after import = 1

========================================================================
Received Import Request.
  Time since last request: 0.000012 seconds.
  path: Assets/Oculus/Interaction/Runtime/Scripts/Interaction/Visuals/InteractorGroupDebugTreeUI.cs
  artifactKey: Guid(40d0e5ea768c8d44d8423aaaaabdf4e4) Importer(2089858483,192608db42251d675da83286b1cce702)
Start importing Assets/Oculus/Interaction/Runtime/Scripts/Interaction/Visuals/InteractorGroupDebugTreeUI.cs using Guid(40d0e5ea768c8d44d8423aaaaabdf4e4) Importer(2089858483,192608db42251d675da83286b1cce702) (ScriptedImporter) -> (artifact id: '8defe0627fbce1182f7ca4a48a940395') in 0.013606 seconds
Number of updated asset objects reloaded before import = 0Number of asset objects unloaded after import = 0

========================================================================
Received Import Request.
  Time since last request: 0.000013 seconds.
  path: Assets/Oculus/SampleFramework/Usage/DistanceGrab/Prefabs/OutlineItems/DistanceGrabBillardBall10Pf.prefab
  artifactKey: Guid(6163b6f161e808a42b2cd59a7ed32c34) Importer(2089858483,192608db42251d675da83286b1cce702)
Start importing Assets/Oculus/SampleFramework/Usage/DistanceGrab/Prefabs/OutlineItems/DistanceGrabBillardBall10Pf.prefab using Guid(6163b6f161e808a42b2cd59a7ed32c34) Importer(2089858483,192608db42251d675da83286b1cce702) (ScriptedImporter) -> (artifact id: '8404c1771323a126a2d0d794ecb4deb9') in 0.019958 seconds
Number of updated asset objects reloaded before import = 0Number of asset objects unloaded after import = 13

========================================================================
Received Import Request.
  Time since last request: 0.000014 seconds.
  path: Assets/Oculus/Interaction/Runtime/Scripts/Selection/Hands/ConicalFrustum.cs
  artifactKey: Guid(546c836d3c95db04182543d3541aeb12) Importer(2089858483,192608db42251d675da83286b1cce702)
Start importing Assets/Oculus/Interaction/Runtime/Scripts/Selection/Hands/ConicalFrustum.cs using Guid(546c836d3c95db04182543d3541aeb12) Importer(2089858483,192608db42251d675da83286b1cce702) (ScriptedImporter) -> (artifact id: 'e75695fb5d78d4aef1b82714660af1c9') in 0.0140742 seconds
Number of updated asset objects reloaded before import = 0Number of asset objects unloaded after import = 0

========================================================================
Received Import Request.
  Time since last request: 0.000014 seconds.
  path: Assets/Oculus/SampleFramework/Usage/TouchPro/Prefabs/Ui/UiPanelPf (Controls - SelfTracking).prefab
  artifactKey: Guid(e42a6f3d5305d4c41aa7cb12ed1addf4) Importer(2089858483,192608db42251d675da83286b1cce702)
Start importing Assets/Oculus/SampleFramework/Usage/TouchPro/Prefabs/Ui/UiPanelPf (Controls - SelfTracking).prefab using Guid(e42a6f3d5305d4c41aa7cb12ed1addf4) Importer(2089858483,192608db42251d675da83286b1cce702) (ScriptedImporter) -> (artifact id: 'c7c2d078863afb61d7f0dc80461af88a') in 0.0159995 seconds
Number of updated asset objects reloaded before import = 0Number of asset objects unloaded after import = 73

========================================================================
Received Import Request.
  Time since last request: 0.000016 seconds.
  path: Assets/Oculus/Voice/Features/VoiceHub/Scripts/Editor/VoiceHubConstants.cs
  artifactKey: Guid(e93d1390c1dc4578a1b8a87fd712839b) Importer(2089858483,192608db42251d675da83286b1cce702)
Start importing Assets/Oculus/Voice/Features/VoiceHub/Scripts/Editor/VoiceHubConstants.cs using Guid(e93d1390c1dc4578a1b8a87fd712839b) Importer(2089858483,192608db42251d675da83286b1cce702) (ScriptedImporter) -> (artifact id: 'ee4d316c7c46962b6df2923f30f599fd') in 0.014949 seconds
Number of updated asset objects reloaded before import = 0Number of asset objects unloaded after import = 0

========================================================================
Received Import Request.
  Time since last request: 0.000019 seconds.
  path: Assets/Oculus/Voice/Lib/PlatformCompatibility/Scripts/Editor/AssistantCoreSDKEditor.asmdef
  artifactKey: Guid(a32f21e557428c84e845c18e46d9284f) Importer(2089858483,192608db42251d675da83286b1cce702)
Start importing Assets/Oculus/Voice/Lib/PlatformCompatibility/Scripts/Editor/AssistantCoreSDKEditor.asmdef using Guid(a32f21e557428c84e845c18e46d9284f) Importer(2089858483,192608db42251d675da83286b1cce702) (ScriptedImporter) -> (artifact id: 'fdc48ac4f175b9bbe15fedf33f6b7d09') in 0.0110379 seconds
Number of updated asset objects reloaded before import = 0Number of asset objects unloaded after import = 1

========================================================================
Received Import Request.
  Time since last request: 0.000011 seconds.
  path: Assets/Oculus/Voice/Features/VoiceHub/Hub/Pages/Conduit.md
  artifactKey: Guid(d3c7b6411c2a637478c26f92bab6ad4b) Importer(2089858483,192608db42251d675da83286b1cce702)
Start importing Assets/Oculus/Voice/Features/VoiceHub/Hub/Pages/Conduit.md using Guid(d3c7b6411c2a637478c26f92bab6ad4b) Importer(2089858483,192608db42251d675da83286b1cce702) (ScriptedImporter) -> (artifact id: '148e5ce0034ede5530d9d22451cf1d71') in 0.0123094 seconds
Number of updated asset objects reloaded before import = 0Number of asset objects unloaded after import = 1

========================================================================
Received Import Request.
  Time since last request: 0.000015 seconds.
  path: Assets/Oculus/Interaction/OVRIntegration/Editor/Blocks/Interactions/Prefabs/[BB] Interactions.prefab
  artifactKey: Guid(7652d8eea2e03a44d9bf9fa63eed745b) Importer(2089858483,192608db42251d675da83286b1cce702)
Start importing Assets/Oculus/Interaction/OVRIntegration/Editor/Blocks/Interactions/Prefabs/[BB] Interactions.prefab using Guid(7652d8eea2e03a44d9bf9fa63eed745b) Importer(2089858483,192608db42251d675da83286b1cce702) (ScriptedImporter) -> (artifact id: '1ef23fa303db1b11e95447d2332f22ad') in 0.0237198 seconds
Number of updated asset objects reloaded before import = 0Number of asset objects unloaded after import = 12

========================================================================
Received Import Request.
  Time since last request: 0.000014 seconds.
  path: Assets/Oculus/SampleFramework/Usage/SharedAssets/Skyboxes/Sky_01/Skybox01_Front+Z.png
  artifactKey: Guid(27a334ddd1e674f5f91d415e537d39f4) Importer(2089858483,192608db42251d675da83286b1cce702)
Start importing Assets/Oculus/SampleFramework/Usage/SharedAssets/Skyboxes/Sky_01/Skybox01_Front+Z.png using Guid(27a334ddd1e674f5f91d415e537d39f4) Importer(2089858483,192608db42251d675da83286b1cce702) (ScriptedImporter) -> (artifact id: '8f1e461fe5ad354747b0651f42b5a10b') in 0.0335911 seconds
Number of updated asset objects reloaded before import = 0Number of asset objects unloaded after import = 1

========================================================================
Received Import Request.
  Time since last request: 0.000121 seconds.
  path: Assets/Oculus/Interaction/Runtime/Scripts/PoseDetection/Debug/ActiveStateDebugTree.cs
  artifactKey: Guid(98347ac4d9a23ac4c84b5eea4c0291d4) Importer(2089858483,192608db42251d675da83286b1cce702)
Start importing Assets/Oculus/Interaction/Runtime/Scripts/PoseDetection/Debug/ActiveStateDebugTree.cs using Guid(98347ac4d9a23ac4c84b5eea4c0291d4) Importer(2089858483,192608db42251d675da83286b1cce702) (ScriptedImporter) -> (artifact id: '8fd8c9af3993c2e71ebbfd5f86a0e95d') in 0.0148821 seconds
Number of updated asset objects reloaded before import = 0Number of asset objects unloaded after import = 0

========================================================================
Received Import Request.
  Time since last request: 0.000017 seconds.
  path: Assets/Oculus/Interaction/Samples/Objects/Environment/Room/Models/backgroundSkyDome.fbx
  artifactKey: Guid(216e64467da9e644b990c6663f483186) Importer(2089858483,192608db42251d675da83286b1cce702)
Start importing Assets/Oculus/Interaction/Samples/Objects/Environment/Room/Models/backgroundSkyDome.fbx using Guid(216e64467da9e644b990c6663f483186) Importer(2089858483,192608db42251d675da83286b1cce702) (ScriptedImporter) -> (artifact id: 'ba016689333085b8903fdbba314d2745') in 0.0206737 seconds
Number of updated asset objects reloaded before import = 0Number of asset objects unloaded after import = 8

========================================================================
Received Import Request.
  Time since last request: 0.000023 seconds.
  path: Assets/Oculus/Interaction/Runtime/Scripts/Interaction/Models/HandGrab/GrabPoseScore.cs
  artifactKey: Guid(b7de3b0e852a8b8448c51d1913971f19) Importer(2089858483,192608db42251d675da83286b1cce702)
Start importing Assets/Oculus/Interaction/Runtime/Scripts/Interaction/Models/HandGrab/GrabPoseScore.cs using Guid(b7de3b0e852a8b8448c51d1913971f19) Importer(2089858483,192608db42251d675da83286b1cce702) (ScriptedImporter) -> (artifact id: '8a41c2314fd0dc71e4c403cadcfbfeb9') in 0.0159399 seconds
Number of updated asset objects reloaded before import = 0Number of asset objects unloaded after import = 0

========================================================================
Received Import Request.
  Time since last request: 0.000012 seconds.
  path: Assets/Oculus/Interaction/Samples/Objects/Environment/Locomotion/Models/Meta_LocomotionGarden.fbx
  artifactKey: Guid(c754269c80afa0f4b94b650d983d92c0) Importer(2089858483,192608db42251d675da83286b1cce702)
Start importing Assets/Oculus/Interaction/Samples/Objects/Environment/Locomotion/Models/Meta_LocomotionGarden.fbx using Guid(c754269c80afa0f4b94b650d983d92c0) Importer(2089858483,192608db42251d675da83286b1cce702) (ScriptedImporter) -> (artifact id: 'f5d6da4cef6019ee37ce00e6f2433082') in 0.0255955 seconds
Number of updated asset objects reloaded before import = 0Number of asset objects unloaded after import = 9

========================================================================
Received Import Request.
  Time since last request: 0.000014 seconds.
  path: Assets/Oculus/Interaction/Samples/Objects/Props/WaterParticles/Materials/ParticleStreamMat.mat
  artifactKey: Guid(70b1ef2f08272984eb0d645c1a858744) Importer(2089858483,192608db42251d675da83286b1cce702)
Start importing Assets/Oculus/Interaction/Samples/Objects/Props/WaterParticles/Materials/ParticleStreamMat.mat using Guid(70b1ef2f08272984eb0d645c1a858744) Importer(2089858483,192608db42251d675da83286b1cce702) (ScriptedImporter) -> (artifact id: '0d5ed98ee742ad820f803a544ef0c4ab') in 0.0164461 seconds
Number of updated asset objects reloaded before import = 0Number of asset objects unloaded after import = 2

========================================================================
Received Import Request.
  Time since last request: 0.000013 seconds.
  path: Assets/Oculus/SampleFramework/Core/Video/Plugins/Android/Audio360/NOTICE.txt
  artifactKey: Guid(4d41527e8defd4278aa630380a98e8d5) Importer(2089858483,192608db42251d675da83286b1cce702)
Start importing Assets/Oculus/SampleFramework/Core/Video/Plugins/Android/Audio360/NOTICE.txt using Guid(4d41527e8defd4278aa630380a98e8d5) Importer(2089858483,192608db42251d675da83286b1cce702) (ScriptedImporter) -> (artifact id: '1481b0f8cd66c3dd171816e79e06018f') in 0.0157336 seconds
Number of updated asset objects reloaded before import = 0Number of asset objects unloaded after import = 1

========================================================================
Received Import Request.
  Time since last request: 0.000019 seconds.
  path: Assets/Oculus/Interaction/Runtime/Scripts/Interaction/Models/Snap/ISnapPoseProvider.cs
  artifactKey: Guid(78a12d43f2edc1f4a89312af4625b475) Importer(2089858483,192608db42251d675da83286b1cce702)
Start importing Assets/Oculus/Interaction/Runtime/Scripts/Interaction/Models/Snap/ISnapPoseProvider.cs using Guid(78a12d43f2edc1f4a89312af4625b475) Importer(2089858483,192608db42251d675da83286b1cce702) (ScriptedImporter) -> (artifact id: '2a42b4968654a31e4eabbd3f9f87e87f') in 0.0168247 seconds
Number of updated asset objects reloaded before import = 0Number of asset objects unloaded after import = 0

========================================================================
Received Import Request.
  Time since last request: 0.000019 seconds.
  path: Assets/Oculus/Interaction/Samples/Objects/Props/PictureFrame/Textures/Map.jpg
  artifactKey: Guid(2eb58f3a8dada1c4e8cda5ebd05884f7) Importer(2089858483,192608db42251d675da83286b1cce702)
Start importing Assets/Oculus/Interaction/Samples/Objects/Props/PictureFrame/Textures/Map.jpg using Guid(2eb58f3a8dada1c4e8cda5ebd05884f7) Importer(2089858483,192608db42251d675da83286b1cce702) (ScriptedImporter) -> (artifact id: '98a9aea79cda86f23feab8cb87f314c4') in 0.0250985 seconds
Number of updated asset objects reloaded before import = 0Number of asset objects unloaded after import = 1

========================================================================
Received Import Request.
  Time since last request: 0.000027 seconds.
  path: Assets/Oculus/Interaction/Samples/Objects/Props/Box/Materials/BoxMat.mat
  artifactKey: Guid(63ceda150b6bfb443902555204d13348) Importer(2089858483,192608db42251d675da83286b1cce702)
Start importing Assets/Oculus/Interaction/Samples/Objects/Props/Box/Materials/BoxMat.mat using Guid(63ceda150b6bfb443902555204d13348) Importer(2089858483,192608db42251d675da83286b1cce702) (ScriptedImporter) -> (artifact id: 'e5c83054143ce384bf5cac56ac44a401') in 0.0262161 seconds
Number of updated asset objects reloaded before import = 0Number of asset objects unloaded after import = 3

========================================================================
Received Import Request.
  Time since last request: 0.000014 seconds.
  path: Assets/Oculus/Interaction/Runtime/Scripts/Interaction/Models/UseGrab/UseFingerRawPinchAPI.cs
  artifactKey: Guid(72b0c08ba5dce3c46a4a58592c92fbea) Importer(2089858483,192608db42251d675da83286b1cce702)
Start importing Assets/Oculus/Interaction/Runtime/Scripts/Interaction/Models/UseGrab/UseFingerRawPinchAPI.cs using Guid(72b0c08ba5dce3c46a4a58592c92fbea) Importer(2089858483,192608db42251d675da83286b1cce702) (ScriptedImporter) -> (artifact id: 'a6795cb02afd298c309d51168dcf21c3') in 0.0189563 seconds
Number of updated asset objects reloaded before import = 0Number of asset objects unloaded after import = 0

========================================================================
Received Import Request.
  Time since last request: 0.000023 seconds.
  path: Assets/Oculus/Interaction/Runtime/Scripts/Interaction/Models/UseGrab/HandGrabUseInteractor.cs
  artifactKey: Guid(3eac11706db359b49bf0ea4b2576b331) Importer(2089858483,192608db42251d675da83286b1cce702)
Start importing Assets/Oculus/Interaction/Runtime/Scripts/Interaction/Models/UseGrab/HandGrabUseInteractor.cs using Guid(3eac11706db359b49bf0ea4b2576b331) Importer(2089858483,192608db42251d675da83286b1cce702) (ScriptedImporter) -> (artifact id: 'ce105b2ce246dd6d277498f46dd32e75') in 0.0136356 seconds
Number of updated asset objects reloaded before import = 0Number of asset objects unloaded after import = 0

========================================================================
Received Import Request.
  Time since last request: 0.000013 seconds.
  path: Assets/Oculus/Interaction/Samples/Objects/Props/PictureFrame/Textures/Love.jpg
  artifactKey: Guid(be89d100cd1db2c41a534fe63c258f06) Importer(2089858483,192608db42251d675da83286b1cce702)
Start importing Assets/Oculus/Interaction/Samples/Objects/Props/PictureFrame/Textures/Love.jpg using Guid(be89d100cd1db2c41a534fe63c258f06) Importer(2089858483,192608db42251d675da83286b1cce702) (ScriptedImporter) -> (artifact id: 'cea67b8b44d18f7b4bacdbaada93d864') in 0.0191922 seconds
Number of updated asset objects reloaded before import = 0Number of asset objects unloaded after import = 1

========================================================================
Received Import Request.
  Time since last request: 0.000012 seconds.
  path: Assets/Oculus/Voice/Lib/PlatformCompatibility/Scripts/Runtime/Android/AndroidServiceConnection.cs
  artifactKey: Guid(85f4ff04745e1ab459e49eb38bc288b9) Importer(2089858483,192608db42251d675da83286b1cce702)
Start importing Assets/Oculus/Voice/Lib/PlatformCompatibility/Scripts/Runtime/Android/AndroidServiceConnection.cs using Guid(85f4ff04745e1ab459e49eb38bc288b9) Importer(2089858483,192608db42251d675da83286b1cce702) (ScriptedImporter) -> (artifact id: 'e844c241e293f102bcb704821b1b7f7a') in 0.0157919 seconds
Number of updated asset objects reloaded before import = 0Number of asset objects unloaded after import = 0

========================================================================
Received Import Request.
  Time since last request: 0.000019 seconds.
  path: Assets/Oculus/Interaction/Runtime/Scripts/Interaction/Models/HandGrab/IHandGrabInteractor.cs
  artifactKey: Guid(5f89ef78eb4237e4eaa744283a3d620b) Importer(2089858483,192608db42251d675da83286b1cce702)
Start importing Assets/Oculus/Interaction/Runtime/Scripts/Interaction/Models/HandGrab/IHandGrabInteractor.cs using Guid(5f89ef78eb4237e4eaa744283a3d620b) Importer(2089858483,192608db42251d675da83286b1cce702) (ScriptedImporter) -> (artifact id: '34414a601beb58de218bb0856246cd26') in 0.0160455 seconds
Number of updated asset objects reloaded before import = 0Number of asset objects unloaded after import = 0

========================================================================
Received Import Request.
  Time since last request: 0.000021 seconds.
  path: Assets/Oculus/Voice/Features/Hub/Scripts/Runtime/Interfaces/IMetaHubPage.cs
  artifactKey: Guid(816e6d4cdf174cf1981d648ac98b115c) Importer(2089858483,192608db42251d675da83286b1cce702)
Start importing Assets/Oculus/Voice/Features/Hub/Scripts/Runtime/Interfaces/IMetaHubPage.cs using Guid(816e6d4cdf174cf1981d648ac98b115c) Importer(2089858483,192608db42251d675da83286b1cce702) (ScriptedImporter) -> (artifact id: '721c8058dd5df38bf5eef3d9410d0f10') in 0.0135288 seconds
Number of updated asset objects reloaded before import = 0Number of asset objects unloaded after import = 0

========================================================================
Received Import Request.
  Time since last request: 0.000013 seconds.
  path: Assets/Oculus/Interaction/OVRIntegration/Editor/Blocks/SyntheticHands/Prefabs/[BB] Left Hand Synthetic.prefab
  artifactKey: Guid(81b0c6f02d961984eb074b9834c049ae) Importer(2089858483,192608db42251d675da83286b1cce702)
Start importing Assets/Oculus/Interaction/OVRIntegration/Editor/Blocks/SyntheticHands/Prefabs/[BB] Left Hand Synthetic.prefab using Guid(81b0c6f02d961984eb074b9834c049ae) Importer(2089858483,192608db42251d675da83286b1cce702) (ScriptedImporter) -> (artifact id: 'e7ae151c13f11b7866b26195c718d43c') in 0.01734 seconds
Number of updated asset objects reloaded before import = 0Number of asset objects unloaded after import = 172

========================================================================
Received Import Request.
  Time since last request: 0.000012 seconds.
  path: Assets/Oculus/Voice/Features/Dictation/Samples/Dictation/Scripts/SimpleLabelResizer.cs
  artifactKey: Guid(514ba6b315e97374e81991951a802240) Importer(2089858483,192608db42251d675da83286b1cce702)
Start importing Assets/Oculus/Voice/Features/Dictation/Samples/Dictation/Scripts/SimpleLabelResizer.cs using Guid(514ba6b315e97374e81991951a802240) Importer(2089858483,192608db42251d675da83286b1cce702) (ScriptedImporter) -> (artifact id: 'f7494ac2a5ce59d782f105995bf42bc3') in 0.0140471 seconds
Number of updated asset objects reloaded before import = 0Number of asset objects unloaded after import = 0

========================================================================
Received Import Request.
  Time since last request: 0.000012 seconds.
  path: Assets/Oculus/Interaction/OVRIntegration/Runtime/Prefabs/DistanceHandGrab/Reticles/OVRRightHandReticle.prefab
  artifactKey: Guid(9fa0825d6b962924e8124b0b7d0595f8) Importer(2089858483,192608db42251d675da83286b1cce702)
Start importing Assets/Oculus/Interaction/OVRIntegration/Runtime/Prefabs/DistanceHandGrab/Reticles/OVRRightHandReticle.prefab using Guid(9fa0825d6b962924e8124b0b7d0595f8) Importer(2089858483,192608db42251d675da83286b1cce702) (ScriptedImporter) -> (artifact id: '56aa25d8b288b8ceee6d58e2fe3bffcd') in 0.018676 seconds
Number of updated asset objects reloaded before import = 0Number of asset objects unloaded after import = 176

========================================================================
Received Import Request.
  Time since last request: 0.000012 seconds.
  path: Assets/Oculus/Interaction/Samples/Objects/Props/Box/Textures/Box_AlbedoRoughness.png
  artifactKey: Guid(df03d2cdd7c41534fa95797c3b186ca8) Importer(2089858483,192608db42251d675da83286b1cce702)
Start importing Assets/Oculus/Interaction/Samples/Objects/Props/Box/Textures/Box_AlbedoRoughness.png using Guid(df03d2cdd7c41534fa95797c3b186ca8) Importer(2089858483,192608db42251d675da83286b1cce702) (ScriptedImporter) -> (artifact id: '4ff8326a79201792490ea32920611640') in 0.018633 seconds
Number of updated asset objects reloaded before import = 0Number of asset objects unloaded after import = 1

========================================================================
Received Import Request.
  Time since last request: 0.000013 seconds.
  path: Assets/Oculus/Interaction/Samples/Objects/Environment/MRDesk/Models/MRDeskShadow.fbx
  artifactKey: Guid(bb5c416ca94f7a34fbd14f26fa5a38e6) Importer(2089858483,192608db42251d675da83286b1cce702)
Start importing Assets/Oculus/Interaction/Samples/Objects/Environment/MRDesk/Models/MRDeskShadow.fbx using Guid(bb5c416ca94f7a34fbd14f26fa5a38e6) Importer(2089858483,192608db42251d675da83286b1cce702) (ScriptedImporter) -> (artifact id: '909a0b88958eee28cad018d941fabfc3') in 0.0186981 seconds
Number of updated asset objects reloaded before import = 0Number of asset objects unloaded after import = 8

========================================================================
Received Import Request.
  Time since last request: 0.000016 seconds.
  path: Assets/Oculus/Interaction/Runtime/Scripts/Interaction/Models/Snap/ListLayout.cs
  artifactKey: Guid(0c5db2cc1f008414ea38d1a7b78ffa92) Importer(2089858483,192608db42251d675da83286b1cce702)
Start importing Assets/Oculus/Interaction/Runtime/Scripts/Interaction/Models/Snap/ListLayout.cs using Guid(0c5db2cc1f008414ea38d1a7b78ffa92) Importer(2089858483,192608db42251d675da83286b1cce702) (ScriptedImporter) -> (artifact id: '6c9f36e54ecd31e9451b62bc1488b68d') in 0.0121842 seconds
Number of updated asset objects reloaded before import = 0Number of asset objects unloaded after import = 0

========================================================================
Received Import Request.
  Time since last request: 0.000031 seconds.
  path: Assets/Oculus/Interaction/Samples/Objects/Props/MapWithPins/Textures/MapPointer_AlbedoRoughness.png
  artifactKey: Guid(b883faee006af594480a183e2c37d229) Importer(2089858483,192608db42251d675da83286b1cce702)
Start importing Assets/Oculus/Interaction/Samples/Objects/Props/MapWithPins/Textures/MapPointer_AlbedoRoughness.png using Guid(b883faee006af594480a183e2c37d229) Importer(2089858483,192608db42251d675da83286b1cce702) (ScriptedImporter) -> (artifact id: '12039f32afff0ad9abb02af0c558f557') in 0.0228658 seconds
Number of updated asset objects reloaded before import = 0Number of asset objects unloaded after import = 1

========================================================================
Received Import Request.
  Time since last request: 0.000012 seconds.
  path: Assets/Oculus/Interaction/Samples/Objects/Props/StonePolyhedra/Materials/StonePolyhedraMat.mat
  artifactKey: Guid(4ed2a68815c34a34d8711a74f0b3e8ad) Importer(2089858483,192608db42251d675da83286b1cce702)
Start importing Assets/Oculus/Interaction/Samples/Objects/Props/StonePolyhedra/Materials/StonePolyhedraMat.mat using Guid(4ed2a68815c34a34d8711a74f0b3e8ad) Importer(2089858483,192608db42251d675da83286b1cce702) (ScriptedImporter) -> (artifact id: 'd714d80fd8059754891265dd37bcd64d') in 0.0194705 seconds
Number of updated asset objects reloaded before import = 0Number of asset objects unloaded after import = 2

========================================================================
Received Import Request.
  Time since last request: 0.000013 seconds.
  path: Assets/Oculus/Interaction/Runtime/Scripts/Selection/Controllers/ControllerSelector.cs
  artifactKey: Guid(6d2303af7d4c7114681742031c4a0ac6) Importer(2089858483,192608db42251d675da83286b1cce702)
Start importing Assets/Oculus/Interaction/Runtime/Scripts/Selection/Controllers/ControllerSelector.cs using Guid(6d2303af7d4c7114681742031c4a0ac6) Importer(2089858483,192608db42251d675da83286b1cce702) (ScriptedImporter) -> (artifact id: '4f1e638437229b4bb5cd4b45311049f3') in 0.0130426 seconds
Number of updated asset objects reloaded before import = 0Number of asset objects unloaded after import = 0

========================================================================
Received Import Request.
  Time since last request: 0.000013 seconds.
  path: Assets/Oculus/SampleFramework/Core/Video/Plugins/Android/Audio360/audio360.aar
  artifactKey: Guid(0fc24de97752a4f81b61159248da7281) Importer(2089858483,192608db42251d675da83286b1cce702)
Start importing Assets/Oculus/SampleFramework/Core/Video/Plugins/Android/Audio360/audio360.aar using Guid(0fc24de97752a4f81b61159248da7281) Importer(2089858483,192608db42251d675da83286b1cce702) (ScriptedImporter) -> (artifact id: '6faf745cb3e38ca1c2b59dbae467970c') in 0.0180296 seconds
Number of updated asset objects reloaded before import = 0Number of asset objects unloaded after import = 0

========================================================================
Received Import Request.
  Time since last request: 0.000014 seconds.
  path: Assets/Oculus/Interaction/Samples/Objects/Environment/Screen/Materials/ScreenMaterial.fbx
  artifactKey: Guid(7901d8219f6a24ef0a60ce89da693f9c) Importer(2089858483,192608db42251d675da83286b1cce702)
Start importing Assets/Oculus/Interaction/Samples/Objects/Environment/Screen/Materials/ScreenMaterial.fbx using Guid(7901d8219f6a24ef0a60ce89da693f9c) Importer(2089858483,192608db42251d675da83286b1cce702) (ScriptedImporter) -> (artifact id: 'f21b82b088b0cc5c182c96c9df9600c5') in 0.0275097 seconds
Number of updated asset objects reloaded before import = 0Number of asset objects unloaded after import = 9

========================================================================
Received Import Request.
  Time since last request: 0.000015 seconds.
  path: Assets/Oculus/Voice/Lib/Wit.ai/Scripts/Runtime/CallbackHandlers/OutOfScopeUtteranceHandler.cs
  artifactKey: Guid(960c102c70216114fa5c3800d4172d67) Importer(2089858483,192608db42251d675da83286b1cce702)
Start importing Assets/Oculus/Voice/Lib/Wit.ai/Scripts/Runtime/CallbackHandlers/OutOfScopeUtteranceHandler.cs using Guid(960c102c70216114fa5c3800d4172d67) Importer(2089858483,192608db42251d675da83286b1cce702) (ScriptedImporter) -> (artifact id: '5d670f087c9ef769070e9249431432e7') in 0.0177662 seconds
Number of updated asset objects reloaded before import = 0Number of asset objects unloaded after import = 0

========================================================================
Received Import Request.
  Time since last request: 0.000023 seconds.
  path: Assets/Oculus/Voice/Lib/Wit.ai/Scripts/Runtime/Data/WitValue.cs
  artifactKey: Guid(d14d7c8a51621ce419693992b114e2ce) Importer(2089858483,192608db42251d675da83286b1cce702)
Start importing Assets/Oculus/Voice/Lib/Wit.ai/Scripts/Runtime/Data/WitValue.cs using Guid(d14d7c8a51621ce419693992b114e2ce) Importer(2089858483,192608db42251d675da83286b1cce702) (ScriptedImporter) -> (artifact id: '590e4d3f8ed6b649f1aa2967562aa825') in 0.0128129 seconds
Number of updated asset objects reloaded before import = 0Number of asset objects unloaded after import = 0

========================================================================
Received Import Request.
  Time since last request: 0.000014 seconds.
  path: Assets/Oculus/Voice/Lib/Wit.ai/Scripts/Runtime/Events/AudioBufferEvents.cs
  artifactKey: Guid(bd7c64da99e7e054c83dea7647d723b2) Importer(2089858483,192608db42251d675da83286b1cce702)
Start importing Assets/Oculus/Voice/Lib/Wit.ai/Scripts/Runtime/Events/AudioBufferEvents.cs using Guid(bd7c64da99e7e054c83dea7647d723b2) Importer(2089858483,192608db42251d675da83286b1cce702) (ScriptedImporter) -> (artifact id: 'c212076922da6496a9f03f5b18f53d62') in 0.0136309 seconds
Number of updated asset objects reloaded before import = 0Number of asset objects unloaded after import = 0

========================================================================
Received Import Request.
  Time since last request: 0.000016 seconds.
  path: Assets/Oculus/Voice/Lib/Wit.ai/Lib/Conduit/Runtime/ConduitDispatcherFactory.cs
  artifactKey: Guid(8bbc86671f9e48d19e0bc0b9b4ead0cc) Importer(2089858483,192608db42251d675da83286b1cce702)
Start importing Assets/Oculus/Voice/Lib/Wit.ai/Lib/Conduit/Runtime/ConduitDispatcherFactory.cs using Guid(8bbc86671f9e48d19e0bc0b9b4ead0cc) Importer(2089858483,192608db42251d675da83286b1cce702) (ScriptedImporter) -> (artifact id: 'e07ddd033e44876d94730639a3024daf') in 0.0119065 seconds
Number of updated asset objects reloaded before import = 0Number of asset objects unloaded after import = 0

========================================================================
Received Import Request.
  Time since last request: 0.000013 seconds.
  path: Assets/Oculus/Voice/Lib/PlatformCompatibility/Scripts/Runtime/Utility/ArrayElementTitleAttribute.cs
  artifactKey: Guid(cd85a8631126f474f8d69375b5cc2bf4) Importer(2089858483,192608db42251d675da83286b1cce702)
Start importing Assets/Oculus/Voice/Lib/PlatformCompatibility/Scripts/Runtime/Utility/ArrayElementTitleAttribute.cs using Guid(cd85a8631126f474f8d69375b5cc2bf4) Importer(2089858483,192608db42251d675da83286b1cce702) (ScriptedImporter) -> (artifact id: '4b7f5e734a7a9d0bd5d728f16956827c') in 0.0123365 seconds
Number of updated asset objects reloaded before import = 0Number of asset objects unloaded after import = 0

========================================================================
Received Import Request.
  Time since last request: 0.000012 seconds.
  path: Assets/Oculus/Voice/Lib/Wit.ai/Scripts/Runtime/Events/VoiceEvents.cs
  artifactKey: Guid(371044f8a8a85b34aa78547a31c99aa0) Importer(2089858483,192608db42251d675da83286b1cce702)
Start importing Assets/Oculus/Voice/Lib/Wit.ai/Scripts/Runtime/Events/VoiceEvents.cs using Guid(371044f8a8a85b34aa78547a31c99aa0) Importer(2089858483,192608db42251d675da83286b1cce702) (ScriptedImporter) -> (artifact id: 'ef5c41173149080138876784311031ac') in 0.0121098 seconds
Number of updated asset objects reloaded before import = 0Number of asset objects unloaded after import = 0

========================================================================
Received Import Request.
  Time since last request: 0.000012 seconds.
  path: Assets/Oculus/Voice/Lib/Wit.ai/Features/TTS/Documentation/TTS Overview Readme.asset
  artifactKey: Guid(c745949bbb55f7b4dba6eeac61f4a7bd) Importer(2089858483,192608db42251d675da83286b1cce702)
Start importing Assets/Oculus/Voice/Lib/Wit.ai/Features/TTS/Documentation/TTS Overview Readme.asset using Guid(c745949bbb55f7b4dba6eeac61f4a7bd) Importer(2089858483,192608db42251d675da83286b1cce702) (ScriptedImporter) -> (artifact id: '754b4947ba58e24a4f593705c35fb381') in 0.017091 seconds
Number of updated asset objects reloaded before import = 0Number of asset objects unloaded after import = 5

========================================================================
Received Import Request.
  Time since last request: 0.000012 seconds.
  path: Assets/Oculus/Voice/Lib/Wit.ai/Lib/Conduit/Editor/IWitHttp.cs
  artifactKey: Guid(c3517a79aff84c6a9e10ec84f90f8448) Importer(2089858483,192608db42251d675da83286b1cce702)
Start importing Assets/Oculus/Voice/Lib/Wit.ai/Lib/Conduit/Editor/IWitHttp.cs using Guid(c3517a79aff84c6a9e10ec84f90f8448) Importer(2089858483,192608db42251d675da83286b1cce702) (ScriptedImporter) -> (artifact id: 'd97308beebb272cb7c36ca58c9b992ec') in 0.0147472 seconds
Number of updated asset objects reloaded before import = 0Number of asset objects unloaded after import = 0

========================================================================
Received Import Request.
  Time since last request: 0.000018 seconds.
  path: Assets/Oculus/Interaction/Samples/Objects/Environment/SmallRoom/Models/smallRoom.fbx
  artifactKey: Guid(f7c82b9ce28f07e4fa7f50280661a061) Importer(2089858483,192608db42251d675da83286b1cce702)
Start importing Assets/Oculus/Interaction/Samples/Objects/Environment/SmallRoom/Models/smallRoom.fbx using Guid(f7c82b9ce28f07e4fa7f50280661a061) Importer(2089858483,192608db42251d675da83286b1cce702) (ScriptedImporter) -> (artifact id: '04a73156618fadbb1eb631f14077f80f') in 0.0378244 seconds
Number of updated asset objects reloaded before import = 0Number of asset objects unloaded after import = 41

========================================================================
Received Import Request.
  Time since last request: 0.000030 seconds.
  path: Assets/Oculus/Interaction/Samples/Objects/Environment/Tooltips/DialogVideos/DialogVideos2.renderTexture
  artifactKey: Guid(f62ca745d9c6bfe46a6d464337da6069) Importer(2089858483,192608db42251d675da83286b1cce702)
Start importing Assets/Oculus/Interaction/Samples/Objects/Environment/Tooltips/DialogVideos/DialogVideos2.renderTexture using Guid(f62ca745d9c6bfe46a6d464337da6069) Importer(2089858483,192608db42251d675da83286b1cce702) (ScriptedImporter) -> (artifact id: '56c8f97e846d3a76ff2b896949e254ad') in 0.0162932 seconds
Number of updated asset objects reloaded before import = 0Number of asset objects unloaded after import = 1

========================================================================
Received Import Request.
  Time since last request: 0.000013 seconds.
  path: Assets/Oculus/Voice/Features/VoiceHub/Scripts/Editor/VoiceSDKHub.cs
  artifactKey: Guid(050c329a8c264b9bb8dd4042708376ed) Importer(2089858483,192608db42251d675da83286b1cce702)
Start importing Assets/Oculus/Voice/Features/VoiceHub/Scripts/Editor/VoiceSDKHub.cs using Guid(050c329a8c264b9bb8dd4042708376ed) Importer(2089858483,192608db42251d675da83286b1cce702) (ScriptedImporter) -> (artifact id: '27fc115d31f1d6e287a8f66f62385415') in 0.0145745 seconds
Number of updated asset objects reloaded before import = 0Number of asset objects unloaded after import = 0

========================================================================
Received Import Request.
  Time since last request: 0.000012 seconds.
  path: Assets/Oculus/Interaction/Runtime/Scripts/PoseDetection/Debug/FingerFeatureSkeletalDebugVisual.cs
  artifactKey: Guid(df12566059c64f34a8985d7383779198) Importer(2089858483,192608db42251d675da83286b1cce702)
Start importing Assets/Oculus/Interaction/Runtime/Scripts/PoseDetection/Debug/FingerFeatureSkeletalDebugVisual.cs using Guid(df12566059c64f34a8985d7383779198) Importer(2089858483,192608db42251d675da83286b1cce702) (ScriptedImporter) -> (artifact id: '6128b49591d6e11a829b03a87f8b6c04') in 0.0131509 seconds
Number of updated asset objects reloaded before import = 0Number of asset objects unloaded after import = 0

========================================================================
Received Import Request.
  Time since last request: 0.000013 seconds.
  path: Assets/Oculus/Interaction/Runtime/Scripts/Interaction/Visuals/DebugTree.cs
  artifactKey: Guid(bc52798e64b3fb74e981cf80e33571c9) Importer(2089858483,192608db42251d675da83286b1cce702)
Start importing Assets/Oculus/Interaction/Runtime/Scripts/Interaction/Visuals/DebugTree.cs using Guid(bc52798e64b3fb74e981cf80e33571c9) Importer(2089858483,192608db42251d675da83286b1cce702) (ScriptedImporter) -> (artifact id: '54140f51c7d171af830a27c0640e9a1e') in 0.0135513 seconds
Number of updated asset objects reloaded before import = 0Number of asset objects unloaded after import = 0

========================================================================
Received Import Request.
  Time since last request: 0.000014 seconds.
  path: Assets/Oculus/Interaction/Samples/Objects/Environment/Tooltips/DialogVideos/Instruction_Ray.mp4
  artifactKey: Guid(42ab5e1773cfced4c91af50d8b1899be) Importer(2089858483,192608db42251d675da83286b1cce702)
Start importing Assets/Oculus/Interaction/Samples/Objects/Environment/Tooltips/DialogVideos/Instruction_Ray.mp4 using Guid(42ab5e1773cfced4c91af50d8b1899be) Importer(2089858483,192608db42251d675da83286b1cce702) (ScriptedImporter) -> (artifact id: '7adb5becf015739c47cb7a154c1a068d') in 0.0128085 seconds
Number of updated asset objects reloaded before import = 0Number of asset objects unloaded after import = 1

========================================================================
Received Import Request.
  Time since last request: 0.000013 seconds.
  path: Assets/Oculus/Voice/Lib/Wit.ai/Scripts/Runtime/WitRequest.cs
  artifactKey: Guid(d5d8380676e81d94f84e27bebc449201) Importer(2089858483,192608db42251d675da83286b1cce702)
Start importing Assets/Oculus/Voice/Lib/Wit.ai/Scripts/Runtime/WitRequest.cs using Guid(d5d8380676e81d94f84e27bebc449201) Importer(2089858483,192608db42251d675da83286b1cce702) (ScriptedImporter) -> (artifact id: 'c9db1d82573b619f4c8afce008d7647e') in 0.0115763 seconds
Number of updated asset objects reloaded before import = 0Number of asset objects unloaded after import = 0

========================================================================
Received Import Request.
  Time since last request: 0.000014 seconds.
  path: Assets/Oculus/Interaction/Runtime/Scripts/Interaction/Models/TouchHandGrab/HandSphereMap.cs
  artifactKey: Guid(8b2fc1498442023409ccd04c3abff60e) Importer(2089858483,192608db42251d675da83286b1cce702)
Start importing Assets/Oculus/Interaction/Runtime/Scripts/Interaction/Models/TouchHandGrab/HandSphereMap.cs using Guid(8b2fc1498442023409ccd04c3abff60e) Importer(2089858483,192608db42251d675da83286b1cce702) (ScriptedImporter) -> (artifact id: '18a44ee532ce7546ed30654c783a65e2') in 0.0136332 seconds
Number of updated asset objects reloaded before import = 0Number of asset objects unloaded after import = 0

========================================================================
Received Import Request.
  Time since last request: 0.000022 seconds.
  path: Assets/Oculus/VR/Editor/BuildingBlocks/BlockData/VirtualKeyboard/VirtualKeyboard.asset
  artifactKey: Guid(fe0c063c723674346a0135da9fb6c5ce) Importer(2089858483,192608db42251d675da83286b1cce702)
Start importing Assets/Oculus/VR/Editor/BuildingBlocks/BlockData/VirtualKeyboard/VirtualKeyboard.asset using Guid(fe0c063c723674346a0135da9fb6c5ce) Importer(2089858483,192608db42251d675da83286b1cce702) (ScriptedImporter) -> (artifact id: '94ec764a039fe7d3d203b5cce5a9c673') in 0.0196538 seconds
Number of updated asset objects reloaded before import = 0Number of asset objects unloaded after import = 6

========================================================================
Received Import Request.
  Time since last request: 0.000011 seconds.
  path: Assets/Oculus/Interaction/Samples/Objects/Props/PictureFrame/PictureFrame.prefab
  artifactKey: Guid(146baf7aaccab2949a87118ab13da980) Importer(2089858483,192608db42251d675da83286b1cce702)
Start importing Assets/Oculus/Interaction/Samples/Objects/Props/PictureFrame/PictureFrame.prefab using Guid(146baf7aaccab2949a87118ab13da980) Importer(2089858483,192608db42251d675da83286b1cce702) (ScriptedImporter) -> (artifact id: 'e774a79618c089948d8634f59662469f') in 0.0249997 seconds
Number of updated asset objects reloaded before import = 0Number of asset objects unloaded after import = 110

========================================================================
Received Import Request.
  Time since last request: 0.000012 seconds.
  path: Assets/Oculus/Voice/Features/Hub/Scripts/Runtime/Attributes/MetaHubContextAttribute.cs
  artifactKey: Guid(adaa391766724cfba11a9c2223e738b0) Importer(2089858483,192608db42251d675da83286b1cce702)
Start importing Assets/Oculus/Voice/Features/Hub/Scripts/Runtime/Attributes/MetaHubContextAttribute.cs using Guid(adaa391766724cfba11a9c2223e738b0) Importer(2089858483,192608db42251d675da83286b1cce702) (ScriptedImporter) -> (artifact id: '626700fd1849b58907a6a360e4993899') in 0.0134557 seconds
Number of updated asset objects reloaded before import = 0Number of asset objects unloaded after import = 0

========================================================================
Received Import Request.
  Time since last request: 0.000014 seconds.
  path: Assets/Oculus/Interaction/Runtime/Scripts/Interaction/Models/Poke/PokeInteractable.cs
  artifactKey: Guid(317e663e2bb60ea408fe22b908b59295) Importer(2089858483,192608db42251d675da83286b1cce702)
Start importing Assets/Oculus/Interaction/Runtime/Scripts/Interaction/Models/Poke/PokeInteractable.cs using Guid(317e663e2bb60ea408fe22b908b59295) Importer(2089858483,192608db42251d675da83286b1cce702) (ScriptedImporter) -> (artifact id: '5f42384aee1e1be89a09c54373d2a863') in 0.0122407 seconds
Number of updated asset objects reloaded before import = 0Number of asset objects unloaded after import = 0

========================================================================
Received Import Request.
  Time since last request: 0.000012 seconds.
  path: Assets/Oculus/Spatializer/Plugins/Android/libs/arm64-v8a/libAudioPluginOculusSpatializer.so
  artifactKey: Guid(a57801270cf689244b48012cf9db1713) Importer(2089858483,192608db42251d675da83286b1cce702)
Start importing Assets/Oculus/Spatializer/Plugins/Android/libs/arm64-v8a/libAudioPluginOculusSpatializer.so using Guid(a57801270cf689244b48012cf9db1713) Importer(2089858483,192608db42251d675da83286b1cce702) (ScriptedImporter) -> (artifact id: 'f27a8c508f3ea0e4c58876dd8fa54fc5') in 0.0135837 seconds
Number of updated asset objects reloaded before import = 0Number of asset objects unloaded after import = 0

========================================================================
Received Import Request.
  Time since last request: 0.000012 seconds.
  path: Assets/Oculus/SampleFramework/Usage/TouchPro/Prefabs/Ui/UiAxis1dInspectorPf.prefab
  artifactKey: Guid(f68c9906e47541d4788727341a012a42) Importer(2089858483,192608db42251d675da83286b1cce702)
Start importing Assets/Oculus/SampleFramework/Usage/TouchPro/Prefabs/Ui/UiAxis1dInspectorPf.prefab using Guid(f68c9906e47541d4788727341a012a42) Importer(2089858483,192608db42251d675da83286b1cce702) (ScriptedImporter) -> (artifact id: '2cc8f247913398f26024587fffe8f6ac') in 0.0172664 seconds
Number of updated asset objects reloaded before import = 0Number of asset objects unloaded after import = 35

========================================================================
Received Import Request.
  Time since last request: 0.000015 seconds.
  path: Assets/Oculus/Interaction/Samples/Objects/Environment/Screen/Materials/ScreenMaterial.mat
  artifactKey: Guid(e5fb989c2cb62ef468f6537caf5190f2) Importer(2089858483,192608db42251d675da83286b1cce702)
Start importing Assets/Oculus/Interaction/Samples/Objects/Environment/Screen/Materials/ScreenMaterial.mat using Guid(e5fb989c2cb62ef468f6537caf5190f2) Importer(2089858483,192608db42251d675da83286b1cce702) (ScriptedImporter) -> (artifact id: '7b400d26a9252b62d74849d857390f32') in 0.0143792 seconds
Number of updated asset objects reloaded before import = 0Number of asset objects unloaded after import = 2

========================================================================
Received Import Request.
  Time since last request: 0.000021 seconds.
  path: Assets/Oculus/Voice/Lib/Wit.ai/Lib/Conduit/Editor/IParameterValidator.cs
  artifactKey: Guid(19ebea7c712c4d2697468d30e8477742) Importer(2089858483,192608db42251d675da83286b1cce702)
Start importing Assets/Oculus/Voice/Lib/Wit.ai/Lib/Conduit/Editor/IParameterValidator.cs using Guid(19ebea7c712c4d2697468d30e8477742) Importer(2089858483,192608db42251d675da83286b1cce702) (ScriptedImporter) -> (artifact id: '7f783a458e095af6ff9da0dd192d2086') in 0.0120207 seconds
Number of updated asset objects reloaded before import = 0Number of asset objects unloaded after import = 0

========================================================================
Received Import Request.
  Time since last request: 0.000012 seconds.
  path: Assets/Oculus/Interaction/Runtime/Scripts/Interaction/Models/Locomotion/Teleport/TeleportInteractable.cs
  artifactKey: Guid(4462db6b836045640a882a2a4e4022f7) Importer(2089858483,192608db42251d675da83286b1cce702)
Start importing Assets/Oculus/Interaction/Runtime/Scripts/Interaction/Models/Locomotion/Teleport/TeleportInteractable.cs using Guid(4462db6b836045640a882a2a4e4022f7) Importer(2089858483,192608db42251d675da83286b1cce702) (ScriptedImporter) -> (artifact id: '268ad387e4118690bc4d5f2a20565a9d') in 0.0169651 seconds
Number of updated asset objects reloaded before import = 0Number of asset objects unloaded after import = 0

========================================================================
Received Import Request.
  Time since last request: 0.000014 seconds.
  path: Assets/Oculus/VR/Editor/BuildingBlocks/BlockData/RoomModel/Prefabs/PlaneMesh.prefab
  artifactKey: Guid(3ecf103c2a191704eb3046d6765665ed) Importer(2089858483,192608db42251d675da83286b1cce702)
Start importing Assets/Oculus/VR/Editor/BuildingBlocks/BlockData/RoomModel/Prefabs/PlaneMesh.prefab using Guid(3ecf103c2a191704eb3046d6765665ed) Importer(2089858483,192608db42251d675da83286b1cce702) (ScriptedImporter) -> (artifact id: 'd23080a760c0dd7408d11ee1899653cd') in 0.0201241 seconds
Number of updated asset objects reloaded before import = 0Number of asset objects unloaded after import = 26

========================================================================
Received Import Request.
  Time since last request: 0.000023 seconds.
  path: Assets/Oculus/Interaction/Runtime/Scripts/Interaction/Models/Locomotion/Turn/LocomotionTurnerInteractorEventsWrapper.cs
  artifactKey: Guid(844c1cd4384ce9842aa33815b2b35c6d) Importer(2089858483,192608db42251d675da83286b1cce702)
Start importing Assets/Oculus/Interaction/Runtime/Scripts/Interaction/Models/Locomotion/Turn/LocomotionTurnerInteractorEventsWrapper.cs using Guid(844c1cd4384ce9842aa33815b2b35c6d) Importer(2089858483,192608db42251d675da83286b1cce702) (ScriptedImporter) -> (artifact id: '5f5c74b0e509eaacdc49de4afd26d200') in 0.014597 seconds
Number of updated asset objects reloaded before import = 0Number of asset objects unloaded after import = 0

========================================================================
Received Import Request.
  Time since last request: 0.000017 seconds.
  path: Assets/Oculus/Voice/Lib/Wit.ai/Scripts/Runtime/Interfaces/ITranscriptionEventProvider.cs
  artifactKey: Guid(bcc4af1b97b2b4068bf701f8b98f1b20) Importer(2089858483,192608db42251d675da83286b1cce702)
Start importing Assets/Oculus/Voice/Lib/Wit.ai/Scripts/Runtime/Interfaces/ITranscriptionEventProvider.cs using Guid(bcc4af1b97b2b4068bf701f8b98f1b20) Importer(2089858483,192608db42251d675da83286b1cce702) (ScriptedImporter) -> (artifact id: '85d509b5e5e8378b2328c59ca676bdc7') in 0.0146552 seconds
Number of updated asset objects reloaded before import = 0Number of asset objects unloaded after import = 0

========================================================================
Received Import Request.
  Time since last request: 0.000015 seconds.
  path: Assets/Oculus/VR/Editor/BuildingBlocks/BlockData/RoomModel/Materials/Red.mat
  artifactKey: Guid(891cb734b1022d246a31907346236591) Importer(2089858483,192608db42251d675da83286b1cce702)
Start importing Assets/Oculus/VR/Editor/BuildingBlocks/BlockData/RoomModel/Materials/Red.mat using Guid(891cb734b1022d246a31907346236591) Importer(2089858483,192608db42251d675da83286b1cce702) (ScriptedImporter) -> (artifact id: '65273105e60fc6c6be76201c5417ccfd') in 0.0147572 seconds
Number of updated asset objects reloaded before import = 0Number of asset objects unloaded after import = 1

========================================================================
Received Import Request.
  Time since last request: 0.000017 seconds.
  path: Assets/Oculus/Voice/Lib/Wit.ai/Scripts/Runtime/Events/WitRequestOptionsEvent.cs
  artifactKey: Guid(c6d84414ef13f4c44a49c1311a65818b) Importer(2089858483,192608db42251d675da83286b1cce702)
Start importing Assets/Oculus/Voice/Lib/Wit.ai/Scripts/Runtime/Events/WitRequestOptionsEvent.cs using Guid(c6d84414ef13f4c44a49c1311a65818b) Importer(2089858483,192608db42251d675da83286b1cce702) (ScriptedImporter) -> (artifact id: 'b284c32c99fc7f9900dcfb17067c44fd') in 0.0145117 seconds
Number of updated asset objects reloaded before import = 0Number of asset objects unloaded after import = 0

========================================================================
Received Import Request.
  Time since last request: 0.000023 seconds.
  path: Assets/Oculus/VR/Editor/BuildingBlocks/BlockData/SurfaceProjectedPassthrough/Prefabs/Surface-projectedPTplane.prefab
  artifactKey: Guid(d86075f5e938af942905e75439b41cb7) Importer(2089858483,192608db42251d675da83286b1cce702)
Start importing Assets/Oculus/VR/Editor/BuildingBlocks/BlockData/SurfaceProjectedPassthrough/Prefabs/Surface-projectedPTplane.prefab using Guid(d86075f5e938af942905e75439b41cb7) Importer(2089858483,192608db42251d675da83286b1cce702) (ScriptedImporter) -> (artifact id: '0cdd9d8d857dbd6ee47f41e500d0f066') in 0.0159825 seconds
Number of updated asset objects reloaded before import = 0Number of asset objects unloaded after import = 9

========================================================================
Received Import Request.
  Time since last request: 0.000016 seconds.
  path: Assets/Oculus/Voice/Lib/Wit.ai/Scripts/Runtime/Utilities/GameObjectSearchUtility.cs
  artifactKey: Guid(56bfa5a57ef40774c8506e7cebc7c154) Importer(2089858483,192608db42251d675da83286b1cce702)
Start importing Assets/Oculus/Voice/Lib/Wit.ai/Scripts/Runtime/Utilities/GameObjectSearchUtility.cs using Guid(56bfa5a57ef40774c8506e7cebc7c154) Importer(2089858483,192608db42251d675da83286b1cce702) (ScriptedImporter) -> (artifact id: '10b6ca6f2557eed1a45568d5bc96657c') in 0.0138121 seconds
Number of updated asset objects reloaded before import = 0Number of asset objects unloaded after import = 0

========================================================================
Received Import Request.
  Time since last request: 0.000016 seconds.
  path: Assets/Oculus/Voice/Lib/Wit.ai/Scripts/Runtime/Interfaces/IAudioInputSource.cs
  artifactKey: Guid(81c62281766f8244abee4cbc076cc41c) Importer(2089858483,192608db42251d675da83286b1cce702)
Start importing Assets/Oculus/Voice/Lib/Wit.ai/Scripts/Runtime/Interfaces/IAudioInputSource.cs using Guid(81c62281766f8244abee4cbc076cc41c) Importer(2089858483,192608db42251d675da83286b1cce702) (ScriptedImporter) -> (artifact id: '15efb384a04cbd2b3e952e72b9e15a9e') in 0.0132007 seconds
Number of updated asset objects reloaded before import = 0Number of asset objects unloaded after import = 0

========================================================================
Received Import Request.
  Time since last request: 0.000013 seconds.
  path: Assets/Oculus/Interaction/Runtime/Scripts/Selection/Controllers/ControllerOffset.cs
  artifactKey: Guid(488896fe86105104a8453d9f173cf62a) Importer(2089858483,192608db42251d675da83286b1cce702)
Start importing Assets/Oculus/Interaction/Runtime/Scripts/Selection/Controllers/ControllerOffset.cs using Guid(488896fe86105104a8453d9f173cf62a) Importer(2089858483,192608db42251d675da83286b1cce702) (ScriptedImporter) -> (artifact id: 'acaa53c317740e443d2222990d034f50') in 0.0124942 seconds
Number of updated asset objects reloaded before import = 0Number of asset objects unloaded after import = 0

========================================================================
Received Import Request.
  Time since last request: 0.000018 seconds.
  path: Assets/Oculus/Voice/Features/Dictation/Samples/Dictation/Materials/Skybox.mat
  artifactKey: Guid(a179d7f204d6abd488033e6085dd7043) Importer(2089858483,192608db42251d675da83286b1cce702)
Start importing Assets/Oculus/Voice/Features/Dictation/Samples/Dictation/Materials/Skybox.mat using Guid(a179d7f204d6abd488033e6085dd7043) Importer(2089858483,192608db42251d675da83286b1cce702) (ScriptedImporter) -> (artifact id: 'bc0fa097601aad802d7e287fe6d057c9') in 0.0142668 seconds
Number of updated asset objects reloaded before import = 0Number of asset objects unloaded after import = 1

========================================================================
Received Import Request.
  Time since last request: 0.000012 seconds.
  path: Assets/Oculus/VR/Editor/OVRProjectSetup/Tasks/Processors/OVRConfigurationTaskUpdaterSummary.cs
  artifactKey: Guid(c1baa7891a0f4c63ad746d7e1b35faef) Importer(2089858483,192608db42251d675da83286b1cce702)
Start importing Assets/Oculus/VR/Editor/OVRProjectSetup/Tasks/Processors/OVRConfigurationTaskUpdaterSummary.cs using Guid(c1baa7891a0f4c63ad746d7e1b35faef) Importer(2089858483,192608db42251d675da83286b1cce702) (ScriptedImporter) -> (artifact id: 'a371b16335e12fa3cab224c74a1f84a3') in 0.0122213 seconds
Number of updated asset objects reloaded before import = 0Number of asset objects unloaded after import = 0

========================================================================
Received Import Request.
  Time since last request: 0.000014 seconds.
  path: Assets/Oculus/Interaction/Runtime/Scripts/Interaction/Models/Locomotion/ILocomotionEventHandler.cs
  artifactKey: Guid(a1a1f7e685d84bd419d831e5df3a51a1) Importer(2089858483,192608db42251d675da83286b1cce702)
Start importing Assets/Oculus/Interaction/Runtime/Scripts/Interaction/Models/Locomotion/ILocomotionEventHandler.cs using Guid(a1a1f7e685d84bd419d831e5df3a51a1) Importer(2089858483,192608db42251d675da83286b1cce702) (ScriptedImporter) -> (artifact id: 'bcbf6ed95a55f459e585ec313f9b9f0a') in 0.0126662 seconds
Number of updated asset objects reloaded before import = 0Number of asset objects unloaded after import = 0

========================================================================
Received Import Request.
  Time since last request: 0.000024 seconds.
  path: Assets/Oculus/Voice/Features/Telemetry/Scripts/Editor/Telemetry.cs
  artifactKey: Guid(1e8985a06df93f24faf31608179bbb41) Importer(2089858483,192608db42251d675da83286b1cce702)
Start importing Assets/Oculus/Voice/Features/Telemetry/Scripts/Editor/Telemetry.cs using Guid(1e8985a06df93f24faf31608179bbb41) Importer(2089858483,192608db42251d675da83286b1cce702) (ScriptedImporter) -> (artifact id: '400df810ff9424b53739a532c047214a') in 0.0124081 seconds
Number of updated asset objects reloaded before import = 0Number of asset objects unloaded after import = 0

========================================================================
Received Import Request.
  Time since last request: 0.000012 seconds.
  path: Assets/Oculus/Voice/Lib/Wit.ai/Lib/Conduit/Editor/AssemblyInfo.cs
  artifactKey: Guid(c1835100836f463b924fc601b7b7a8c5) Importer(2089858483,192608db42251d675da83286b1cce702)
Start importing Assets/Oculus/Voice/Lib/Wit.ai/Lib/Conduit/Editor/AssemblyInfo.cs using Guid(c1835100836f463b924fc601b7b7a8c5) Importer(2089858483,192608db42251d675da83286b1cce702) (ScriptedImporter) -> (artifact id: '9defb868b56efec1dd0eb2c47954a4d7') in 0.0142604 seconds
Number of updated asset objects reloaded before import = 0Number of asset objects unloaded after import = 0

========================================================================
Received Import Request.
  Time since last request: 0.000012 seconds.
  path: Assets/Oculus/Interaction/Samples/Objects/Props/BigRedButton/Sounds/ButtonHit.ogg
  artifactKey: Guid(e98bc45c5ab32d94f9fcea3ab3f0b38c) Importer(2089858483,192608db42251d675da83286b1cce702)
Start importing Assets/Oculus/Interaction/Samples/Objects/Props/BigRedButton/Sounds/ButtonHit.ogg using Guid(e98bc45c5ab32d94f9fcea3ab3f0b38c) Importer(2089858483,192608db42251d675da83286b1cce702) (ScriptedImporter) -> (artifact id: 'a49be53979971649be6491125e0155ca') in 0.0229429 seconds
Number of updated asset objects reloaded before import = 0Number of asset objects unloaded after import = 1

========================================================================
Received Import Request.
  Time since last request: 0.000016 seconds.
  path: Assets/Oculus/Interaction/Runtime/Scripts/Interaction/Models/DropZone/DropZoneInteractor.cs
  artifactKey: Guid(2746c251a8363df4f9d4b30ee6414bd9) Importer(2089858483,192608db42251d675da83286b1cce702)
Start importing Assets/Oculus/Interaction/Runtime/Scripts/Interaction/Models/DropZone/DropZoneInteractor.cs using Guid(2746c251a8363df4f9d4b30ee6414bd9) Importer(2089858483,192608db42251d675da83286b1cce702) (ScriptedImporter) -> (artifact id: '7feff59c837f4d143760bf45eaf5b5e8') in 0.016303 seconds
Number of updated asset objects reloaded before import = 0Number of asset objects unloaded after import = 0

========================================================================
Received Import Request.
  Time since last request: 0.000013 seconds.
  path: Assets/Oculus/Interaction/Samples/Objects/Props/Key/Materials/keyMaterial.mat
  artifactKey: Guid(7fb7d92b75a939a4cad4df798b6dd591) Importer(2089858483,192608db42251d675da83286b1cce702)
Start importing Assets/Oculus/Interaction/Samples/Objects/Props/Key/Materials/keyMaterial.mat using Guid(7fb7d92b75a939a4cad4df798b6dd591) Importer(2089858483,192608db42251d675da83286b1cce702) (ScriptedImporter) -> (artifact id: 'f8abd972a303b0903da1e600b75dee46') in 0.0179788 seconds
Number of updated asset objects reloaded before import = 0Number of asset objects unloaded after import = 2

========================================================================
Received Import Request.
  Time since last request: 0.000016 seconds.
  path: Assets/Oculus/Interaction/Samples/Objects/Environment/Tooltips/Dialog.prefab
  artifactKey: Guid(bf018bf093319f840a7314cb25167d8c) Importer(2089858483,192608db42251d675da83286b1cce702)
Start importing Assets/Oculus/Interaction/Samples/Objects/Environment/Tooltips/Dialog.prefab using Guid(bf018bf093319f840a7314cb25167d8c) Importer(2089858483,192608db42251d675da83286b1cce702) (ScriptedImporter) -> (artifact id: '605c4064d35785db7ff1409c0308be46') in 0.0414858 seconds
Number of updated asset objects reloaded before import = 0Number of asset objects unloaded after import = 44

========================================================================
Received Import Request.
  Time since last request: 0.000027 seconds.
  path: Assets/Oculus/Voice/Lib/Wit.ai/Scripts/Runtime/Interfaces/IAudioEventProvider.cs
  artifactKey: Guid(570d08776327c4fc3ba11f39cc805c63) Importer(2089858483,192608db42251d675da83286b1cce702)
Start importing Assets/Oculus/Voice/Lib/Wit.ai/Scripts/Runtime/Interfaces/IAudioEventProvider.cs using Guid(570d08776327c4fc3ba11f39cc805c63) Importer(2089858483,192608db42251d675da83286b1cce702) (ScriptedImporter) -> (artifact id: '50e06caa63d30f262591e5a0227de2e4') in 0.0130542 seconds
Number of updated asset objects reloaded before import = 0Number of asset objects unloaded after import = 0

========================================================================
Received Import Request.
  Time since last request: 0.000018 seconds.
  path: Assets/Oculus/Voice/Lib/Wit.ai/Features/Dictation/Scripts/Editor/Facebook.Wit.Dictation.Editor.asmdef
  artifactKey: Guid(f8a301fcccd2a404a9820dc1e9c0d5c3) Importer(2089858483,192608db42251d675da83286b1cce702)
Start importing Assets/Oculus/Voice/Lib/Wit.ai/Features/Dictation/Scripts/Editor/Facebook.Wit.Dictation.Editor.asmdef using Guid(f8a301fcccd2a404a9820dc1e9c0d5c3) Importer(2089858483,192608db42251d675da83286b1cce702) (ScriptedImporter) -> (artifact id: '1759558c90d9c5dd666c785a125ec46c') in 0.015459 seconds
Number of updated asset objects reloaded before import = 0Number of asset objects unloaded after import = 1

========================================================================
Received Import Request.
  Time since last request: 0.000013 seconds.
  path: Assets/Oculus/Interaction/Runtime/Scripts/Interaction/Models/Poke/Visuals/HandPokeLimiterVisual.cs
  artifactKey: Guid(cb028ce99f9700e4197a49bfdcd525dd) Importer(2089858483,192608db42251d675da83286b1cce702)
Start importing Assets/Oculus/Interaction/Runtime/Scripts/Interaction/Models/Poke/Visuals/HandPokeLimiterVisual.cs using Guid(cb028ce99f9700e4197a49bfdcd525dd) Importer(2089858483,192608db42251d675da83286b1cce702) (ScriptedImporter) -> (artifact id: '0c0bdb73f4032647fccc2b7e1b2a782a') in 0.0132607 seconds
Number of updated asset objects reloaded before import = 0Number of asset objects unloaded after import = 0

========================================================================
Received Import Request.
  Time since last request: 0.000012 seconds.
  path: Assets/Oculus/Interaction/Samples/Objects/Environment/Locomotion/Models/Materials/LocomotionRugMat.mat
  artifactKey: Guid(62dbb38de162ebe4a8477298e58468be) Importer(2089858483,192608db42251d675da83286b1cce702)
Start importing Assets/Oculus/Interaction/Samples/Objects/Environment/Locomotion/Models/Materials/LocomotionRugMat.mat using Guid(62dbb38de162ebe4a8477298e58468be) Importer(2089858483,192608db42251d675da83286b1cce702) (ScriptedImporter) -> (artifact id: '8fe0a973198de1139f12e1bff6e68a40') in 0.0190363 seconds
Number of updated asset objects reloaded before import = 0Number of asset objects unloaded after import = 3

========================================================================
Received Import Request.
  Time since last request: 0.000012 seconds.
  path: Assets/Oculus/Interaction/Runtime/Scripts/Interaction/Models/Ray/Visuals/RayInteractorPinchVisual.cs
  artifactKey: Guid(bea6571c974f89440b3379b928084e50) Importer(2089858483,192608db42251d675da83286b1cce702)
Start importing Assets/Oculus/Interaction/Runtime/Scripts/Interaction/Models/Ray/Visuals/RayInteractorPinchVisual.cs using Guid(bea6571c974f89440b3379b928084e50) Importer(2089858483,192608db42251d675da83286b1cce702) (ScriptedImporter) -> (artifact id: '3c9cdfc5bc0d1e56f3684bbd5b56e6b0') in 0.0134529 seconds
Number of updated asset objects reloaded before import = 0Number of asset objects unloaded after import = 0

========================================================================
Received Import Request.
  Time since last request: 0.000016 seconds.
  path: Assets/Oculus/Voice/Lib/Wit.ai/Features/TTS/Samples/Scripts/TTSCacheToggle.cs
  artifactKey: Guid(e7aad95c862d94f4f912114f5fd46959) Importer(2089858483,192608db42251d675da83286b1cce702)
Start importing Assets/Oculus/Voice/Lib/Wit.ai/Features/TTS/Samples/Scripts/TTSCacheToggle.cs using Guid(e7aad95c862d94f4f912114f5fd46959) Importer(2089858483,192608db42251d675da83286b1cce702) (ScriptedImporter) -> (artifact id: '8ce411891de2d9edfed1a793c965a106') in 0.0151139 seconds
Number of updated asset objects reloaded before import = 0Number of asset objects unloaded after import = 0

========================================================================
Received Import Request.
  Time since last request: 0.000017 seconds.
  path: Assets/Oculus/Interaction/Runtime/Scripts/PoseDetection/Debug/ActiveStateModel.cs
  artifactKey: Guid(3ed4598c08239c94fa439c2921b27349) Importer(2089858483,192608db42251d675da83286b1cce702)
Start importing Assets/Oculus/Interaction/Runtime/Scripts/PoseDetection/Debug/ActiveStateModel.cs using Guid(3ed4598c08239c94fa439c2921b27349) Importer(2089858483,192608db42251d675da83286b1cce702) (ScriptedImporter) -> (artifact id: '81651f515a484b0dfabadf1c27cf57f9') in 0.0140338 seconds
Number of updated asset objects reloaded before import = 0Number of asset objects unloaded after import = 0

========================================================================
Received Import Request.
  Time since last request: 0.000022 seconds.
  path: Assets/Oculus/Interaction/Runtime/Scripts/Interaction/Transformable/OneHandTranslateTransformer.cs
  artifactKey: Guid(9aaac2eda9c471a48854ab06cc993849) Importer(2089858483,192608db42251d675da83286b1cce702)
Start importing Assets/Oculus/Interaction/Runtime/Scripts/Interaction/Transformable/OneHandTranslateTransformer.cs using Guid(9aaac2eda9c471a48854ab06cc993849) Importer(2089858483,192608db42251d675da83286b1cce702) (ScriptedImporter) -> (artifact id: '66cfc8576c7bdb66388027fc78697125') in 0.0127195 seconds
Number of updated asset objects reloaded before import = 0Number of asset objects unloaded after import = 0

========================================================================
Received Import Request.
  Time since last request: 0.000016 seconds.
  path: Assets/Oculus/Voice/Lib/Wit.ai/Scripts/Runtime/WrapHttpWebRequest.cs
  artifactKey: Guid(3e180ecb977ce284cb14fc2af3f018f5) Importer(2089858483,192608db42251d675da83286b1cce702)
Start importing Assets/Oculus/Voice/Lib/Wit.ai/Scripts/Runtime/WrapHttpWebRequest.cs using Guid(3e180ecb977ce284cb14fc2af3f018f5) Importer(2089858483,192608db42251d675da83286b1cce702) (ScriptedImporter) -> (artifact id: '220f0b975244e2b3cfd412cfce3584b9') in 0.0161592 seconds
Number of updated asset objects reloaded before import = 0Number of asset objects unloaded after import = 0

========================================================================
Received Import Request.
  Time since last request: 0.000015 seconds.
  path: Assets/Oculus/Interaction/Runtime/Scripts/PoseDetection/Debug/HandShapeSkeletalDebugVisual.cs
  artifactKey: Guid(86fda5ce347f35d44a5c6faee65c6679) Importer(2089858483,192608db42251d675da83286b1cce702)
Start importing Assets/Oculus/Interaction/Runtime/Scripts/PoseDetection/Debug/HandShapeSkeletalDebugVisual.cs using Guid(86fda5ce347f35d44a5c6faee65c6679) Importer(2089858483,192608db42251d675da83286b1cce702) (ScriptedImporter) -> (artifact id: '9651d4bb4bbe9ce42e6a0e44b79eb1a7') in 0.0150592 seconds
Number of updated asset objects reloaded before import = 0Number of asset objects unloaded after import = 0

========================================================================
Received Import Request.
  Time since last request: 0.000022 seconds.
  path: Assets/Oculus/Interaction/Runtime/Scripts/Input/Hands/DataModifiers/SyntheticHand.cs
  artifactKey: Guid(5c67033f580359c4581dff1ccffcca91) Importer(2089858483,192608db42251d675da83286b1cce702)
Start importing Assets/Oculus/Interaction/Runtime/Scripts/Input/Hands/DataModifiers/SyntheticHand.cs using Guid(5c67033f580359c4581dff1ccffcca91) Importer(2089858483,192608db42251d675da83286b1cce702) (ScriptedImporter) -> (artifact id: '5a204f9e2843851dc65e3efcc8a52eb0') in 0.0141248 seconds
Number of updated asset objects reloaded before import = 0Number of asset objects unloaded after import = 0

========================================================================
Received Import Request.
  Time since last request: 0.000016 seconds.
  path: Assets/Oculus/Interaction/Samples/Scripts/HandGrabUse/Effects/WaterSpray/WaterSpray.mat
  artifactKey: Guid(44092c54cacca1046ac25e52c878a0c7) Importer(2089858483,192608db42251d675da83286b1cce702)
Start importing Assets/Oculus/Interaction/Samples/Scripts/HandGrabUse/Effects/WaterSpray/WaterSpray.mat using Guid(44092c54cacca1046ac25e52c878a0c7) Importer(2089858483,192608db42251d675da83286b1cce702) (ScriptedImporter) -> (artifact id: '4173a435f85c3bc3d19a262e78c7553d') in 0.0156244 seconds
Number of updated asset objects reloaded before import = 0Number of asset objects unloaded after import = 2

========================================================================
Received Import Request.
  Time since last request: 0.000014 seconds.
  path: Assets/Oculus/Interaction/Samples/Objects/Props/TennisBall/TennisBallMat.mat
  artifactKey: Guid(53012a4d0e99aa04896d0e03bb07287f) Importer(2089858483,192608db42251d675da83286b1cce702)
Start importing Assets/Oculus/Interaction/Samples/Objects/Props/TennisBall/TennisBallMat.mat using Guid(53012a4d0e99aa04896d0e03bb07287f) Importer(2089858483,192608db42251d675da83286b1cce702) (ScriptedImporter) -> (artifact id: '5b8ba5d16dc68c87cb3d36e650e6cbc5') in 0.0154789 seconds
Number of updated asset objects reloaded before import = 0Number of asset objects unloaded after import = 2

========================================================================
Received Import Request.
  Time since last request: 0.000022 seconds.
  path: Assets/Oculus/Voice/Lib/Wit.ai/Scripts/Editor/Data/WitDataCreation.cs
  artifactKey: Guid(40da7661eee64aaa81d3a0886ce34911) Importer(2089858483,192608db42251d675da83286b1cce702)
Start importing Assets/Oculus/Voice/Lib/Wit.ai/Scripts/Editor/Data/WitDataCreation.cs using Guid(40da7661eee64aaa81d3a0886ce34911) Importer(2089858483,192608db42251d675da83286b1cce702) (ScriptedImporter) -> (artifact id: 'dcfb74908e09a7ace1403e4e64bc7b8f') in 0.0161791 seconds
Number of updated asset objects reloaded before import = 0Number of asset objects unloaded after import = 0

========================================================================
Received Import Request.
  Time since last request: 0.000016 seconds.
  path: Assets/Oculus/Interaction/Samples/Objects/Props/StonePolyhedra/StoneTetrahedron.prefab
  artifactKey: Guid(31e61fab4487ba940a445bdfb90c53bb) Importer(2089858483,192608db42251d675da83286b1cce702)
Start importing Assets/Oculus/Interaction/Samples/Objects/Props/StonePolyhedra/StoneTetrahedron.prefab using Guid(31e61fab4487ba940a445bdfb90c53bb) Importer(2089858483,192608db42251d675da83286b1cce702) (ScriptedImporter) -> (artifact id: '50baa1877bfe9d0d4d600b27a245a775') in 0.0444048 seconds
Number of updated asset objects reloaded before import = 0Number of asset objects unloaded after import = 147

========================================================================
Received Import Request.
  Time since last request: 0.000025 seconds.
  path: Assets/Oculus/Interaction/Runtime/Scripts/Interaction/Models/HandGrab/GrabPoseFinder.cs
  artifactKey: Guid(534b7c998bd48b040ac365ad13ff6ab8) Importer(2089858483,192608db42251d675da83286b1cce702)
Start importing Assets/Oculus/Interaction/Runtime/Scripts/Interaction/Models/HandGrab/GrabPoseFinder.cs using Guid(534b7c998bd48b040ac365ad13ff6ab8) Importer(2089858483,192608db42251d675da83286b1cce702) (ScriptedImporter) -> (artifact id: '6b2c7bc7b0f51086063c6a436fd6e7c6') in 0.0151614 seconds
Number of updated asset objects reloaded before import = 0Number of asset objects unloaded after import = 0

========================================================================
Received Import Request.
  Time since last request: 0.000014 seconds.
  path: Assets/Oculus/Voice/Lib/Wit.ai/Scripts/Runtime/Interfaces/ISpeechEvents.cs
  artifactKey: Guid(761c63b23afa4f64b9dbbccb4005cc49) Importer(2089858483,192608db42251d675da83286b1cce702)
Start importing Assets/Oculus/Voice/Lib/Wit.ai/Scripts/Runtime/Interfaces/ISpeechEvents.cs using Guid(761c63b23afa4f64b9dbbccb4005cc49) Importer(2089858483,192608db42251d675da83286b1cce702) (ScriptedImporter) -> (artifact id: 'c7b7f7c3530df7c06efc286b04476aa1') in 0.0133153 seconds
Number of updated asset objects reloaded before import = 0Number of asset objects unloaded after import = 0

========================================================================
Received Import Request.
  Time since last request: 0.000015 seconds.
  path: Assets/Oculus/Voice/Lib/Wit.ai/Scripts/Runtime/Data/WitStringValue.cs
  artifactKey: Guid(872feba58ea14c069669a1d25959b22c) Importer(2089858483,192608db42251d675da83286b1cce702)
Start importing Assets/Oculus/Voice/Lib/Wit.ai/Scripts/Runtime/Data/WitStringValue.cs using Guid(872feba58ea14c069669a1d25959b22c) Importer(2089858483,192608db42251d675da83286b1cce702) (ScriptedImporter) -> (artifact id: '83f5a6ced1908de5fc74de1d49698224') in 0.0160171 seconds
Number of updated asset objects reloaded before import = 0Number of asset objects unloaded after import = 0

========================================================================
Received Import Request.
  Time since last request: 0.000015 seconds.
  path: Assets/Oculus/SampleFramework/Usage/TouchPro/Prefabs/Ui/UiPanelGroupPf.prefab
  artifactKey: Guid(50fdc7791c1824048b0ba560f3bf7e1c) Importer(2089858483,192608db42251d675da83286b1cce702)
Start importing Assets/Oculus/SampleFramework/Usage/TouchPro/Prefabs/Ui/UiPanelGroupPf.prefab using Guid(50fdc7791c1824048b0ba560f3bf7e1c) Importer(2089858483,192608db42251d675da83286b1cce702) (ScriptedImporter) -> (artifact id: '1f808d8c0db1709d5221f69ed3fb8ec7') in 0.0336279 seconds
Number of updated asset objects reloaded before import = 0Number of asset objects unloaded after import = 812

========================================================================
Received Import Request.
  Time since last request: 0.000029 seconds.
  path: Assets/Oculus/Voice/Lib/Wit.ai/Lib/Wit/Runtime/Attributes/HideWhenSetAttribute.cs
  artifactKey: Guid(8bc7f1d8905db524f9f200ba8b4a0238) Importer(2089858483,192608db42251d675da83286b1cce702)
Start importing Assets/Oculus/Voice/Lib/Wit.ai/Lib/Wit/Runtime/Attributes/HideWhenSetAttribute.cs using Guid(8bc7f1d8905db524f9f200ba8b4a0238) Importer(2089858483,192608db42251d675da83286b1cce702) (ScriptedImporter) -> (artifact id: '17a629a7fa313d1ae581272978ea8028') in 0.0189673 seconds
Number of updated asset objects reloaded before import = 0Number of asset objects unloaded after import = 0

========================================================================
Received Import Request.
  Time since last request: 0.000012 seconds.
  path: Assets/Oculus/Voice/Lib/Wit.ai/Lib/Conduit/Editor/Training/StepRunner.cs
  artifactKey: Guid(b0a056f71df1467fbcb9062f43f314e3) Importer(2089858483,192608db42251d675da83286b1cce702)
Start importing Assets/Oculus/Voice/Lib/Wit.ai/Lib/Conduit/Editor/Training/StepRunner.cs using Guid(b0a056f71df1467fbcb9062f43f314e3) Importer(2089858483,192608db42251d675da83286b1cce702) (ScriptedImporter) -> (artifact id: 'f98c9f50b3ac2b869d21e28682d719aa') in 0.0127759 seconds
Number of updated asset objects reloaded before import = 0Number of asset objects unloaded after import = 0

========================================================================
Received Import Request.
  Time since last request: 0.000011 seconds.
  path: Assets/Oculus/Voice/Lib/Wit.ai/Lib/Wit/Editor/Requests/IWitInfoVRequest.cs
  artifactKey: Guid(7d56267d59fd48de953066810769f48f) Importer(2089858483,192608db42251d675da83286b1cce702)
Start importing Assets/Oculus/Voice/Lib/Wit.ai/Lib/Wit/Editor/Requests/IWitInfoVRequest.cs using Guid(7d56267d59fd48de953066810769f48f) Importer(2089858483,192608db42251d675da83286b1cce702) (ScriptedImporter) -> (artifact id: '4d2e1118fb76145f42644ddb38358417') in 0.0236961 seconds
Number of updated asset objects reloaded before import = 0Number of asset objects unloaded after import = 0

========================================================================
Received Import Request.
  Time since last request: 0.000013 seconds.
  path: Assets/Oculus/Voice/Lib/Wit.ai/Lib/Conduit/Runtime/Attributes/ConduitAssemblyAttribute.cs
  artifactKey: Guid(9ed85cdaec084568bf8d3e03c2e68e95) Importer(2089858483,192608db42251d675da83286b1cce702)
Start importing Assets/Oculus/Voice/Lib/Wit.ai/Lib/Conduit/Runtime/Attributes/ConduitAssemblyAttribute.cs using Guid(9ed85cdaec084568bf8d3e03c2e68e95) Importer(2089858483,192608db42251d675da83286b1cce702) (ScriptedImporter) -> (artifact id: 'bcd0ae9eb18ed1de7c2029fcc9f576f1') in 0.0133983 seconds
Number of updated asset objects reloaded before import = 0Number of asset objects unloaded after import = 0

========================================================================
Received Import Request.
  Time since last request: 0.000014 seconds.
  path: Assets/Oculus/Interaction/OVRIntegration/Editor/Blocks/Interactors/Prefabs/[BB] Hand Ray.prefab
  artifactKey: Guid(ab143fb33d1c042989fb5b744cd67a2e) Importer(2089858483,192608db42251d675da83286b1cce702)
Start importing Assets/Oculus/Interaction/OVRIntegration/Editor/Blocks/Interactors/Prefabs/[BB] Hand Ray.prefab using Guid(ab143fb33d1c042989fb5b744cd67a2e) Importer(2089858483,192608db42251d675da83286b1cce702) (ScriptedImporter) -> (artifact id: '1026e773737375c0e0c3a40a83d3f55d') in 0.0228117 seconds
Number of updated asset objects reloaded before import = 0Number of asset objects unloaded after import = 44

========================================================================
Received Import Request.
  Time since last request: 0.000014 seconds.
  path: Assets/Oculus/VR/Editor/BuildingBlocks/BlockData/RoomModel/Materials/Volume.mat
  artifactKey: Guid(0782a5e8bf9913b4abc8036e1ac4c3a5) Importer(2089858483,192608db42251d675da83286b1cce702)
Start importing Assets/Oculus/VR/Editor/BuildingBlocks/BlockData/RoomModel/Materials/Volume.mat using Guid(0782a5e8bf9913b4abc8036e1ac4c3a5) Importer(2089858483,192608db42251d675da83286b1cce702) (ScriptedImporter) -> (artifact id: 'c36557b5b52de9e24d258a00fdd87574') in 0.013907 seconds
Number of updated asset objects reloaded before import = 0Number of asset objects unloaded after import = 2

========================================================================
Received Import Request.
  Time since last request: 0.000014 seconds.
  path: Assets/Oculus/Interaction/Samples/Objects/Props/Locomotion/Materials/MetaLocoTutorialUIMat.fbx
  artifactKey: Guid(7cee51529ca3046bd8a94b96d93191ea) Importer(2089858483,192608db42251d675da83286b1cce702)
Start importing Assets/Oculus/Interaction/Samples/Objects/Props/Locomotion/Materials/MetaLocoTutorialUIMat.fbx using Guid(7cee51529ca3046bd8a94b96d93191ea) Importer(2089858483,192608db42251d675da83286b1cce702) (ScriptedImporter) -> (artifact id: '92d69ab5bf3a59c7a96a6655e5505a34') in 0.0188788 seconds
Number of updated asset objects reloaded before import = 0Number of asset objects unloaded after import = 8

========================================================================
Received Import Request.
  Time since last request: 0.000027 seconds.
  path: Assets/Oculus/SampleFramework/Usage/SceneManager/Prefabs/GenericPrefabs/Floor.prefab
  artifactKey: Guid(0db28632592e0804ea9d8edb800dec15) Importer(2089858483,192608db42251d675da83286b1cce702)
Start importing Assets/Oculus/SampleFramework/Usage/SceneManager/Prefabs/GenericPrefabs/Floor.prefab using Guid(0db28632592e0804ea9d8edb800dec15) Importer(2089858483,192608db42251d675da83286b1cce702) (ScriptedImporter) -> (artifact id: '8cf505c4a7a37db764ed977d888b43ad') in 0.0196626 seconds
Number of updated asset objects reloaded before import = 0Number of asset objects unloaded after import = 12

========================================================================
Received Import Request.
  Time since last request: 0.000019 seconds.
  path: Assets/Oculus/Voice/Lib/Wit.ai/Features/TTS/Samples/Scripts/TTSStatusLabel.cs
  artifactKey: Guid(443d56f5ec5b41c4aa647a2350247db1) Importer(2089858483,192608db42251d675da83286b1cce702)
Start importing Assets/Oculus/Voice/Lib/Wit.ai/Features/TTS/Samples/Scripts/TTSStatusLabel.cs using Guid(443d56f5ec5b41c4aa647a2350247db1) Importer(2089858483,192608db42251d675da83286b1cce702) (ScriptedImporter) -> (artifact id: 'a00c9e3a445a582e64079a2a081bea3e') in 0.0133739 seconds
Number of updated asset objects reloaded before import = 0Number of asset objects unloaded after import = 0

========================================================================
Received Import Request.
  Time since last request: 0.000012 seconds.
  path: Assets/Oculus/Voice/Lib/Wit.ai/Lib/Conduit/Editor/IPersistenceLayer.cs
  artifactKey: Guid(7a0e43cdc03343bf871fec29d56cb965) Importer(2089858483,192608db42251d675da83286b1cce702)
Start importing Assets/Oculus/Voice/Lib/Wit.ai/Lib/Conduit/Editor/IPersistenceLayer.cs using Guid(7a0e43cdc03343bf871fec29d56cb965) Importer(2089858483,192608db42251d675da83286b1cce702) (ScriptedImporter) -> (artifact id: '76e3fe4c721bdff1d2050941c2b4b5be') in 0.012918 seconds
Number of updated asset objects reloaded before import = 0Number of asset objects unloaded after import = 0

========================================================================
Received Import Request.
  Time since last request: 0.000014 seconds.
  path: Assets/Oculus/SampleFramework/Usage/SceneManager/Scripts/SimpleResizer/SimpleResizer.cs
  artifactKey: Guid(85f4ec0cb9fef7b4e9223c280e418389) Importer(2089858483,192608db42251d675da83286b1cce702)
Start importing Assets/Oculus/SampleFramework/Usage/SceneManager/Scripts/SimpleResizer/SimpleResizer.cs using Guid(85f4ec0cb9fef7b4e9223c280e418389) Importer(2089858483,192608db42251d675da83286b1cce702) (ScriptedImporter) -> (artifact id: 'da73d61c92b67a2e0c3aec9381a0a1c8') in 0.0113369 seconds
Number of updated asset objects reloaded before import = 0Number of asset objects unloaded after import = 0

========================================================================
Received Import Request.
  Time since last request: 0.000012 seconds.
  path: Assets/Oculus/Interaction/Samples/Objects/Props/Torch/Particles/Textures/poof4x4.tga
  artifactKey: Guid(27a66518aba33e545994d6eeb7403a65) Importer(2089858483,192608db42251d675da83286b1cce702)
Start importing Assets/Oculus/Interaction/Samples/Objects/Props/Torch/Particles/Textures/poof4x4.tga using Guid(27a66518aba33e545994d6eeb7403a65) Importer(2089858483,192608db42251d675da83286b1cce702) (ScriptedImporter) -> (artifact id: '051ff618941849debb0a5ab7bb4797c4') in 0.0190306 seconds
Number of updated asset objects reloaded before import = 0Number of asset objects unloaded after import = 1

========================================================================
Received Import Request.
  Time since last request: 0.000013 seconds.
  path: Assets/Oculus/SampleFramework/Usage/SharedAssets/Skyboxes/Sky_01/Skybox01_Left+X.png
  artifactKey: Guid(2d6e238331f1a403e881deb3adfc097a) Importer(2089858483,192608db42251d675da83286b1cce702)
Start importing Assets/Oculus/SampleFramework/Usage/SharedAssets/Skyboxes/Sky_01/Skybox01_Left+X.png using Guid(2d6e238331f1a403e881deb3adfc097a) Importer(2089858483,192608db42251d675da83286b1cce702) (ScriptedImporter) -> (artifact id: '00c562e8774b22f7584e9303e0a39932') in 0.0168055 seconds
Number of updated asset objects reloaded before import = 0Number of asset objects unloaded after import = 1

========================================================================
Received Import Request.
  Time since last request: 0.000019 seconds.
  path: Assets/Oculus/Voice/Lib/Wit.ai/Scripts/Runtime/Requests/WitUnityRequest.cs
  artifactKey: Guid(434cbd5af67981840ab365556140f9d0) Importer(2089858483,192608db42251d675da83286b1cce702)
Start importing Assets/Oculus/Voice/Lib/Wit.ai/Scripts/Runtime/Requests/WitUnityRequest.cs using Guid(434cbd5af67981840ab365556140f9d0) Importer(2089858483,192608db42251d675da83286b1cce702) (ScriptedImporter) -> (artifact id: '5a0e6181478b9bdce8dac11b50abe997') in 0.0121301 seconds
Number of updated asset objects reloaded before import = 0Number of asset objects unloaded after import = 0

========================================================================
Received Import Request.
  Time since last request: 0.000023 seconds.
  path: Assets/Oculus/VR/Editor/BuildingBlocks/BlockData/ControllerTracking/Textures/bb_thumb_controllertracking.png
  artifactKey: Guid(42076419df902cf4fb1f80c04a401aac) Importer(2089858483,192608db42251d675da83286b1cce702)
Start importing Assets/Oculus/VR/Editor/BuildingBlocks/BlockData/ControllerTracking/Textures/bb_thumb_controllertracking.png using Guid(42076419df902cf4fb1f80c04a401aac) Importer(2089858483,192608db42251d675da83286b1cce702) (ScriptedImporter) -> (artifact id: 'c5230bbdd23b1ead2d0ca0c8fc715925') in 0.0190647 seconds
Number of updated asset objects reloaded before import = 0Number of asset objects unloaded after import = 1

========================================================================
Received Import Request.
  Time since last request: 0.000016 seconds.
  path: Assets/Oculus/Interaction/Samples/Objects/Props/SprayBottle/Textures/SprayBottleNormal.png
  artifactKey: Guid(4583bc9dc05df3043898dfa5f87997ed) Importer(2089858483,192608db42251d675da83286b1cce702)
Start importing Assets/Oculus/Interaction/Samples/Objects/Props/SprayBottle/Textures/SprayBottleNormal.png using Guid(4583bc9dc05df3043898dfa5f87997ed) Importer(2089858483,192608db42251d675da83286b1cce702) (ScriptedImporter) -> (artifact id: 'c3513e6221887e7e18e2c5c73ca7eac4') in 0.0194386 seconds
Number of updated asset objects reloaded before import = 0Number of asset objects unloaded after import = 1

========================================================================
Received Import Request.
  Time since last request: 0.000016 seconds.
  path: Assets/Oculus/Voice/Lib/Wit.ai/Lib/Conduit/Editor/Training/EntitiesDelta.cs
  artifactKey: Guid(0e9e0e4f21a445418055da72f71d25ab) Importer(2089858483,192608db42251d675da83286b1cce702)
Start importing Assets/Oculus/Voice/Lib/Wit.ai/Lib/Conduit/Editor/Training/EntitiesDelta.cs using Guid(0e9e0e4f21a445418055da72f71d25ab) Importer(2089858483,192608db42251d675da83286b1cce702) (ScriptedImporter) -> (artifact id: 'e699b98e575e598f12fde3293b1bcea9') in 0.0148919 seconds
Number of updated asset objects reloaded before import = 0Number of asset objects unloaded after import = 0

========================================================================
Received Import Request.
  Time since last request: 0.000015 seconds.
  path: Assets/Oculus/Voice/Lib/Wit.ai/Features/Dictation/Scripts/Editor/Inspectors/DictationEventPropertyDrawer.cs
  artifactKey: Guid(4b8f297a827717846a390137480216b9) Importer(2089858483,192608db42251d675da83286b1cce702)
Start importing Assets/Oculus/Voice/Lib/Wit.ai/Features/Dictation/Scripts/Editor/Inspectors/DictationEventPropertyDrawer.cs using Guid(4b8f297a827717846a390137480216b9) Importer(2089858483,192608db42251d675da83286b1cce702) (ScriptedImporter) -> (artifact id: '7073b583b5f1149c8584eb9c0334bce2') in 0.0117598 seconds
Number of updated asset objects reloaded before import = 0Number of asset objects unloaded after import = 0

========================================================================
Received Import Request.
  Time since last request: 0.000013 seconds.
  path: Assets/Oculus/Voice/Lib/Wit.ai/Lib/Wit/Runtime/Utilities/ThreadUtility.cs
  artifactKey: Guid(dd76b0ff3d888144e84aee670285d8fb) Importer(2089858483,192608db42251d675da83286b1cce702)
Start importing Assets/Oculus/Voice/Lib/Wit.ai/Lib/Wit/Runtime/Utilities/ThreadUtility.cs using Guid(dd76b0ff3d888144e84aee670285d8fb) Importer(2089858483,192608db42251d675da83286b1cce702) (ScriptedImporter) -> (artifact id: '290113dc4bf3456442244d41c2b833c8') in 0.0122644 seconds
Number of updated asset objects reloaded before import = 0Number of asset objects unloaded after import = 0

========================================================================
Received Import Request.
  Time since last request: 0.000014 seconds.
  path: Assets/Oculus/Voice/Lib/Wit.ai/Lib/Wit/Runtime/Requests/VoiceRequestEvents.cs
  artifactKey: Guid(2cf0bb8d0fe4efe4c9035211165195e6) Importer(2089858483,192608db42251d675da83286b1cce702)
Start importing Assets/Oculus/Voice/Lib/Wit.ai/Lib/Wit/Runtime/Requests/VoiceRequestEvents.cs using Guid(2cf0bb8d0fe4efe4c9035211165195e6) Importer(2089858483,192608db42251d675da83286b1cce702) (ScriptedImporter) -> (artifact id: 'b7f2a394fa57b22fe529e6de17719c3e') in 0.0125915 seconds
Number of updated asset objects reloaded before import = 0Number of asset objects unloaded after import = 0

========================================================================
Received Import Request.
  Time since last request: 0.000016 seconds.
  path: Assets/Oculus/Voice/Lib/Wit.ai/Scripts/Editor/Windows/PropertyDrawers/WitEntityRolePropertyDrawer.cs
  artifactKey: Guid(f8fe3908d473555449a5fed7799862a3) Importer(2089858483,192608db42251d675da83286b1cce702)
Start importing Assets/Oculus/Voice/Lib/Wit.ai/Scripts/Editor/Windows/PropertyDrawers/WitEntityRolePropertyDrawer.cs using Guid(f8fe3908d473555449a5fed7799862a3) Importer(2089858483,192608db42251d675da83286b1cce702) (ScriptedImporter) -> (artifact id: '3afe43163efb0dc3a758419350c192fb') in 0.0124201 seconds
Number of updated asset objects reloaded before import = 0Number of asset objects unloaded after import = 0

========================================================================
Received Import Request.
  Time since last request: 0.000031 seconds.
  path: Assets/Oculus/Voice/Lib/Wit.ai/Scripts/Editor/Windows/PropertyDrawers/WitSimplePropertyDrawer.cs
  artifactKey: Guid(3871a67c805fada4191e046b655adf19) Importer(2089858483,192608db42251d675da83286b1cce702)
Start importing Assets/Oculus/Voice/Lib/Wit.ai/Scripts/Editor/Windows/PropertyDrawers/WitSimplePropertyDrawer.cs using Guid(3871a67c805fada4191e046b655adf19) Importer(2089858483,192608db42251d675da83286b1cce702) (ScriptedImporter) -> (artifact id: '7da65b9a9b95090ec2367430e79029ce') in 0.0132482 seconds
Number of updated asset objects reloaded before import = 0Number of asset objects unloaded after import = 0

========================================================================
Received Import Request.
  Time since last request: 0.000014 seconds.
  path: Assets/Oculus/VR/Editor/BuildingBlocks/BlockData/CameraRig/Textures/bb_thumb_camerarig.png
  artifactKey: Guid(e9abd002809cb87438c59a0934dc4c41) Importer(2089858483,192608db42251d675da83286b1cce702)
Start importing Assets/Oculus/VR/Editor/BuildingBlocks/BlockData/CameraRig/Textures/bb_thumb_camerarig.png using Guid(e9abd002809cb87438c59a0934dc4c41) Importer(2089858483,192608db42251d675da83286b1cce702) (ScriptedImporter) -> (artifact id: 'e245ee93fd2583cf0667f833fb0c1ccb') in 0.0176521 seconds
Number of updated asset objects reloaded before import = 0Number of asset objects unloaded after import = 1

========================================================================
Received Import Request.
  Time since last request: 0.000013 seconds.
  path: Assets/Oculus/Voice/Lib/Wit.ai/Features/TTS/Documentation/Images/tts_speaker_audiosource.png
  artifactKey: Guid(3387a752287aa7845892fd1c1ca0eb8f) Importer(2089858483,192608db42251d675da83286b1cce702)
Start importing Assets/Oculus/Voice/Lib/Wit.ai/Features/TTS/Documentation/Images/tts_speaker_audiosource.png using Guid(3387a752287aa7845892fd1c1ca0eb8f) Importer(2089858483,192608db42251d675da83286b1cce702) (ScriptedImporter) -> (artifact id: '04e0e85189201ffac04f0d7c6fa4e6d0') in 0.0219461 seconds
Number of updated asset objects reloaded before import = 0Number of asset objects unloaded after import = 1

========================================================================
Received Import Request.
  Time since last request: 0.000014 seconds.
  path: Assets/Oculus/Interaction/Samples/Objects/Props/PictureFrame/Textures/Shelf.jpg
  artifactKey: Guid(24d146edba5a4b64181326661f075838) Importer(2089858483,192608db42251d675da83286b1cce702)
Start importing Assets/Oculus/Interaction/Samples/Objects/Props/PictureFrame/Textures/Shelf.jpg using Guid(24d146edba5a4b64181326661f075838) Importer(2089858483,192608db42251d675da83286b1cce702) (ScriptedImporter) -> (artifact id: 'fba37e5dbb6f8eaca9fbabc75b9540d2') in 0.0178904 seconds
Number of updated asset objects reloaded before import = 0Number of asset objects unloaded after import = 1

========================================================================
Received Import Request.
  Time since last request: 0.000013 seconds.
  path: Assets/Oculus/Voice/Lib/Wit.ai/Features/TTS/Documentation/Overview.md
  artifactKey: Guid(0a78e70d61637eb498ee552bab9479ab) Importer(2089858483,192608db42251d675da83286b1cce702)
Start importing Assets/Oculus/Voice/Lib/Wit.ai/Features/TTS/Documentation/Overview.md using Guid(0a78e70d61637eb498ee552bab9479ab) Importer(2089858483,192608db42251d675da83286b1cce702) (ScriptedImporter) -> (artifact id: 'a6ca7f72443f1101ac2242855b356d58') in 0.0147512 seconds
Number of updated asset objects reloaded before import = 0Number of asset objects unloaded after import = 1

========================================================================
Received Import Request.
  Time since last request: 0.000012 seconds.
  path: Assets/Oculus/Interaction/Samples/Objects/Environment/Tooltips/DialogVideos/instruction_Palm_Menu.mp4
  artifactKey: Guid(4a934364623d5144e8a1f6e0aa50c806) Importer(2089858483,192608db42251d675da83286b1cce702)
Start importing Assets/Oculus/Interaction/Samples/Objects/Environment/Tooltips/DialogVideos/instruction_Palm_Menu.mp4 using Guid(4a934364623d5144e8a1f6e0aa50c806) Importer(2089858483,192608db42251d675da83286b1cce702) (ScriptedImporter) -> (artifact id: '9d52f30ebdf68b89c6f053191ed5868c') in 0.0127594 seconds
Number of updated asset objects reloaded before import = 0Number of asset objects unloaded after import = 1

========================================================================
Received Import Request.
  Time since last request: 0.000014 seconds.
  path: Assets/Oculus/Interaction/Samples/Objects/Environment/Screen/Textures/ScreenTexture.png
  artifactKey: Guid(5f365aeaff5197549888455c6be54b37) Importer(2089858483,192608db42251d675da83286b1cce702)
Start importing Assets/Oculus/Interaction/Samples/Objects/Environment/Screen/Textures/ScreenTexture.png using Guid(5f365aeaff5197549888455c6be54b37) Importer(2089858483,192608db42251d675da83286b1cce702) (ScriptedImporter) -> (artifact id: '6f2f35daa4f28443ff21bba20b8a79de') in 0.0224912 seconds
Number of updated asset objects reloaded before import = 0Number of asset objects unloaded after import = 1

========================================================================
Received Import Request.
  Time since last request: 0.000024 seconds.
  path: Assets/Oculus/Voice/Lib/Wit.ai/Lib/Wit/Runtime/Requests/IVoiceRequestEvents.cs
  artifactKey: Guid(46241d9be3cd292439cb0ab794519a76) Importer(2089858483,192608db42251d675da83286b1cce702)
Start importing Assets/Oculus/Voice/Lib/Wit.ai/Lib/Wit/Runtime/Requests/IVoiceRequestEvents.cs using Guid(46241d9be3cd292439cb0ab794519a76) Importer(2089858483,192608db42251d675da83286b1cce702) (ScriptedImporter) -> (artifact id: '40817acb2323d5f2165d40aff4d4681b') in 0.0178398 seconds
Number of updated asset objects reloaded before import = 0Number of asset objects unloaded after import = 0

========================================================================
Received Import Request.
  Time since last request: 0.000013 seconds.
  path: Assets/Oculus/Voice/Features/Dictation/Samples/Dictation/Scenes/DictationSampleScene.unity
  artifactKey: Guid(3a8c4fc64087e144b845d1afe890c5ba) Importer(2089858483,192608db42251d675da83286b1cce702)
Start importing Assets/Oculus/Voice/Features/Dictation/Samples/Dictation/Scenes/DictationSampleScene.unity using Guid(3a8c4fc64087e144b845d1afe890c5ba) Importer(2089858483,192608db42251d675da83286b1cce702) (ScriptedImporter) -> (artifact id: 'eaec5ce3ec6050cf117b7fc6b5c7645d') in 0.0143663 seconds
Number of updated asset objects reloaded before import = 0Number of asset objects unloaded after import = 1

========================================================================
Received Import Request.
  Time since last request: 0.000012 seconds.
  path: Assets/Oculus/Interaction/Runtime/Scripts/Interaction/Models/HandGrab/HandGrabInteractor.cs
  artifactKey: Guid(9067480af55f5874d8f613b16812f968) Importer(2089858483,192608db42251d675da83286b1cce702)
Start importing Assets/Oculus/Interaction/Runtime/Scripts/Interaction/Models/HandGrab/HandGrabInteractor.cs using Guid(9067480af55f5874d8f613b16812f968) Importer(2089858483,192608db42251d675da83286b1cce702) (ScriptedImporter) -> (artifact id: 'e90858a99c33f6bda2f8cffa4ad3627c') in 0.0114029 seconds
Number of updated asset objects reloaded before import = 0Number of asset objects unloaded after import = 0

========================================================================
Received Import Request.
  Time since last request: 0.000012 seconds.
  path: Assets/Oculus/Interaction/Samples/Objects/Props/Box/Box.prefab
  artifactKey: Guid(be890165f0b028b4c959cf9729b55f4d) Importer(2089858483,192608db42251d675da83286b1cce702)
Start importing Assets/Oculus/Interaction/Samples/Objects/Props/Box/Box.prefab using Guid(be890165f0b028b4c959cf9729b55f4d) Importer(2089858483,192608db42251d675da83286b1cce702) (ScriptedImporter) -> (artifact id: 'bd278816f351a9e252d07cd3ba2849d8') in 0.0299898 seconds
Number of updated asset objects reloaded before import = 0Number of asset objects unloaded after import = 69

========================================================================
Received Import Request.
  Time since last request: 0.000015 seconds.
  path: Assets/Oculus/Interaction/Samples/Objects/Environment/Room/Textures/ConcreteTiling.png
  artifactKey: Guid(ce1c3ee3dbf2a274ea3a241e51d40d5e) Importer(2089858483,192608db42251d675da83286b1cce702)
Start importing Assets/Oculus/Interaction/Samples/Objects/Environment/Room/Textures/ConcreteTiling.png using Guid(ce1c3ee3dbf2a274ea3a241e51d40d5e) Importer(2089858483,192608db42251d675da83286b1cce702) (ScriptedImporter) -> (artifact id: '6fa5bab720866c387b38875be1b90a17') in 0.0179439 seconds
Number of updated asset objects reloaded before import = 0Number of asset objects unloaded after import = 1

========================================================================
Received Import Request.
  Time since last request: 0.000012 seconds.
  path: Assets/Oculus/Voice/Lib/Wit.ai/Features/TTS/Scripts/Runtime/Data/TTSDiskCacheSettings.cs
  artifactKey: Guid(a4d1170a24dd77d49bf3cd610dd1c9a5) Importer(2089858483,192608db42251d675da83286b1cce702)
Start importing Assets/Oculus/Voice/Lib/Wit.ai/Features/TTS/Scripts/Runtime/Data/TTSDiskCacheSettings.cs using Guid(a4d1170a24dd77d49bf3cd610dd1c9a5) Importer(2089858483,192608db42251d675da83286b1cce702) (ScriptedImporter) -> (artifact id: 'b746dd42026ea26cf33c014f70ffcacc') in 0.0122431 seconds
Number of updated asset objects reloaded before import = 0Number of asset objects unloaded after import = 0

========================================================================
Received Import Request.
  Time since last request: 0.000013 seconds.
  path: Assets/Oculus/Voice/Lib/Wit.ai/Lib/Wit/Runtime/Requests/NLP/INLPTextRequestOptions.cs
  artifactKey: Guid(39d8a69fd1d32ce469b91365bacb5567) Importer(2089858483,192608db42251d675da83286b1cce702)
Start importing Assets/Oculus/Voice/Lib/Wit.ai/Lib/Wit/Runtime/Requests/NLP/INLPTextRequestOptions.cs using Guid(39d8a69fd1d32ce469b91365bacb5567) Importer(2089858483,192608db42251d675da83286b1cce702) (ScriptedImporter) -> (artifact id: '506cac2346a7804f425dbae1f13b199a') in 0.0122685 seconds
Number of updated asset objects reloaded before import = 0Number of asset objects unloaded after import = 0

========================================================================
Received Import Request.
  Time since last request: 0.000023 seconds.
  path: Assets/Oculus/Voice/Lib/Wit.ai/Features/TTS/Scripts/Runtime/Interfaces/ITextProcessors.cs
  artifactKey: Guid(b39a041597ab4bd9b33e797f74fb2125) Importer(2089858483,192608db42251d675da83286b1cce702)
Start importing Assets/Oculus/Voice/Lib/Wit.ai/Features/TTS/Scripts/Runtime/Interfaces/ITextProcessors.cs using Guid(b39a041597ab4bd9b33e797f74fb2125) Importer(2089858483,192608db42251d675da83286b1cce702) (ScriptedImporter) -> (artifact id: '5b3d847648caf29b167152a9539174a9') in 0.0133638 seconds
Number of updated asset objects reloaded before import = 0Number of asset objects unloaded after import = 0

========================================================================
Received Import Request.
  Time since last request: 0.000013 seconds.
  path: Assets/Oculus/Voice/Lib/Wit.ai/Lib/Wit/Runtime/Requests/NLP/INLPRequestOptions.cs
  artifactKey: Guid(8dfaad28c11935c428e6124ee46feb87) Importer(2089858483,192608db42251d675da83286b1cce702)
Start importing Assets/Oculus/Voice/Lib/Wit.ai/Lib/Wit/Runtime/Requests/NLP/INLPRequestOptions.cs using Guid(8dfaad28c11935c428e6124ee46feb87) Importer(2089858483,192608db42251d675da83286b1cce702) (ScriptedImporter) -> (artifact id: '08e1e8d006394f9371b3926b8d36e4d3') in 0.01198 seconds
Number of updated asset objects reloaded before import = 0Number of asset objects unloaded after import = 0

========================================================================
Received Import Request.
  Time since last request: 0.000012 seconds.
  path: Assets/Oculus/Voice/Lib/Wit.ai/Lib/Wit/Runtime/Requests/NLP/INLPTextRequestEvents.cs
  artifactKey: Guid(d463c9d193cae6d41b892a50ad9fa5ee) Importer(2089858483,192608db42251d675da83286b1cce702)
Start importing Assets/Oculus/Voice/Lib/Wit.ai/Lib/Wit/Runtime/Requests/NLP/INLPTextRequestEvents.cs using Guid(d463c9d193cae6d41b892a50ad9fa5ee) Importer(2089858483,192608db42251d675da83286b1cce702) (ScriptedImporter) -> (artifact id: '585bb483b320fb5ce5fa7a222cac9432') in 0.0144267 seconds
Number of updated asset objects reloaded before import = 0Number of asset objects unloaded after import = 0

========================================================================
Received Import Request.
  Time since last request: 0.000013 seconds.
  path: Assets/Oculus/Voice/Lib/Wit.ai/Features/TTS/Scripts/Runtime/Utilities/VoiceUnityRequest.cs
  artifactKey: Guid(81e67c2eb3d16d04bbc5300763f1bea1) Importer(2089858483,192608db42251d675da83286b1cce702)
Start importing Assets/Oculus/Voice/Lib/Wit.ai/Features/TTS/Scripts/Runtime/Utilities/VoiceUnityRequest.cs using Guid(81e67c2eb3d16d04bbc5300763f1bea1) Importer(2089858483,192608db42251d675da83286b1cce702) (ScriptedImporter) -> (artifact id: 'e3f00dd8da22f0b32688a8eff0d186ff') in 0.0132404 seconds
Number of updated asset objects reloaded before import = 0Number of asset objects unloaded after import = 0

========================================================================
Received Import Request.
  Time since last request: 0.000014 seconds.
  path: Assets/Oculus/SampleFramework/Usage/SceneManager/Scripts/SimpleResizer/SimpleResizable.cs
  artifactKey: Guid(39b243a9b1035c94e9f75c4e11283893) Importer(2089858483,192608db42251d675da83286b1cce702)
Start importing Assets/Oculus/SampleFramework/Usage/SceneManager/Scripts/SimpleResizer/SimpleResizable.cs using Guid(39b243a9b1035c94e9f75c4e11283893) Importer(2089858483,192608db42251d675da83286b1cce702) (ScriptedImporter) -> (artifact id: 'acb7a08fdafd69c22e35f557477681f1') in 0.013188 seconds
Number of updated asset objects reloaded before import = 0Number of asset objects unloaded after import = 0

========================================================================
Received Import Request.
  Time since last request: 0.000014 seconds.
  path: Assets/Oculus/Interaction/Samples/Objects/Props/BigRedButton/Materials/PodiumMat.fbx
  artifactKey: Guid(d1f28cc6776644cebb33c6f73fe07cd2) Importer(2089858483,192608db42251d675da83286b1cce702)
Start importing Assets/Oculus/Interaction/Samples/Objects/Props/BigRedButton/Materials/PodiumMat.fbx using Guid(d1f28cc6776644cebb33c6f73fe07cd2) Importer(2089858483,192608db42251d675da83286b1cce702) (ScriptedImporter) -> (artifact id: '9bcba04bcfcf76d45fee90061db1d4a4') in 0.0219127 seconds
Number of updated asset objects reloaded before import = 0Number of asset objects unloaded after import = 12

========================================================================
Received Import Request.
  Time since last request: 0.000015 seconds.
  path: Assets/Oculus/Interaction/Runtime/Scripts/Interaction/Transformable/TwoHandFreeTransformer.cs
  artifactKey: Guid(aa26ddc80b5399146ace546ced145312) Importer(2089858483,192608db42251d675da83286b1cce702)
Start importing Assets/Oculus/Interaction/Runtime/Scripts/Interaction/Transformable/TwoHandFreeTransformer.cs using Guid(aa26ddc80b5399146ace546ced145312) Importer(2089858483,192608db42251d675da83286b1cce702) (ScriptedImporter) -> (artifact id: '8a433e44d0331ed424b56fcf99e2f362') in 0.0131893 seconds
Number of updated asset objects reloaded before import = 0Number of asset objects unloaded after import = 0

========================================================================
Received Import Request.
  Time since last request: 0.000020 seconds.
  path: Assets/Oculus/Interaction/Runtime/Scripts/Selection/Hands/ShoulderEstimatePosition.cs
  artifactKey: Guid(a63ea968be5c2084588e377a5dc05473) Importer(2089858483,192608db42251d675da83286b1cce702)
Start importing Assets/Oculus/Interaction/Runtime/Scripts/Selection/Hands/ShoulderEstimatePosition.cs using Guid(a63ea968be5c2084588e377a5dc05473) Importer(2089858483,192608db42251d675da83286b1cce702) (ScriptedImporter) -> (artifact id: 'a127a5093884d6c1ac2899160c2d62ed') in 0.0126811 seconds
Number of updated asset objects reloaded before import = 0Number of asset objects unloaded after import = 0

========================================================================
Received Import Request.
  Time since last request: 0.000013 seconds.
  path: Assets/Oculus/Voice/Lib/Wit.ai/Features/TTS/Samples/Scripts/TTSSpeakerInput.cs
  artifactKey: Guid(a57b9d9fb2760434e859220f24690a1e) Importer(2089858483,192608db42251d675da83286b1cce702)
Start importing Assets/Oculus/Voice/Lib/Wit.ai/Features/TTS/Samples/Scripts/TTSSpeakerInput.cs using Guid(a57b9d9fb2760434e859220f24690a1e) Importer(2089858483,192608db42251d675da83286b1cce702) (ScriptedImporter) -> (artifact id: '232b96f4a76eaefc7d53d6c117359338') in 0.0135904 seconds
Number of updated asset objects reloaded before import = 0Number of asset objects unloaded after import = 0

========================================================================
Received Import Request.
  Time since last request: 0.000012 seconds.
  path: Assets/Oculus/VR/Editor/BuildingBlocks/BlockData/ControllerTracking/ControllerTracking.asset
  artifactKey: Guid(4c163a7455754d145b70f5c0d8ce234d) Importer(2089858483,192608db42251d675da83286b1cce702)
Start importing Assets/Oculus/VR/Editor/BuildingBlocks/BlockData/ControllerTracking/ControllerTracking.asset using Guid(4c163a7455754d145b70f5c0d8ce234d) Importer(2089858483,192608db42251d675da83286b1cce702) (ScriptedImporter) -> (artifact id: '3c517c9bf4ddb12b34f0b2bb8da63c56') in 0.0211845 seconds
Number of updated asset objects reloaded before import = 0Number of asset objects unloaded after import = 272

========================================================================
Received Import Request.
  Time since last request: 0.000017 seconds.
  path: Assets/Oculus/SampleFramework/Core/DebugUI/Fonts/Montserrat/Montserrat-Medium.ttf
  artifactKey: Guid(6921a454aa104cf47a67f59c64acaa17) Importer(2089858483,192608db42251d675da83286b1cce702)
Start importing Assets/Oculus/SampleFramework/Core/DebugUI/Fonts/Montserrat/Montserrat-Medium.ttf using Guid(6921a454aa104cf47a67f59c64acaa17) Importer(2089858483,192608db42251d675da83286b1cce702) (ScriptedImporter) -> (artifact id: '5bf2309e7e4c5b8d62975637bd3ea921') in 0.0225254 seconds
Number of updated asset objects reloaded before import = 0Number of asset objects unloaded after import = 3

========================================================================
Received Import Request.
  Time since last request: 0.000011 seconds.
  path: Assets/Oculus/Voice/Lib/Wit.ai/Lib/Conduit/Editor/Training/EnumCodeWrapper.cs
  artifactKey: Guid(282b7709803742fc96aa92c84f697a1e) Importer(2089858483,192608db42251d675da83286b1cce702)
Start importing Assets/Oculus/Voice/Lib/Wit.ai/Lib/Conduit/Editor/Training/EnumCodeWrapper.cs using Guid(282b7709803742fc96aa92c84f697a1e) Importer(2089858483,192608db42251d675da83286b1cce702) (ScriptedImporter) -> (artifact id: '92a7ccf00162d6650ad0fa87ef7b9db6') in 0.0123373 seconds
Number of updated asset objects reloaded before import = 0Number of asset objects unloaded after import = 0

========================================================================
Received Import Request.
  Time since last request: 0.000013 seconds.
  path: Assets/Oculus/Voice/Lib/Wit.ai/Scripts/Editor/Data/Configuration/Tabs/WitConfigurationEntitiesTab.cs
  artifactKey: Guid(5bd06d8523c94460b26f1228c2efd3e8) Importer(2089858483,192608db42251d675da83286b1cce702)
Start importing Assets/Oculus/Voice/Lib/Wit.ai/Scripts/Editor/Data/Configuration/Tabs/WitConfigurationEntitiesTab.cs using Guid(5bd06d8523c94460b26f1228c2efd3e8) Importer(2089858483,192608db42251d675da83286b1cce702) (ScriptedImporter) -> (artifact id: 'dd4ce06ea53cf0439982b6245d531a03') in 0.0148065 seconds
Number of updated asset objects reloaded before import = 0Number of asset objects unloaded after import = 0

========================================================================
Received Import Request.
  Time since last request: 0.000016 seconds.
  path: Assets/Oculus/Voice/Lib/Wit.ai/Scripts/Editor/Data/Configuration/Tabs/WitConfigurationIntentsTab.cs
  artifactKey: Guid(c693b199fe184d9fb432dd65a4b47bee) Importer(2089858483,192608db42251d675da83286b1cce702)
Start importing Assets/Oculus/Voice/Lib/Wit.ai/Scripts/Editor/Data/Configuration/Tabs/WitConfigurationIntentsTab.cs using Guid(c693b199fe184d9fb432dd65a4b47bee) Importer(2089858483,192608db42251d675da83286b1cce702) (ScriptedImporter) -> (artifact id: '30510e9b9cf1081c5653d9d9beeec922') in 0.0129863 seconds
Number of updated asset objects reloaded before import = 0Number of asset objects unloaded after import = 0

========================================================================
Received Import Request.
  Time since last request: 0.000021 seconds.
  path: Assets/Oculus/Voice/Lib/Wit.ai/Lib/Conduit/Runtime/Data/InvocationContext.cs
  artifactKey: Guid(fb7ee7bb87f24f63b28a2f03129f5069) Importer(2089858483,192608db42251d675da83286b1cce702)
Start importing Assets/Oculus/Voice/Lib/Wit.ai/Lib/Conduit/Runtime/Data/InvocationContext.cs using Guid(fb7ee7bb87f24f63b28a2f03129f5069) Importer(2089858483,192608db42251d675da83286b1cce702) (ScriptedImporter) -> (artifact id: '6a2053908e742f9a82756bab3c2a5012') in 0.0126069 seconds
Number of updated asset objects reloaded before import = 0Number of asset objects unloaded after import = 0

========================================================================
Received Import Request.
  Time since last request: 0.000015 seconds.
  path: Assets/Oculus/VR/Editor/OVRProjectSetup/Tasks/Implementations/OVRProjectSetupPassthrough.cs
  artifactKey: Guid(340956b8fb5e08e409aeab1bfc3a627d) Importer(2089858483,192608db42251d675da83286b1cce702)
Start importing Assets/Oculus/VR/Editor/OVRProjectSetup/Tasks/Implementations/OVRProjectSetupPassthrough.cs using Guid(340956b8fb5e08e409aeab1bfc3a627d) Importer(2089858483,192608db42251d675da83286b1cce702) (ScriptedImporter) -> (artifact id: '5bcd504d254fb888de9d2d2b52215bf8') in 0.0129745 seconds
Number of updated asset objects reloaded before import = 0Number of asset objects unloaded after import = 0

========================================================================
Received Import Request.
  Time since last request: 0.000014 seconds.
  path: Assets/Oculus/Interaction/Runtime/Scripts/Selection/Controllers/ControllerPointerPose.cs
  artifactKey: Guid(438e12c9002f2c8489c81a2d3472b18d) Importer(2089858483,192608db42251d675da83286b1cce702)
Start importing Assets/Oculus/Interaction/Runtime/Scripts/Selection/Controllers/ControllerPointerPose.cs using Guid(438e12c9002f2c8489c81a2d3472b18d) Importer(2089858483,192608db42251d675da83286b1cce702) (ScriptedImporter) -> (artifact id: 'e67d7af13fa2e75eb28adaa2b95a655c') in 0.0178674 seconds
Number of updated asset objects reloaded before import = 0Number of asset objects unloaded after import = 0

========================================================================
Received Import Request.
  Time since last request: 0.000014 seconds.
  path: Assets/Oculus/Voice/Lib/Wit.ai/Scripts/Editor/Data/Configuration/IApplicationDetailProvider.cs
  artifactKey: Guid(7ed426c1b615d4b44a3c55c12850ce15) Importer(2089858483,192608db42251d675da83286b1cce702)
Start importing Assets/Oculus/Voice/Lib/Wit.ai/Scripts/Editor/Data/Configuration/IApplicationDetailProvider.cs using Guid(7ed426c1b615d4b44a3c55c12850ce15) Importer(2089858483,192608db42251d675da83286b1cce702) (ScriptedImporter) -> (artifact id: '707953f58a30843b4a63e92e6581ecb8') in 0.0129076 seconds
Number of updated asset objects reloaded before import = 0Number of asset objects unloaded after import = 0

========================================================================
Received Import Request.
  Time since last request: 0.000023 seconds.
  path: Assets/Oculus/Interaction/Samples/Objects/Environment/Locomotion/Textures/LocomotionRoom/MetaLocomotionEnvironment.png
  artifactKey: Guid(38510dbb986e15b4f8a9cf95bab54664) Importer(2089858483,192608db42251d675da83286b1cce702)
Start importing Assets/Oculus/Interaction/Samples/Objects/Environment/Locomotion/Textures/LocomotionRoom/MetaLocomotionEnvironment.png using Guid(38510dbb986e15b4f8a9cf95bab54664) Importer(2089858483,192608db42251d675da83286b1cce702) (ScriptedImporter) -> (artifact id: '57d23f45a5251f072a651bb2b3899ebb') in 0.0192039 seconds
Number of updated asset objects reloaded before import = 0Number of asset objects unloaded after import = 1

========================================================================
Received Import Request.
  Time since last request: 0.000014 seconds.
  path: Assets/Oculus/Voice/Lib/Wit.ai/Features/TTS/Scripts/Editor/TTSSpeakerInspector.cs
  artifactKey: Guid(3835212f72d4d5149bed0f07915f204e) Importer(2089858483,192608db42251d675da83286b1cce702)
Start importing Assets/Oculus/Voice/Lib/Wit.ai/Features/TTS/Scripts/Editor/TTSSpeakerInspector.cs using Guid(3835212f72d4d5149bed0f07915f204e) Importer(2089858483,192608db42251d675da83286b1cce702) (ScriptedImporter) -> (artifact id: 'f0d8711fa0d27655b8d05ff5de9ec62e') in 0.0159989 seconds
Number of updated asset objects reloaded before import = 0Number of asset objects unloaded after import = 0

========================================================================
Received Import Request.
  Time since last request: 0.000025 seconds.
  path: Assets/Oculus/Voice/Lib/Wit.ai/Lib/Conduit/Runtime/ParameterProvider.cs
  artifactKey: Guid(56a7a1610a6d4471aa7ed2b26b9a053f) Importer(2089858483,192608db42251d675da83286b1cce702)
Start importing Assets/Oculus/Voice/Lib/Wit.ai/Lib/Conduit/Runtime/ParameterProvider.cs using Guid(56a7a1610a6d4471aa7ed2b26b9a053f) Importer(2089858483,192608db42251d675da83286b1cce702) (ScriptedImporter) -> (artifact id: 'a2713bf6a8d07a02cb82a014a75bd691') in 0.013348 seconds
Number of updated asset objects reloaded before import = 0Number of asset objects unloaded after import = 0

========================================================================
Received Import Request.
  Time since last request: 0.000018 seconds.
  path: Assets/Oculus/Interaction/Samples/Objects/Environment/Locomotion/Models/Materials/LocomotionWaterMat.mat
  artifactKey: Guid(a314406615836524ca5588c1de1a5ea8) Importer(2089858483,192608db42251d675da83286b1cce702)
Start importing Assets/Oculus/Interaction/Samples/Objects/Environment/Locomotion/Models/Materials/LocomotionWaterMat.mat using Guid(a314406615836524ca5588c1de1a5ea8) Importer(2089858483,192608db42251d675da83286b1cce702) (ScriptedImporter) -> (artifact id: 'aec2742afeb487940b7e2183cc600332') in 0.0137971 seconds
Number of updated asset objects reloaded before import = 0Number of asset objects unloaded after import = 2

========================================================================
Received Import Request.
  Time since last request: 0.000011 seconds.
  path: Assets/Oculus/VR/Editor/BuildingBlocks/BlockData/Passthrough/Prefabs/PassthroughUnderlay.prefab
  artifactKey: Guid(49b59b98df4db24489116c4da648c11f) Importer(2089858483,192608db42251d675da83286b1cce702)
Start importing Assets/Oculus/VR/Editor/BuildingBlocks/BlockData/Passthrough/Prefabs/PassthroughUnderlay.prefab using Guid(49b59b98df4db24489116c4da648c11f) Importer(2089858483,192608db42251d675da83286b1cce702) (ScriptedImporter) -> (artifact id: '199898b09ec3fe1da6dcae82ffe8fc28') in 0.0137312 seconds
Number of updated asset objects reloaded before import = 0Number of asset objects unloaded after import = 5

========================================================================
Received Import Request.
  Time since last request: 0.000013 seconds.
  path: Assets/Oculus/Interaction/Samples/Objects/Props/CoffeeCup/CoffeeCupMat.mat
  artifactKey: Guid(b456eb5028a92da499e79da1ac0eccdb) Importer(2089858483,192608db42251d675da83286b1cce702)
Start importing Assets/Oculus/Interaction/Samples/Objects/Props/CoffeeCup/CoffeeCupMat.mat using Guid(b456eb5028a92da499e79da1ac0eccdb) Importer(2089858483,192608db42251d675da83286b1cce702) (ScriptedImporter) -> (artifact id: '352e1a77512b6cb5e87af11e22a7e4f6') in 0.0157079 seconds
Number of updated asset objects reloaded before import = 0Number of asset objects unloaded after import = 3

========================================================================
Received Import Request.
  Time since last request: 0.000012 seconds.
  path: Assets/Oculus/Voice/Lib/Wit.ai/Scripts/Editor/CallbackHandlers/WitIntentMatcherEditor.cs
  artifactKey: Guid(5ef9650649f4f6740a0b7d5b6b4e5dd2) Importer(2089858483,192608db42251d675da83286b1cce702)
Start importing Assets/Oculus/Voice/Lib/Wit.ai/Scripts/Editor/CallbackHandlers/WitIntentMatcherEditor.cs using Guid(5ef9650649f4f6740a0b7d5b6b4e5dd2) Importer(2089858483,192608db42251d675da83286b1cce702) (ScriptedImporter) -> (artifact id: 'aa365d7fbc2f9e7887f5d6c4e53d4c80') in 0.0141456 seconds
Number of updated asset objects reloaded before import = 0Number of asset objects unloaded after import = 0

========================================================================
Received Import Request.
  Time since last request: 0.000013 seconds.
  path: Assets/Oculus/Interaction/Runtime/Scripts/Unity/UnityCanvas/CanvasRenderTextureMesh.cs
  artifactKey: Guid(c995beba6ca95c34daa531376b4ce708) Importer(2089858483,192608db42251d675da83286b1cce702)
Start importing Assets/Oculus/Interaction/Runtime/Scripts/Unity/UnityCanvas/CanvasRenderTextureMesh.cs using Guid(c995beba6ca95c34daa531376b4ce708) Importer(2089858483,192608db42251d675da83286b1cce702) (ScriptedImporter) -> (artifact id: 'd806558a8542e3c9f26e8e12a29820a7') in 0.0131779 seconds
Number of updated asset objects reloaded before import = 0Number of asset objects unloaded after import = 0

========================================================================
Received Import Request.
  Time since last request: 0.000013 seconds.
  path: Assets/Oculus/VR/Editor/BuildingBlocks/BlockData/HandTracking/Materials/SystemGestureHandMaterial.mat
  artifactKey: Guid(9d107f2f043e1ed408b970f146718017) Importer(2089858483,192608db42251d675da83286b1cce702)
Start importing Assets/Oculus/VR/Editor/BuildingBlocks/BlockData/HandTracking/Materials/SystemGestureHandMaterial.mat using Guid(9d107f2f043e1ed408b970f146718017) Importer(2089858483,192608db42251d675da83286b1cce702) (ScriptedImporter) -> (artifact id: 'f58ac14e8c4a6b7e2e4db1143a67967d') in 0.0152559 seconds
Number of updated asset objects reloaded before import = 0Number of asset objects unloaded after import = 1

========================================================================
Received Import Request.
  Time since last request: 0.000014 seconds.
  path: Assets/Oculus/Interaction/Samples/Objects/Props/MapWithPins/Pin.prefab
  artifactKey: Guid(cc68667a9a6b3d346b7035f6ae372ff7) Importer(2089858483,192608db42251d675da83286b1cce702)
Start importing Assets/Oculus/Interaction/Samples/Objects/Props/MapWithPins/Pin.prefab using Guid(cc68667a9a6b3d346b7035f6ae372ff7) Importer(2089858483,192608db42251d675da83286b1cce702) (ScriptedImporter) -> (artifact id: '2f35daf9a9a7d72ed7dfdfbd5be5fe12') in 0.0246453 seconds
Number of updated asset objects reloaded before import = 0Number of asset objects unloaded after import = 43

========================================================================
Received Import Request.
  Time since last request: 0.000081 seconds.
  path: Assets/Oculus/Interaction/Samples/Objects/Environment/Locomotion/Models/Meta_LocomotionGround.fbx
  artifactKey: Guid(29320031637a8e1449539092eb140cb5) Importer(2089858483,192608db42251d675da83286b1cce702)
Start importing Assets/Oculus/Interaction/Samples/Objects/Environment/Locomotion/Models/Meta_LocomotionGround.fbx using Guid(29320031637a8e1449539092eb140cb5) Importer(2089858483,192608db42251d675da83286b1cce702) (ScriptedImporter) -> (artifact id: '1401c519d449ca959d396f331f1cfbfa') in 0.0306774 seconds
Number of updated asset objects reloaded before import = 0Number of asset objects unloaded after import = 29

========================================================================
Received Import Request.
  Time since last request: 0.000016 seconds.
  path: Assets/Oculus/Voice/Lib/Wit.ai/Scripts/Runtime/Events/WitResponseEvent.cs
  artifactKey: Guid(7ef88cd3e80185c4a90060968bd7c213) Importer(2089858483,192608db42251d675da83286b1cce702)
Start importing Assets/Oculus/Voice/Lib/Wit.ai/Scripts/Runtime/Events/WitResponseEvent.cs using Guid(7ef88cd3e80185c4a90060968bd7c213) Importer(2089858483,192608db42251d675da83286b1cce702) (ScriptedImporter) -> (artifact id: 'd7cac3353bf04ec6b9f86a5f1e343759') in 0.0142858 seconds
Number of updated asset objects reloaded before import = 0Number of asset objects unloaded after import = 0

========================================================================
Received Import Request.
  Time since last request: 0.000013 seconds.
  path: Assets/Oculus/Voice/Lib/Wit.ai/Scripts/Editor/Data/Configuration/WitConfigurationUtility.cs
  artifactKey: Guid(67da0cb4ba914f6cb2a97a343ff81db1) Importer(2089858483,192608db42251d675da83286b1cce702)
Start importing Assets/Oculus/Voice/Lib/Wit.ai/Scripts/Editor/Data/Configuration/WitConfigurationUtility.cs using Guid(67da0cb4ba914f6cb2a97a343ff81db1) Importer(2089858483,192608db42251d675da83286b1cce702) (ScriptedImporter) -> (artifact id: '8b0f6b0b9ebb84e08a0f4c6366411fa2') in 0.0141771 seconds
Number of updated asset objects reloaded before import = 0Number of asset objects unloaded after import = 0

========================================================================
Received Import Request.
  Time since last request: 0.000022 seconds.
  path: Assets/Oculus/Interaction/Samples/ThirdParty/Textures/EnvironmentMaps/license.txt
  artifactKey: Guid(c27d1a726295b2e4a9391058575c344b) Importer(2089858483,192608db42251d675da83286b1cce702)
Start importing Assets/Oculus/Interaction/Samples/ThirdParty/Textures/EnvironmentMaps/license.txt using Guid(c27d1a726295b2e4a9391058575c344b) Importer(2089858483,192608db42251d675da83286b1cce702) (ScriptedImporter) -> (artifact id: 'ed3dc79843ac7b3e11f92566b89c372c') in 0.0128992 seconds
Number of updated asset objects reloaded before import = 0Number of asset objects unloaded after import = 1

========================================================================
Received Import Request.
  Time since last request: 0.000016 seconds.
  path: Assets/Oculus/Interaction/Samples/Objects/Props/WaterParticles/BubblePopParticle.fbx
  artifactKey: Guid(72c78ce3c437b6146a8939d3c0881f50) Importer(2089858483,192608db42251d675da83286b1cce702)
Start importing Assets/Oculus/Interaction/Samples/Objects/Props/WaterParticles/BubblePopParticle.fbx using Guid(72c78ce3c437b6146a8939d3c0881f50) Importer(2089858483,192608db42251d675da83286b1cce702) (ScriptedImporter) -> (artifact id: '83977abf8d3990e4266e11ef77aca956') in 0.0202513 seconds
Number of updated asset objects reloaded before import = 0Number of asset objects unloaded after import = 8

========================================================================
Received Import Request.
  Time since last request: 0.000014 seconds.
  path: Assets/Oculus/Voice/Features/Hub/Scripts/Editor/MetaHubPage.cs
  artifactKey: Guid(731e6f73e53947cba9d7d0c6caf7d0a8) Importer(2089858483,192608db42251d675da83286b1cce702)
Start importing Assets/Oculus/Voice/Features/Hub/Scripts/Editor/MetaHubPage.cs using Guid(731e6f73e53947cba9d7d0c6caf7d0a8) Importer(2089858483,192608db42251d675da83286b1cce702) (ScriptedImporter) -> (artifact id: 'b87de998f249f74f039baad613f2e6da') in 0.0143131 seconds
Number of updated asset objects reloaded before import = 0Number of asset objects unloaded after import = 0

========================================================================
Received Import Request.
  Time since last request: 0.000024 seconds.
  path: Assets/Oculus/Interaction/Samples/Objects/Props/SprayBottle/Sounds/Spray_Steam.wav
  artifactKey: Guid(7f7a0827e6fa2ea43986bb0f70436a6a) Importer(2089858483,192608db42251d675da83286b1cce702)
Start importing Assets/Oculus/Interaction/Samples/Objects/Props/SprayBottle/Sounds/Spray_Steam.wav using Guid(7f7a0827e6fa2ea43986bb0f70436a6a) Importer(2089858483,192608db42251d675da83286b1cce702) (ScriptedImporter) -> (artifact id: '0adf0477c7cbcd6b8eab83c3c228ec4e') in 0.0357022 seconds
Number of updated asset objects reloaded before import = 0Number of asset objects unloaded after import = 1

========================================================================
Received Import Request.
  Time since last request: 0.000013 seconds.
  path: Assets/Oculus/Voice/Lib/Wit.ai/Scripts/Editor/Lib/Mic/MicEditor.cs
  artifactKey: Guid(342830ab77bbe9c47a0f68027cc80da4) Importer(2089858483,192608db42251d675da83286b1cce702)
Start importing Assets/Oculus/Voice/Lib/Wit.ai/Scripts/Editor/Lib/Mic/MicEditor.cs using Guid(342830ab77bbe9c47a0f68027cc80da4) Importer(2089858483,192608db42251d675da83286b1cce702) (ScriptedImporter) -> (artifact id: '67015d39781c8f8699ab38bf18ad8e52') in 0.0127061 seconds
Number of updated asset objects reloaded before import = 0Number of asset objects unloaded after import = 0

========================================================================
Received Import Request.
  Time since last request: 0.000013 seconds.
  path: Assets/Oculus/Interaction/Samples/Objects/Environment/SmallRoom/SmallRoomEnvironment.prefab
  artifactKey: Guid(e422343ceaaa73a4a9729d31c9cd6dd2) Importer(2089858483,192608db42251d675da83286b1cce702)
Start importing Assets/Oculus/Interaction/Samples/Objects/Environment/SmallRoom/SmallRoomEnvironment.prefab using Guid(e422343ceaaa73a4a9729d31c9cd6dd2) Importer(2089858483,192608db42251d675da83286b1cce702) (ScriptedImporter) -> (artifact id: '2e816d230189e9206ed41eabd68327f9') in 0.019991 seconds
Number of updated asset objects reloaded before import = 0Number of asset objects unloaded after import = 68

========================================================================
Received Import Request.
  Time since last request: 0.000013 seconds.
  path: Assets/Oculus/Interaction/Runtime/Scripts/Interaction/Models/HandGrab/HandGrabInteractable.cs
  artifactKey: Guid(e9a7676b01585ce43908639a27765dfc) Importer(2089858483,192608db42251d675da83286b1cce702)
Start importing Assets/Oculus/Interaction/Runtime/Scripts/Interaction/Models/HandGrab/HandGrabInteractable.cs using Guid(e9a7676b01585ce43908639a27765dfc) Importer(2089858483,192608db42251d675da83286b1cce702) (ScriptedImporter) -> (artifact id: '781d817519164dfcefcc33a56bf1c59e') in 0.0127142 seconds
Number of updated asset objects reloaded before import = 0Number of asset objects unloaded after import = 0

========================================================================
Received Import Request.
  Time since last request: 0.000012 seconds.
  path: Assets/Oculus/Voice/Lib/Wit.ai/Lib/Conduit/Editor/SourceCodeMapper.cs
  artifactKey: Guid(24385c9b16e544f39df5974c216ac1e5) Importer(2089858483,192608db42251d675da83286b1cce702)
Start importing Assets/Oculus/Voice/Lib/Wit.ai/Lib/Conduit/Editor/SourceCodeMapper.cs using Guid(24385c9b16e544f39df5974c216ac1e5) Importer(2089858483,192608db42251d675da83286b1cce702) (ScriptedImporter) -> (artifact id: 'e618d592e70b69bc12e8fa975f502d97') in 0.0138427 seconds
Number of updated asset objects reloaded before import = 0Number of asset objects unloaded after import = 0

========================================================================
Received Import Request.
  Time since last request: 0.000013 seconds.
  path: Assets/Oculus/SampleFramework/Usage/SharedAssets/Skyboxes/Sky_02/Skybox02_Back-Z.png
  artifactKey: Guid(8b58367729b254961afbbcd8ad1fd092) Importer(2089858483,192608db42251d675da83286b1cce702)
Start importing Assets/Oculus/SampleFramework/Usage/SharedAssets/Skyboxes/Sky_02/Skybox02_Back-Z.png using Guid(8b58367729b254961afbbcd8ad1fd092) Importer(2089858483,192608db42251d675da83286b1cce702) (ScriptedImporter) -> (artifact id: 'da3acd97d9ce9a32124737e33c445bef') in 0.0205921 seconds
Number of updated asset objects reloaded before import = 0Number of asset objects unloaded after import = 1

========================================================================
Received Import Request.
  Time since last request: 0.000019 seconds.
  path: Assets/Oculus/Interaction/Samples/Objects/Environment/Locomotion/Textures/LocomotionRoom/MetaLocomotionDoor.png
  artifactKey: Guid(21bc0e925464bd44d9bc520a9b96c50c) Importer(2089858483,192608db42251d675da83286b1cce702)
Start importing Assets/Oculus/Interaction/Samples/Objects/Environment/Locomotion/Textures/LocomotionRoom/MetaLocomotionDoor.png using Guid(21bc0e925464bd44d9bc520a9b96c50c) Importer(2089858483,192608db42251d675da83286b1cce702) (ScriptedImporter) -> (artifact id: '0dd9600e54650e35dfde930af6914195') in 0.0195911 seconds
Number of updated asset objects reloaded before import = 0Number of asset objects unloaded after import = 1

========================================================================
Received Import Request.
  Time since last request: 0.000012 seconds.
  path: Assets/Oculus/Voice/Lib/Wit.ai/Scripts/Runtime/Data/Traits/WitTraitValue.cs
  artifactKey: Guid(3dfd1d331e52e46608615baf91fad0b3) Importer(2089858483,192608db42251d675da83286b1cce702)
Start importing Assets/Oculus/Voice/Lib/Wit.ai/Scripts/Runtime/Data/Traits/WitTraitValue.cs using Guid(3dfd1d331e52e46608615baf91fad0b3) Importer(2089858483,192608db42251d675da83286b1cce702) (ScriptedImporter) -> (artifact id: 'ca0cb10cce9ddf4b1abdf700650b4257') in 0.0130364 seconds
Number of updated asset objects reloaded before import = 0Number of asset objects unloaded after import = 0

========================================================================
Received Import Request.
  Time since last request: 0.000016 seconds.
  path: Assets/Oculus/Voice/Lib/Wit.ai/Scripts/Runtime/Data/ValueReferences/StringReference.cs
  artifactKey: Guid(d93d804b221245ecada6cf7bdf41d751) Importer(2089858483,192608db42251d675da83286b1cce702)
Start importing Assets/Oculus/Voice/Lib/Wit.ai/Scripts/Runtime/Data/ValueReferences/StringReference.cs using Guid(d93d804b221245ecada6cf7bdf41d751) Importer(2089858483,192608db42251d675da83286b1cce702) (ScriptedImporter) -> (artifact id: '05a9d2bb0cf3ea319dd696501debe109') in 0.014596 seconds
Number of updated asset objects reloaded before import = 0Number of asset objects unloaded after import = 0

========================================================================
Received Import Request.
  Time since last request: 0.000013 seconds.
  path: Assets/Oculus/Voice/Lib/Wit.ai/Scripts/Runtime/Events/UnityEventListeners/TranscriptionEventListener.cs
  artifactKey: Guid(d4753c88442c94393b915563ef1b41cf) Importer(2089858483,192608db42251d675da83286b1cce702)
Start importing Assets/Oculus/Voice/Lib/Wit.ai/Scripts/Runtime/Events/UnityEventListeners/TranscriptionEventListener.cs using Guid(d4753c88442c94393b915563ef1b41cf) Importer(2089858483,192608db42251d675da83286b1cce702) (ScriptedImporter) -> (artifact id: '6ee6d3e3a5baa4ad87e02c44c7cd8c45') in 0.0160087 seconds
Number of updated asset objects reloaded before import = 0Number of asset objects unloaded after import = 0

========================================================================
Received Import Request.
  Time since last request: 0.000012 seconds.
  path: Assets/Oculus/Voice/Lib/PlatformCompatibility/Scripts/Runtime/Android/PlatformLogger/VoiceSDKLoggerBinding.cs
  artifactKey: Guid(02f219e3a02e4055b3df9be4f5786e5a) Importer(2089858483,192608db42251d675da83286b1cce702)
Start importing Assets/Oculus/Voice/Lib/PlatformCompatibility/Scripts/Runtime/Android/PlatformLogger/VoiceSDKLoggerBinding.cs using Guid(02f219e3a02e4055b3df9be4f5786e5a) Importer(2089858483,192608db42251d675da83286b1cce702) (ScriptedImporter) -> (artifact id: '67ddb1869cc3edadef6f165f1786e820') in 0.0162259 seconds
Number of updated asset objects reloaded before import = 0Number of asset objects unloaded after import = 0

========================================================================
Received Import Request.
  Time since last request: 0.000012 seconds.
  path: Assets/Oculus/Voice/Lib/Wit.ai/Scripts/Runtime/Data/Entities/WitDynamicEntity.cs
  artifactKey: Guid(efe24d6c4ed424d25a19396c7a2eec38) Importer(2089858483,192608db42251d675da83286b1cce702)
Start importing Assets/Oculus/Voice/Lib/Wit.ai/Scripts/Runtime/Data/Entities/WitDynamicEntity.cs using Guid(efe24d6c4ed424d25a19396c7a2eec38) Importer(2089858483,192608db42251d675da83286b1cce702) (ScriptedImporter) -> (artifact id: 'c0951d71d92cd2582f661b9c9ed3da31') in 0.0163605 seconds
Number of updated asset objects reloaded before import = 0Number of asset objects unloaded after import = 0

========================================================================
Received Import Request.
  Time since last request: 0.000015 seconds.
  path: Assets/Oculus/Voice/Lib/Wit.ai/Lib/Wit/Runtime/Requests/NLP/INLPRequestEvents.cs
  artifactKey: Guid(3e915dada06f3bd449046a18ad44bfbf) Importer(2089858483,192608db42251d675da83286b1cce702)
Start importing Assets/Oculus/Voice/Lib/Wit.ai/Lib/Wit/Runtime/Requests/NLP/INLPRequestEvents.cs using Guid(3e915dada06f3bd449046a18ad44bfbf) Importer(2089858483,192608db42251d675da83286b1cce702) (ScriptedImporter) -> (artifact id: 'c2576e4618918d267c8ac4a569c9b786') in 0.0141915 seconds
Number of updated asset objects reloaded before import = 0Number of asset objects unloaded after import = 0

========================================================================
Received Import Request.
  Time since last request: 0.000019 seconds.
  path: Assets/Oculus/Voice/Lib/Wit.ai/Lib/Wit/Runtime/Data/Info/WitEntityKeywordInfo.cs
  artifactKey: Guid(9e4abd70f379401469777964a4d7d706) Importer(2089858483,192608db42251d675da83286b1cce702)
Start importing Assets/Oculus/Voice/Lib/Wit.ai/Lib/Wit/Runtime/Data/Info/WitEntityKeywordInfo.cs using Guid(9e4abd70f379401469777964a4d7d706) Importer(2089858483,192608db42251d675da83286b1cce702) (ScriptedImporter) -> (artifact id: '538380f14aaa190cb73c34c3b465a62d') in 0.0145016 seconds
Number of updated asset objects reloaded before import = 0Number of asset objects unloaded after import = 0

========================================================================
Received Import Request.
  Time since last request: 0.000013 seconds.
  path: Assets/Oculus/Voice/Lib/Wit.ai/Lib/Conduit/Runtime/Data/ConduitParameterValue.cs
  artifactKey: Guid(454e43699e064d35a46ea2920d1050c8) Importer(2089858483,192608db42251d675da83286b1cce702)
Start importing Assets/Oculus/Voice/Lib/Wit.ai/Lib/Conduit/Runtime/Data/ConduitParameterValue.cs using Guid(454e43699e064d35a46ea2920d1050c8) Importer(2089858483,192608db42251d675da83286b1cce702) (ScriptedImporter) -> (artifact id: 'ebbfdbaeb5966c0f09048a329f618f76') in 0.0151086 seconds
Number of updated asset objects reloaded before import = 0Number of asset objects unloaded after import = 0

========================================================================
Received Import Request.
  Time since last request: 0.000016 seconds.
  path: Assets/Oculus/Voice/Lib/Wit.ai/Lib/Wit/Runtime/Json/DateTimeConverter.cs
  artifactKey: Guid(3937c7b4ec23d4a4c96a130935b83e23) Importer(2089858483,192608db42251d675da83286b1cce702)
Start importing Assets/Oculus/Voice/Lib/Wit.ai/Lib/Wit/Runtime/Json/DateTimeConverter.cs using Guid(3937c7b4ec23d4a4c96a130935b83e23) Importer(2089858483,192608db42251d675da83286b1cce702) (ScriptedImporter) -> (artifact id: 'f02a5351cb232bd2d7b8a12fe38b555b') in 0.0170061 seconds
Number of updated asset objects reloaded before import = 0Number of asset objects unloaded after import = 0

========================================================================
Received Import Request.
  Time since last request: 0.000013 seconds.
  path: Assets/Oculus/Voice/Lib/Wit.ai/Lib/Conduit/Editor/Data/WitIncomingEntity.cs
  artifactKey: Guid(5298826c3bc853144bbdd410359bff9c) Importer(2089858483,192608db42251d675da83286b1cce702)
Start importing Assets/Oculus/Voice/Lib/Wit.ai/Lib/Conduit/Editor/Data/WitIncomingEntity.cs using Guid(5298826c3bc853144bbdd410359bff9c) Importer(2089858483,192608db42251d675da83286b1cce702) (ScriptedImporter) -> (artifact id: 'a189a1d6f089941432f050daa3de13e1') in 0.0155646 seconds
Number of updated asset objects reloaded before import = 0Number of asset objects unloaded after import = 0

========================================================================
Received Import Request.
  Time since last request: 0.000014 seconds.
  path: Assets/Oculus/Voice/Lib/Wit.ai/Lib/Wit/Runtime/Audio/UnityAudioPlayer.cs
  artifactKey: Guid(10387d4a5d48b194985a819307c00b2c) Importer(2089858483,192608db42251d675da83286b1cce702)
Start importing Assets/Oculus/Voice/Lib/Wit.ai/Lib/Wit/Runtime/Audio/UnityAudioPlayer.cs using Guid(10387d4a5d48b194985a819307c00b2c) Importer(2089858483,192608db42251d675da83286b1cce702) (ScriptedImporter) -> (artifact id: '0e0b9944669b537edd1b7fc2abbf880b') in 0.01466 seconds
Number of updated asset objects reloaded before import = 0Number of asset objects unloaded after import = 0

========================================================================
Received Import Request.
  Time since last request: 0.000015 seconds.
  path: Assets/Oculus/Interaction/Runtime/Scripts/Interaction/Models/Locomotion/Teleport/Visuals/ActiveStateFingerVisual.cs
  artifactKey: Guid(6ee2e37559316a94794d03c847ca94e0) Importer(2089858483,192608db42251d675da83286b1cce702)
Start importing Assets/Oculus/Interaction/Runtime/Scripts/Interaction/Models/Locomotion/Teleport/Visuals/ActiveStateFingerVisual.cs using Guid(6ee2e37559316a94794d03c847ca94e0) Importer(2089858483,192608db42251d675da83286b1cce702) (ScriptedImporter) -> (artifact id: '2b958b2985d03ca6701ff3a59656f405') in 0.0156909 seconds
Number of updated asset objects reloaded before import = 0Number of asset objects unloaded after import = 0

========================================================================
Received Import Request.
  Time since last request: 0.000016 seconds.
  path: Assets/Oculus/Voice/Lib/Wit.ai/Lib/Wit/Runtime/Json/JsonPropertyAttribute.cs
  artifactKey: Guid(2414abce82ecf2b488608dca46edbb1d) Importer(2089858483,192608db42251d675da83286b1cce702)
Start importing Assets/Oculus/Voice/Lib/Wit.ai/Lib/Wit/Runtime/Json/JsonPropertyAttribute.cs using Guid(2414abce82ecf2b488608dca46edbb1d) Importer(2089858483,192608db42251d675da83286b1cce702) (ScriptedImporter) -> (artifact id: '315157e6a5a5ab8beb4ed781ec84f8eb') in 0.0168687 seconds
Number of updated asset objects reloaded before import = 0Number of asset objects unloaded after import = 0

========================================================================
Received Import Request.
  Time since last request: 0.000024 seconds.
  path: Assets/Oculus/Voice/Lib/Wit.ai/Features/TTS/Scripts/Runtime/Interfaces/ITTSWebHandler.cs
  artifactKey: Guid(210f082ad442e48479f3f7ee7eaeafed) Importer(2089858483,192608db42251d675da83286b1cce702)
Start importing Assets/Oculus/Voice/Lib/Wit.ai/Features/TTS/Scripts/Runtime/Interfaces/ITTSWebHandler.cs using Guid(210f082ad442e48479f3f7ee7eaeafed) Importer(2089858483,192608db42251d675da83286b1cce702) (ScriptedImporter) -> (artifact id: 'd4b38d59012f2db19b3b96cbba4e0994') in 0.0155418 seconds
Number of updated asset objects reloaded before import = 0Number of asset objects unloaded after import = 0

========================================================================
Received Import Request.
  Time since last request: 0.000011 seconds.
  path: Assets/Oculus/Voice/Lib/Wit.ai/Lib/Conduit/Runtime/Attributes/ConduitEntityAttribute.cs
  artifactKey: Guid(9625bb56c422c0545a6fc1dbcb6ffdeb) Importer(2089858483,192608db42251d675da83286b1cce702)
Start importing Assets/Oculus/Voice/Lib/Wit.ai/Lib/Conduit/Runtime/Attributes/ConduitEntityAttribute.cs using Guid(9625bb56c422c0545a6fc1dbcb6ffdeb) Importer(2089858483,192608db42251d675da83286b1cce702) (ScriptedImporter) -> (artifact id: 'e92b7db58ab5476fa305f4186e0c0d42') in 0.0141899 seconds
Number of updated asset objects reloaded before import = 0Number of asset objects unloaded after import = 0

========================================================================
Received Import Request.
  Time since last request: 0.000014 seconds.
  path: Assets/Oculus/Voice/Lib/Wit.ai/Lib/Wit/Runtime/Requests/UnityRequests/IWitRequestConfiguration.cs
  artifactKey: Guid(0fd73e82f27f30248b865c1fca834765) Importer(2089858483,192608db42251d675da83286b1cce702)
Start importing Assets/Oculus/Voice/Lib/Wit.ai/Lib/Wit/Runtime/Requests/UnityRequests/IWitRequestConfiguration.cs using Guid(0fd73e82f27f30248b865c1fca834765) Importer(2089858483,192608db42251d675da83286b1cce702) (ScriptedImporter) -> (artifact id: '1d3c615dea758ca41358c4030d043d4e') in 0.0160466 seconds
Number of updated asset objects reloaded before import = 0Number of asset objects unloaded after import = 0

========================================================================
Received Import Request.
  Time since last request: 0.000013 seconds.
  path: Assets/Oculus/Voice/Lib/Wit.ai/Features/TTS/Scripts/Editor/TTSWitInspector.cs
  artifactKey: Guid(2f6696f09b6647cda45870d07c064cab) Importer(2089858483,192608db42251d675da83286b1cce702)
Start importing Assets/Oculus/Voice/Lib/Wit.ai/Features/TTS/Scripts/Editor/TTSWitInspector.cs using Guid(2f6696f09b6647cda45870d07c064cab) Importer(2089858483,192608db42251d675da83286b1cce702) (ScriptedImporter) -> (artifact id: '53aa889cac247210d495daa3c286835b') in 0.0164462 seconds
Number of updated asset objects reloaded before import = 0Number of asset objects unloaded after import = 0

========================================================================
Received Import Request.
  Time since last request: 0.000016 seconds.
  path: Assets/Oculus/Interaction/Samples/Objects/Environment/Locomotion/Models/Materials/LocomotionBalconyFloorMat.mat
  artifactKey: Guid(f8a174ef358cb044295d2b91d1abede6) Importer(2089858483,192608db42251d675da83286b1cce702)
Start importing Assets/Oculus/Interaction/Samples/Objects/Environment/Locomotion/Models/Materials/LocomotionBalconyFloorMat.mat using Guid(f8a174ef358cb044295d2b91d1abede6) Importer(2089858483,192608db42251d675da83286b1cce702) (ScriptedImporter) -> (artifact id: '0ad67da227315a98ee940f061f5d4b77') in 0.0162246 seconds
Number of updated asset objects reloaded before import = 0Number of asset objects unloaded after import = 3

========================================================================
Received Import Request.
  Time since last request: 0.000014 seconds.
  path: Assets/Oculus/Voice/Lib/Wit.ai/Lib/Wit/Runtime/Requests/NLP/NLPAudioRequestEvents.cs
  artifactKey: Guid(a6e93521d9da5c54b95f60ba87de0c91) Importer(2089858483,192608db42251d675da83286b1cce702)
Start importing Assets/Oculus/Voice/Lib/Wit.ai/Lib/Wit/Runtime/Requests/NLP/NLPAudioRequestEvents.cs using Guid(a6e93521d9da5c54b95f60ba87de0c91) Importer(2089858483,192608db42251d675da83286b1cce702) (ScriptedImporter) -> (artifact id: '316b6cd6d9c113661c7ed244cf3eb2b1') in 0.0148248 seconds
Number of updated asset objects reloaded before import = 0Number of asset objects unloaded after import = 0

========================================================================
Received Import Request.
  Time since last request: 0.000015 seconds.
  path: Assets/Oculus/Voice/Lib/Wit.ai/Lib/Conduit/Editor/Facebook.Wit.Conduit.Editor.asmdef
  artifactKey: Guid(70c988d11fbc4814db519eecb47cca75) Importer(2089858483,192608db42251d675da83286b1cce702)
Start importing Assets/Oculus/Voice/Lib/Wit.ai/Lib/Conduit/Editor/Facebook.Wit.Conduit.Editor.asmdef using Guid(70c988d11fbc4814db519eecb47cca75) Importer(2089858483,192608db42251d675da83286b1cce702) (ScriptedImporter) -> (artifact id: '19f67f06c5057e9b3e34e3c5badbf37e') in 0.014004 seconds
Number of updated asset objects reloaded before import = 0Number of asset objects unloaded after import = 1

========================================================================
Received Import Request.
  Time since last request: 0.000029 seconds.
  path: Assets/Oculus/Voice/Features/Dictation/Scripts/Runtime/API/Listeners/DictationListener.cs
  artifactKey: Guid(809d25c26f051e44991a37caa328aa7a) Importer(2089858483,192608db42251d675da83286b1cce702)
Start importing Assets/Oculus/Voice/Features/Dictation/Scripts/Runtime/API/Listeners/DictationListener.cs using Guid(809d25c26f051e44991a37caa328aa7a) Importer(2089858483,192608db42251d675da83286b1cce702) (ScriptedImporter) -> (artifact id: '9366159c915e70b6b0d0a917718cdae1') in 0.0153668 seconds
Number of updated asset objects reloaded before import = 0Number of asset objects unloaded after import = 0

========================================================================
Received Import Request.
  Time since last request: 0.000018 seconds.
  path: Assets/Oculus/Interaction/Samples/Objects/Environment/SmallRoom/Materials/SmallRoomFabricMat.mat
  artifactKey: Guid(8ad3dfbb5f0703a4f911a6aad201242c) Importer(2089858483,192608db42251d675da83286b1cce702)
Start importing Assets/Oculus/Interaction/Samples/Objects/Environment/SmallRoom/Materials/SmallRoomFabricMat.mat using Guid(8ad3dfbb5f0703a4f911a6aad201242c) Importer(2089858483,192608db42251d675da83286b1cce702) (ScriptedImporter) -> (artifact id: '5e5ac186b2789f1dc1b67400c6acf4fb') in 0.0179495 seconds
Number of updated asset objects reloaded before import = 0Number of asset objects unloaded after import = 3

========================================================================
Received Import Request.
  Time since last request: 0.000015 seconds.
  path: Assets/Oculus/Voice/Lib/Wit.ai/Lib/Wit/Runtime/Json/IJsonDeserializer.cs
  artifactKey: Guid(b17c9cba9fee5014d8e9ee998150a5fb) Importer(2089858483,192608db42251d675da83286b1cce702)
Start importing Assets/Oculus/Voice/Lib/Wit.ai/Lib/Wit/Runtime/Json/IJsonDeserializer.cs using Guid(b17c9cba9fee5014d8e9ee998150a5fb) Importer(2089858483,192608db42251d675da83286b1cce702) (ScriptedImporter) -> (artifact id: 'aaaa65d1026b470600906478ae43b04c') in 0.0139905 seconds
Number of updated asset objects reloaded before import = 0Number of asset objects unloaded after import = 0

========================================================================
Received Import Request.
  Time since last request: 0.000015 seconds.
  path: Assets/Oculus/Voice/Lib/Wit.ai/Scripts/Runtime/Events/EventCategoryAttribute.cs
  artifactKey: Guid(3c098352b8ac4407a48e88eec765e7c5) Importer(2089858483,192608db42251d675da83286b1cce702)
Start importing Assets/Oculus/Voice/Lib/Wit.ai/Scripts/Runtime/Events/EventCategoryAttribute.cs using Guid(3c098352b8ac4407a48e88eec765e7c5) Importer(2089858483,192608db42251d675da83286b1cce702) (ScriptedImporter) -> (artifact id: 'dae99b5cafbe91a7732a52bf874809cb') in 0.0146794 seconds
Number of updated asset objects reloaded before import = 0Number of asset objects unloaded after import = 0

========================================================================
Received Import Request.
  Time since last request: 0.000017 seconds.
  path: Assets/Oculus/Interaction/Samples/Objects/Props/TennisBall/TennisBall.fbx
  artifactKey: Guid(6b5750d4379112e44993b8d4081f09b4) Importer(2089858483,192608db42251d675da83286b1cce702)
Start importing Assets/Oculus/Interaction/Samples/Objects/Props/TennisBall/TennisBall.fbx using Guid(6b5750d4379112e44993b8d4081f09b4) Importer(2089858483,192608db42251d675da83286b1cce702) (ScriptedImporter) -> (artifact id: 'f5c869c83aa59efe6b60631aa5c4b2d0') in 0.0204941 seconds
Number of updated asset objects reloaded before import = 0Number of asset objects unloaded after import = 8

========================================================================
Received Import Request.
  Time since last request: 0.000014 seconds.
  path: Assets/Oculus/Interaction/Samples/Scripts/HandGrabUse/Effects/WaterSpray/WaterSprayNozzleTransformer.cs
  artifactKey: Guid(b1302feb954c92f43bb3d72f377721ee) Importer(2089858483,192608db42251d675da83286b1cce702)
Start importing Assets/Oculus/Interaction/Samples/Scripts/HandGrabUse/Effects/WaterSpray/WaterSprayNozzleTransformer.cs using Guid(b1302feb954c92f43bb3d72f377721ee) Importer(2089858483,192608db42251d675da83286b1cce702) (ScriptedImporter) -> (artifact id: '9673cf80cc160ce3da943dc8a372c7f6') in 0.0143285 seconds
Number of updated asset objects reloaded before import = 0Number of asset objects unloaded after import = 0

========================================================================
Received Import Request.
  Time since last request: 0.000016 seconds.
  path: Assets/Oculus/Interaction/Runtime/Scripts/Interaction/Models/Locomotion/Teleport/PitchRemap.cs
  artifactKey: Guid(00fb09ebbae676f428d70c0dd883b89f) Importer(2089858483,192608db42251d675da83286b1cce702)
Start importing Assets/Oculus/Interaction/Runtime/Scripts/Interaction/Models/Locomotion/Teleport/PitchRemap.cs using Guid(00fb09ebbae676f428d70c0dd883b89f) Importer(2089858483,192608db42251d675da83286b1cce702) (ScriptedImporter) -> (artifact id: '0bf272c699c10b0a43ac8c40d24bbf02') in 0.0151781 seconds
Number of updated asset objects reloaded before import = 0Number of asset objects unloaded after import = 0

========================================================================
Received Import Request.
  Time since last request: 0.000023 seconds.
  path: Assets/Oculus/Voice/Features/Hub/Scripts/Runtime/Attributes/MetaHubPageAttribute.cs
  artifactKey: Guid(b7abd7a0ff8e45bc9cad665bffea5fae) Importer(2089858483,192608db42251d675da83286b1cce702)
Start importing Assets/Oculus/Voice/Features/Hub/Scripts/Runtime/Attributes/MetaHubPageAttribute.cs using Guid(b7abd7a0ff8e45bc9cad665bffea5fae) Importer(2089858483,192608db42251d675da83286b1cce702) (ScriptedImporter) -> (artifact id: 'a69a70b4785a6c8565ec5d44b7454026') in 0.0162799 seconds
Number of updated asset objects reloaded before import = 0Number of asset objects unloaded after import = 0

========================================================================
Received Import Request.
  Time since last request: 0.000013 seconds.
  path: Assets/Oculus/Voice/Lib/PlatformCompatibility/Scripts/Runtime/Android/BaseAndriodConnectionImpl.cs
  artifactKey: Guid(aa5e9cb2d6b763f4c983b82092bb192d) Importer(2089858483,192608db42251d675da83286b1cce702)
Start importing Assets/Oculus/Voice/Lib/PlatformCompatibility/Scripts/Runtime/Android/BaseAndriodConnectionImpl.cs using Guid(aa5e9cb2d6b763f4c983b82092bb192d) Importer(2089858483,192608db42251d675da83286b1cce702) (ScriptedImporter) -> (artifact id: '2ff3eff8f777f6713c42d102b199a138') in 0.0157567 seconds
Number of updated asset objects reloaded before import = 0Number of asset objects unloaded after import = 0

========================================================================
Received Import Request.
  Time since last request: 0.000015 seconds.
  path: Assets/Oculus/Interaction/Samples/Objects/Environment/SmallRoom/Textures/furnitureBakeLight.png
  artifactKey: Guid(9bec27491f84ddc4d9151c7eb2487b59) Importer(2089858483,192608db42251d675da83286b1cce702)
Start importing Assets/Oculus/Interaction/Samples/Objects/Environment/SmallRoom/Textures/furnitureBakeLight.png using Guid(9bec27491f84ddc4d9151c7eb2487b59) Importer(2089858483,192608db42251d675da83286b1cce702) (ScriptedImporter) -> (artifact id: '57234fe7122141a20c002c4ab563eca4') in 0.0276589 seconds
Number of updated asset objects reloaded before import = 0Number of asset objects unloaded after import = 1

========================================================================
Received Import Request.
  Time since last request: 0.000014 seconds.
  path: Assets/Oculus/Voice/Lib/Wit.ai/Scripts/Editor/Data/Configuration/Tabs/WitConfigurationTraitsTab.cs
  artifactKey: Guid(e918e26b57b74f01af337608e8d9a531) Importer(2089858483,192608db42251d675da83286b1cce702)
Start importing Assets/Oculus/Voice/Lib/Wit.ai/Scripts/Editor/Data/Configuration/Tabs/WitConfigurationTraitsTab.cs using Guid(e918e26b57b74f01af337608e8d9a531) Importer(2089858483,192608db42251d675da83286b1cce702) (ScriptedImporter) -> (artifact id: '0a707c538dfc91ca761cb75fbec2e31a') in 0.0176239 seconds
Number of updated asset objects reloaded before import = 0Number of asset objects unloaded after import = 0

========================================================================
Received Import Request.
  Time since last request: 0.000012 seconds.
  path: Assets/Oculus/Voice/Features/Telemetry/Scripts/Editor/TelemetryAnnotationKey.cs
  artifactKey: Guid(81ff51cbc7484e1491534f8d4cfbf413) Importer(2089858483,192608db42251d675da83286b1cce702)
Start importing Assets/Oculus/Voice/Features/Telemetry/Scripts/Editor/TelemetryAnnotationKey.cs using Guid(81ff51cbc7484e1491534f8d4cfbf413) Importer(2089858483,192608db42251d675da83286b1cce702) (ScriptedImporter) -> (artifact id: '3af9fbc2e0f30afeae5489322874afe5') in 0.0134254 seconds
Number of updated asset objects reloaded before import = 0Number of asset objects unloaded after import = 0

========================================================================
Received Import Request.
  Time since last request: 0.000016 seconds.
  path: Assets/Oculus/SampleFramework/Usage/SharedAssets/Skyboxes/Sky_01/Skybox01_Down-Y.png
  artifactKey: Guid(44ba68aec4ce947e182003f5806313cd) Importer(2089858483,192608db42251d675da83286b1cce702)
Start importing Assets/Oculus/SampleFramework/Usage/SharedAssets/Skyboxes/Sky_01/Skybox01_Down-Y.png using Guid(44ba68aec4ce947e182003f5806313cd) Importer(2089858483,192608db42251d675da83286b1cce702) (ScriptedImporter) -> (artifact id: 'abfa0508415b89b42f3ed44d7e416b5c') in 0.0200722 seconds
Number of updated asset objects reloaded before import = 0Number of asset objects unloaded after import = 1

========================================================================
Received Import Request.
  Time since last request: 0.000022 seconds.
  path: Assets/Oculus/VR/Editor/OVRProjectSetup/Tasks/Processors/OVRConfigurationTaskProcessor.cs
  artifactKey: Guid(da7a8c3cbcb14aba8b02a89bc05e136f) Importer(2089858483,192608db42251d675da83286b1cce702)
Start importing Assets/Oculus/VR/Editor/OVRProjectSetup/Tasks/Processors/OVRConfigurationTaskProcessor.cs using Guid(da7a8c3cbcb14aba8b02a89bc05e136f) Importer(2089858483,192608db42251d675da83286b1cce702) (ScriptedImporter) -> (artifact id: '0f71f1075b3b9e0d7e9568b8581ee962') in 0.0139886 seconds
Number of updated asset objects reloaded before import = 0Number of asset objects unloaded after import = 0

========================================================================
Received Import Request.
  Time since last request: 0.000014 seconds.
  path: Assets/Oculus/SampleFramework/Usage/SceneManager/Prefabs/GlobalMesh/Global Mesh Renderer.prefab
  artifactKey: Guid(08f07d608e08ee94b94e16dcc7421e8c) Importer(2089858483,192608db42251d675da83286b1cce702)
Start importing Assets/Oculus/SampleFramework/Usage/SceneManager/Prefabs/GlobalMesh/Global Mesh Renderer.prefab using Guid(08f07d608e08ee94b94e16dcc7421e8c) Importer(2089858483,192608db42251d675da83286b1cce702) (ScriptedImporter) -> (artifact id: '87a1f6afdea6eecc1e717c3b2e21c14f') in 0.0172193 seconds
Number of updated asset objects reloaded before import = 0Number of asset objects unloaded after import = 10

========================================================================
Received Import Request.
  Time since last request: 0.000013 seconds.
  path: Assets/Oculus/Interaction/Samples/Objects/Props/StonePolyhedra/StoneCube.prefab
  artifactKey: Guid(e3b826e8a7103bc49af231259b274c97) Importer(2089858483,192608db42251d675da83286b1cce702)
Start importing Assets/Oculus/Interaction/Samples/Objects/Props/StonePolyhedra/StoneCube.prefab using Guid(e3b826e8a7103bc49af231259b274c97) Importer(2089858483,192608db42251d675da83286b1cce702) (ScriptedImporter) -> (artifact id: '40fc5403f19412aa4f9d8e89befe7e49') in 0.0316424 seconds
Number of updated asset objects reloaded before import = 0Number of asset objects unloaded after import = 146

========================================================================
Received Import Request.
  Time since last request: 0.000016 seconds.
  path: Assets/Oculus/Voice/Lib/Wit.ai/Scripts/Runtime/ServiceReferences/AudioInputServiceReference.cs
  artifactKey: Guid(4a3a148ab10644f4fb39b62a492a409f) Importer(2089858483,192608db42251d675da83286b1cce702)
Start importing Assets/Oculus/Voice/Lib/Wit.ai/Scripts/Runtime/ServiceReferences/AudioInputServiceReference.cs using Guid(4a3a148ab10644f4fb39b62a492a409f) Importer(2089858483,192608db42251d675da83286b1cce702) (ScriptedImporter) -> (artifact id: '9f3821b30b2ae32a78ad3dce4488700d') in 0.0120902 seconds
Number of updated asset objects reloaded before import = 0Number of asset objects unloaded after import = 0

========================================================================
Received Import Request.
  Time since last request: 0.000013 seconds.
  path: Assets/Oculus/SampleFramework/Usage/SceneManager/Prefabs/FurniturePrefabs/WallPrefab.prefab
  artifactKey: Guid(d3d1448f3ff154440b5c5b19ba9235ea) Importer(2089858483,192608db42251d675da83286b1cce702)
Start importing Assets/Oculus/SampleFramework/Usage/SceneManager/Prefabs/FurniturePrefabs/WallPrefab.prefab using Guid(d3d1448f3ff154440b5c5b19ba9235ea) Importer(2089858483,192608db42251d675da83286b1cce702) (ScriptedImporter) -> (artifact id: '7801742ccb7aa6848f2927ce54b5e402') in 0.0161675 seconds
Number of updated asset objects reloaded before import = 0Number of asset objects unloaded after import = 11

========================================================================
Received Import Request.
  Time since last request: 0.000016 seconds.
  path: Assets/Oculus/SampleFramework/Usage/SceneManager/Prefabs/GlobalMesh/Global Mesh Collider.prefab
  artifactKey: Guid(3af5572e5d3ab6945bd09b4face9367a) Importer(2089858483,192608db42251d675da83286b1cce702)
Start importing Assets/Oculus/SampleFramework/Usage/SceneManager/Prefabs/GlobalMesh/Global Mesh Collider.prefab using Guid(3af5572e5d3ab6945bd09b4face9367a) Importer(2089858483,192608db42251d675da83286b1cce702) (ScriptedImporter) -> (artifact id: '1163bb0988da80c0acbd14cc522e7528') in 0.0160065 seconds
Number of updated asset objects reloaded before import = 0Number of asset objects unloaded after import = 8

========================================================================
Received Import Request.
  Time since last request: 0.000027 seconds.
  path: Assets/Oculus/Voice/Lib/Wit.ai/Scripts/Editor/Windows/WitScriptableWizard.cs
  artifactKey: Guid(b34c061231c8eaf40ae5c1f781e165a2) Importer(2089858483,192608db42251d675da83286b1cce702)
Start importing Assets/Oculus/Voice/Lib/Wit.ai/Scripts/Editor/Windows/WitScriptableWizard.cs using Guid(b34c061231c8eaf40ae5c1f781e165a2) Importer(2089858483,192608db42251d675da83286b1cce702) (ScriptedImporter) -> (artifact id: '175d3aca68dd926aa40c7b3aa5819ce1') in 0.0165779 seconds
Number of updated asset objects reloaded before import = 0Number of asset objects unloaded after import = 0

========================================================================
Received Import Request.
  Time since last request: 0.000014 seconds.
  path: Assets/Oculus/Interaction/Samples/Objects/Environment/Locomotion/Models/Meta_LocamotionBedroom.fbx
  artifactKey: Guid(401a8d8a1bfb7104bb0b059f9ceefba2) Importer(2089858483,192608db42251d675da83286b1cce702)
Start importing Assets/Oculus/Interaction/Samples/Objects/Environment/Locomotion/Models/Meta_LocamotionBedroom.fbx using Guid(401a8d8a1bfb7104bb0b059f9ceefba2) Importer(2089858483,192608db42251d675da83286b1cce702) (ScriptedImporter) -> (artifact id: 'b5d688e005d268801e6281149b8e4c42') in 0.0180133 seconds
Number of updated asset objects reloaded before import = 0Number of asset objects unloaded after import = 14

========================================================================
Received Import Request.
  Time since last request: 0.000013 seconds.
  path: Assets/Oculus/Voice/Lib/Wit.ai/Lib/Conduit/Runtime/Data/ManifestErrorHandler.cs
  artifactKey: Guid(400fb04e547d41df80de690a65cf8e6f) Importer(2089858483,192608db42251d675da83286b1cce702)
Start importing Assets/Oculus/Voice/Lib/Wit.ai/Lib/Conduit/Runtime/Data/ManifestErrorHandler.cs using Guid(400fb04e547d41df80de690a65cf8e6f) Importer(2089858483,192608db42251d675da83286b1cce702) (ScriptedImporter) -> (artifact id: 'e8bebf35b7a965ecb150b93d6e2ab79b') in 0.0138915 seconds
Number of updated asset objects reloaded before import = 0Number of asset objects unloaded after import = 0

========================================================================
Received Import Request.
  Time since last request: 0.000013 seconds.
  path: Assets/Oculus/Interaction/Samples/Objects/Environment/Locomotion/Models/Meta_LocomotionRoom.fbx
  artifactKey: Guid(37813fb9636706d46b13c24b426e109a) Importer(2089858483,192608db42251d675da83286b1cce702)
Start importing Assets/Oculus/Interaction/Samples/Objects/Environment/Locomotion/Models/Meta_LocomotionRoom.fbx using Guid(37813fb9636706d46b13c24b426e109a) Importer(2089858483,192608db42251d675da83286b1cce702) (ScriptedImporter) -> (artifact id: '4dc8194e91117a3f513c6a60de6ea80c') in 0.0198092 seconds
Number of updated asset objects reloaded before import = 0Number of asset objects unloaded after import = 19

========================================================================
Received Import Request.
  Time since last request: 0.000012 seconds.
  path: Assets/Oculus/Voice/Lib/Wit.ai/Lib/Wit/Runtime/Requests/UnityRequests/VRequest.cs
  artifactKey: Guid(f180e74846b815442a7591b7e6a2db9b) Importer(2089858483,192608db42251d675da83286b1cce702)
Start importing Assets/Oculus/Voice/Lib/Wit.ai/Lib/Wit/Runtime/Requests/UnityRequests/VRequest.cs using Guid(f180e74846b815442a7591b7e6a2db9b) Importer(2089858483,192608db42251d675da83286b1cce702) (ScriptedImporter) -> (artifact id: '51a63639cbc0d8fe143135903e336016') in 0.0157347 seconds
Number of updated asset objects reloaded before import = 0Number of asset objects unloaded after import = 0

========================================================================
Received Import Request.
  Time since last request: 0.000015 seconds.
  path: Assets/Oculus/Interaction/Runtime/Scripts/Interaction/Models/Locomotion/PlayerLocomotor.cs
  artifactKey: Guid(3b07f2ca3663a6041b075ea23c02a6a4) Importer(2089858483,192608db42251d675da83286b1cce702)
Start importing Assets/Oculus/Interaction/Runtime/Scripts/Interaction/Models/Locomotion/PlayerLocomotor.cs using Guid(3b07f2ca3663a6041b075ea23c02a6a4) Importer(2089858483,192608db42251d675da83286b1cce702) (ScriptedImporter) -> (artifact id: 'c14166cf7a4231a550e14ebdf46989b8') in 0.012921 seconds
Number of updated asset objects reloaded before import = 0Number of asset objects unloaded after import = 0

========================================================================
Received Import Request.
  Time since last request: 0.000016 seconds.
  path: Assets/Oculus/Voice/Lib/Wit.ai/Features/TTS/Scripts/Runtime/Interfaces/ITTSVoiceProvider.cs
  artifactKey: Guid(e7bd457b1d9cef444b011a63b950a90d) Importer(2089858483,192608db42251d675da83286b1cce702)
Start importing Assets/Oculus/Voice/Lib/Wit.ai/Features/TTS/Scripts/Runtime/Interfaces/ITTSVoiceProvider.cs using Guid(e7bd457b1d9cef444b011a63b950a90d) Importer(2089858483,192608db42251d675da83286b1cce702) (ScriptedImporter) -> (artifact id: 'cb9330fd39f194d24759b9c4462e9f84') in 0.0127549 seconds
Number of updated asset objects reloaded before import = 0Number of asset objects unloaded after import = 0

========================================================================
Received Import Request.
  Time since last request: 0.000024 seconds.
  path: Assets/Oculus/Interaction/Runtime/Scripts/Interaction/Models/DropZone/DropZoneInteractable.cs
  artifactKey: Guid(06bd28341d3e86a4c8ab52b1a0269c7c) Importer(2089858483,192608db42251d675da83286b1cce702)
Start importing Assets/Oculus/Interaction/Runtime/Scripts/Interaction/Models/DropZone/DropZoneInteractable.cs using Guid(06bd28341d3e86a4c8ab52b1a0269c7c) Importer(2089858483,192608db42251d675da83286b1cce702) (ScriptedImporter) -> (artifact id: 'ed842b826998b7c61e2986d31df15bc4') in 0.0137385 seconds
Number of updated asset objects reloaded before import = 0Number of asset objects unloaded after import = 0

========================================================================
Received Import Request.
  Time since last request: 0.000010 seconds.
  path: Assets/Oculus/SampleFramework/Usage/TouchPro/Prefabs/StylusTip/StylusTipBreadCrumbPf.prefab
  artifactKey: Guid(737cbb352eac8f04d8242de1c303e9fa) Importer(2089858483,192608db42251d675da83286b1cce702)
Start importing Assets/Oculus/SampleFramework/Usage/TouchPro/Prefabs/StylusTip/StylusTipBreadCrumbPf.prefab using Guid(737cbb352eac8f04d8242de1c303e9fa) Importer(2089858483,192608db42251d675da83286b1cce702) (ScriptedImporter) -> (artifact id: '1b606afdea817461249a6d9d38bcc99e') in 0.0137975 seconds
Number of updated asset objects reloaded before import = 0Number of asset objects unloaded after import = 7

========================================================================
Received Import Request.
  Time since last request: 0.000012 seconds.
  path: Assets/Oculus/Voice/Lib/PlatformCompatibility/Scripts/Runtime/Interfaces/IConnection.cs
  artifactKey: Guid(0a8340504b2574441afe16939acde7ae) Importer(2089858483,192608db42251d675da83286b1cce702)
Start importing Assets/Oculus/Voice/Lib/PlatformCompatibility/Scripts/Runtime/Interfaces/IConnection.cs using Guid(0a8340504b2574441afe16939acde7ae) Importer(2089858483,192608db42251d675da83286b1cce702) (ScriptedImporter) -> (artifact id: '71c1bd1a72ee85836bf7b5c86c2933c7') in 0.0140014 seconds
Number of updated asset objects reloaded before import = 0Number of asset objects unloaded after import = 0

========================================================================
Received Import Request.
  Time since last request: 0.000013 seconds.
  path: Assets/Oculus/SampleFramework/Usage/SceneManager/Prefabs/FurniturePrefabs/WindowPrefab.prefab
  artifactKey: Guid(ea9dc18d693f4bc4180075631acbcf0e) Importer(2089858483,192608db42251d675da83286b1cce702)
Start importing Assets/Oculus/SampleFramework/Usage/SceneManager/Prefabs/FurniturePrefabs/WindowPrefab.prefab using Guid(ea9dc18d693f4bc4180075631acbcf0e) Importer(2089858483,192608db42251d675da83286b1cce702) (ScriptedImporter) -> (artifact id: '586924018d757efe1b1100cb8ef96533') in 0.0191029 seconds
Number of updated asset objects reloaded before import = 0Number of asset objects unloaded after import = 13

========================================================================
Received Import Request.
  Time since last request: 0.000016 seconds.
  path: Assets/Oculus/Voice/Lib/Wit.ai/Lib/Wit/Editor/Requests/WitVRequestFactory.cs
  artifactKey: Guid(1fe1e1ed862c471fa50f401771fa915b) Importer(2089858483,192608db42251d675da83286b1cce702)
Start importing Assets/Oculus/Voice/Lib/Wit.ai/Lib/Wit/Editor/Requests/WitVRequestFactory.cs using Guid(1fe1e1ed862c471fa50f401771fa915b) Importer(2089858483,192608db42251d675da83286b1cce702) (ScriptedImporter) -> (artifact id: '192f2fc596dc4bf36ece7267978bce00') in 0.0179068 seconds
Number of updated asset objects reloaded before import = 0Number of asset objects unloaded after import = 0

========================================================================
Received Import Request.
  Time since last request: 0.000012 seconds.
  path: Assets/Oculus/Voice/Lib/Wit.ai/Scripts/Runtime/AssemblyInfo.cs
  artifactKey: Guid(d1e74ebbbf864e009ea70c1e3ac18477) Importer(2089858483,192608db42251d675da83286b1cce702)
Start importing Assets/Oculus/Voice/Lib/Wit.ai/Scripts/Runtime/AssemblyInfo.cs using Guid(d1e74ebbbf864e009ea70c1e3ac18477) Importer(2089858483,192608db42251d675da83286b1cce702) (ScriptedImporter) -> (artifact id: '2452cb423816d7abd98f31f3e3dcab4b') in 0.0121965 seconds
Number of updated asset objects reloaded before import = 0Number of asset objects unloaded after import = 0

========================================================================
Received Import Request.
  Time since last request: 0.000016 seconds.
  path: Assets/Oculus/Voice/Lib/Wit.ai/Lib/Wit/Editor/Requests/IWitSyncVRequest.cs
  artifactKey: Guid(143e40aa66da4b14bbdbd6a12d66414e) Importer(2089858483,192608db42251d675da83286b1cce702)
Start importing Assets/Oculus/Voice/Lib/Wit.ai/Lib/Wit/Editor/Requests/IWitSyncVRequest.cs using Guid(143e40aa66da4b14bbdbd6a12d66414e) Importer(2089858483,192608db42251d675da83286b1cce702) (ScriptedImporter) -> (artifact id: 'd59e4b9524ef09102318ebf4837e2712') in 0.0128158 seconds
Number of updated asset objects reloaded before import = 0Number of asset objects unloaded after import = 0

========================================================================
Received Import Request.
  Time since last request: 0.000024 seconds.
  path: Assets/Oculus/Interaction/Samples/Objects/Props/Reticles/placeholder.txt
  artifactKey: Guid(c4fc088ca74b16840970266e05bdca8d) Importer(2089858483,192608db42251d675da83286b1cce702)
Start importing Assets/Oculus/Interaction/Samples/Objects/Props/Reticles/placeholder.txt using Guid(c4fc088ca74b16840970266e05bdca8d) Importer(2089858483,192608db42251d675da83286b1cce702) (ScriptedImporter) -> (artifact id: '08ec3fd32acef45454192e4a12e821e4') in 0.0133645 seconds
Number of updated asset objects reloaded before import = 0Number of asset objects unloaded after import = 1

========================================================================
Received Import Request.
  Time since last request: 0.000013 seconds.
  path: Assets/Oculus/Voice/Lib/Wit.ai/Scripts/Runtime/ServiceReferences/CombinedAudioEventReference.cs
  artifactKey: Guid(80d212d929af8425e9c85933a3e2129f) Importer(2089858483,192608db42251d675da83286b1cce702)
Start importing Assets/Oculus/Voice/Lib/Wit.ai/Scripts/Runtime/ServiceReferences/CombinedAudioEventReference.cs using Guid(80d212d929af8425e9c85933a3e2129f) Importer(2089858483,192608db42251d675da83286b1cce702) (ScriptedImporter) -> (artifact id: '132363bd1b4fcd1c8fcbcc3749b54065') in 0.0128697 seconds
Number of updated asset objects reloaded before import = 0Number of asset objects unloaded after import = 0

========================================================================
Received Import Request.
  Time since last request: 0.000013 seconds.
  path: Assets/Oculus/Voice/Scripts/Runtime/Bindings/Android/VoiceSDKConfigBinding.cs
  artifactKey: Guid(114218fd50f24874adaaf0e91a865d75) Importer(2089858483,192608db42251d675da83286b1cce702)
Start importing Assets/Oculus/Voice/Scripts/Runtime/Bindings/Android/VoiceSDKConfigBinding.cs using Guid(114218fd50f24874adaaf0e91a865d75) Importer(2089858483,192608db42251d675da83286b1cce702) (ScriptedImporter) -> (artifact id: 'c318b56827ff80928e6ca0bd40135ec6') in 0.0146979 seconds
Number of updated asset objects reloaded before import = 0Number of asset objects unloaded after import = 0

========================================================================
Received Import Request.
  Time since last request: 0.000014 seconds.
  path: Assets/Oculus/Voice/Lib/Wit.ai/Features/TTS/Scripts/Runtime/Events/TTSWebRequestEvents.cs
  artifactKey: Guid(59d937d620dd3ea45abde93fe056c240) Importer(2089858483,192608db42251d675da83286b1cce702)
Start importing Assets/Oculus/Voice/Lib/Wit.ai/Features/TTS/Scripts/Runtime/Events/TTSWebRequestEvents.cs using Guid(59d937d620dd3ea45abde93fe056c240) Importer(2089858483,192608db42251d675da83286b1cce702) (ScriptedImporter) -> (artifact id: '6d5282edd30a9916cfd30c248128944b') in 0.0132782 seconds
Number of updated asset objects reloaded before import = 0Number of asset objects unloaded after import = 0

========================================================================
Received Import Request.
  Time since last request: 0.000014 seconds.
  path: Assets/Oculus/Interaction/Samples/Objects/Props/ChessPiece/Models/simpleGrabKnightConvexHulls.fbx
  artifactKey: Guid(6626c40df85db304a9ab41baa2178c45) Importer(2089858483,192608db42251d675da83286b1cce702)
Start importing Assets/Oculus/Interaction/Samples/Objects/Props/ChessPiece/Models/simpleGrabKnightConvexHulls.fbx using Guid(6626c40df85db304a9ab41baa2178c45) Importer(2089858483,192608db42251d675da83286b1cce702) (ScriptedImporter) -> (artifact id: '07e6dca61f2b31d8c779806b1fae8396') in 0.019195 seconds
Number of updated asset objects reloaded before import = 0Number of asset objects unloaded after import = 24

========================================================================
Received Import Request.
  Time since last request: 0.000013 seconds.
  path: Assets/Oculus/Interaction/Runtime/Scripts/Unity/Input/InputKey.cs
  artifactKey: Guid(9c623d571545a954eb981f14cf5e3eef) Importer(2089858483,192608db42251d675da83286b1cce702)
Start importing Assets/Oculus/Interaction/Runtime/Scripts/Unity/Input/InputKey.cs using Guid(9c623d571545a954eb981f14cf5e3eef) Importer(2089858483,192608db42251d675da83286b1cce702) (ScriptedImporter) -> (artifact id: '2424366837b0438008d24e4270634e09') in 0.0128097 seconds
Number of updated asset objects reloaded before import = 0Number of asset objects unloaded after import = 0

========================================================================
Received Import Request.
  Time since last request: 0.000017 seconds.
  path: Assets/Oculus/Interaction/Runtime/Scripts/Selection/Hands/CenterEyeOffset.cs
  artifactKey: Guid(8268085ebe170e64aa36672a45f0dd8d) Importer(2089858483,192608db42251d675da83286b1cce702)
Start importing Assets/Oculus/Interaction/Runtime/Scripts/Selection/Hands/CenterEyeOffset.cs using Guid(8268085ebe170e64aa36672a45f0dd8d) Importer(2089858483,192608db42251d675da83286b1cce702) (ScriptedImporter) -> (artifact id: 'd43f96f1a82e4fe506a6a4e6ce65e765') in 0.013278 seconds
Number of updated asset objects reloaded before import = 0Number of asset objects unloaded after import = 0

========================================================================
Received Import Request.
  Time since last request: 0.000023 seconds.
  path: Assets/Oculus/Interaction/Samples/Objects/Environment/Screen/Models/ScreenMesh.fbx
  artifactKey: Guid(5dd40ba251cb98747a696b72bc347fe9) Importer(2089858483,192608db42251d675da83286b1cce702)
Start importing Assets/Oculus/Interaction/Samples/Objects/Environment/Screen/Models/ScreenMesh.fbx using Guid(5dd40ba251cb98747a696b72bc347fe9) Importer(2089858483,192608db42251d675da83286b1cce702) (ScriptedImporter) -> (artifact id: 'acefb572a780b601d3d8d73d1a75faa1') in 0.0196449 seconds
Number of updated asset objects reloaded before import = 0Number of asset objects unloaded after import = 8

========================================================================
Received Import Request.
  Time since last request: 0.000013 seconds.
  path: Assets/Oculus/Interaction/Runtime/Scripts/Interaction/Models/HandGrab/HandGrabTarget.cs
  artifactKey: Guid(3abe3ff74adb27a44a07a06780b1edb2) Importer(2089858483,192608db42251d675da83286b1cce702)
Start importing Assets/Oculus/Interaction/Runtime/Scripts/Interaction/Models/HandGrab/HandGrabTarget.cs using Guid(3abe3ff74adb27a44a07a06780b1edb2) Importer(2089858483,192608db42251d675da83286b1cce702) (ScriptedImporter) -> (artifact id: 'f6e77522804214c9f434f4f476db75e1') in 0.0139528 seconds
Number of updated asset objects reloaded before import = 0Number of asset objects unloaded after import = 0

========================================================================
Received Import Request.
  Time since last request: 0.000016 seconds.
  path: Assets/Oculus/Interaction/Runtime/Scripts/Input/Hands/DataModifiers/FixedScaleHand.cs
  artifactKey: Guid(b927808915b4eba41b76168390b99c24) Importer(2089858483,192608db42251d675da83286b1cce702)
Start importing Assets/Oculus/Interaction/Runtime/Scripts/Input/Hands/DataModifiers/FixedScaleHand.cs using Guid(b927808915b4eba41b76168390b99c24) Importer(2089858483,192608db42251d675da83286b1cce702) (ScriptedImporter) -> (artifact id: '16ee404d8982cf43ef7b1ac5043e1210') in 0.0129952 seconds
Number of updated asset objects reloaded before import = 0Number of asset objects unloaded after import = 0

========================================================================
Received Import Request.
  Time since last request: 0.000013 seconds.
  path: Assets/Oculus/Voice/Lib/Wit.ai/Features/TTS/Scripts/Runtime/Utilities/TTSSpeakerAutoLoader.cs
  artifactKey: Guid(25d484b58054b064db727b9fe66aed60) Importer(2089858483,192608db42251d675da83286b1cce702)
Start importing Assets/Oculus/Voice/Lib/Wit.ai/Features/TTS/Scripts/Runtime/Utilities/TTSSpeakerAutoLoader.cs using Guid(25d484b58054b064db727b9fe66aed60) Importer(2089858483,192608db42251d675da83286b1cce702) (ScriptedImporter) -> (artifact id: 'c9178aad2473658b02ba00947fbbc859') in 0.0132728 seconds
Number of updated asset objects reloaded before import = 0Number of asset objects unloaded after import = 0

========================================================================
Received Import Request.
  Time since last request: 0.000017 seconds.
  path: Assets/Oculus/Voice/Lib/Wit.ai/Lib/Wit/Runtime/Json/WitResponseNode.cs
  artifactKey: Guid(43bb3632ac475874db367a2fd50649dc) Importer(2089858483,192608db42251d675da83286b1cce702)
Start importing Assets/Oculus/Voice/Lib/Wit.ai/Lib/Wit/Runtime/Json/WitResponseNode.cs using Guid(43bb3632ac475874db367a2fd50649dc) Importer(2089858483,192608db42251d675da83286b1cce702) (ScriptedImporter) -> (artifact id: 'ff2325e3556a3db974256497fafd9d11') in 0.0130264 seconds
Number of updated asset objects reloaded before import = 0Number of asset objects unloaded after import = 0

========================================================================
Received Import Request.
  Time since last request: 0.000018 seconds.
  path: Assets/Oculus/Interaction/Samples/Objects/Environment/SmallRoom/Materials/SmallRoomFloorMat.mat
  artifactKey: Guid(235d53208c2effc43aa402dc5f349bdb) Importer(2089858483,192608db42251d675da83286b1cce702)
Start importing Assets/Oculus/Interaction/Samples/Objects/Environment/SmallRoom/Materials/SmallRoomFloorMat.mat using Guid(235d53208c2effc43aa402dc5f349bdb) Importer(2089858483,192608db42251d675da83286b1cce702) (ScriptedImporter) -> (artifact id: 'a7e84b1a480dcda183a14f9336130e9d') in 0.0154848 seconds
Number of updated asset objects reloaded before import = 0Number of asset objects unloaded after import = 3

========================================================================
Received Import Request.
  Time since last request: 0.000013 seconds.
  path: Assets/Oculus/Interaction/Samples/Objects/Props/Torch/Torch.prefab
  artifactKey: Guid(1d9de9ee96c2aac4ea3458b27855f24b) Importer(2089858483,192608db42251d675da83286b1cce702)
Start importing Assets/Oculus/Interaction/Samples/Objects/Props/Torch/Torch.prefab using Guid(1d9de9ee96c2aac4ea3458b27855f24b) Importer(2089858483,192608db42251d675da83286b1cce702) (ScriptedImporter) -> (artifact id: '126784ac83c15be9e5b7e72fb33ada01') in 0.0295749 seconds
Number of updated asset objects reloaded before import = 0Number of asset objects unloaded after import = 86

========================================================================
Received Import Request.
  Time since last request: 0.000023 seconds.
  path: Assets/Oculus/Voice/Lib/Wit.ai/Scripts/Runtime/Data/AudioEncoding.cs
  artifactKey: Guid(f107eeed4e428fe4e8f753b64bddcb1f) Importer(2089858483,192608db42251d675da83286b1cce702)
Start importing Assets/Oculus/Voice/Lib/Wit.ai/Scripts/Runtime/Data/AudioEncoding.cs using Guid(f107eeed4e428fe4e8f753b64bddcb1f) Importer(2089858483,192608db42251d675da83286b1cce702) (ScriptedImporter) -> (artifact id: '079aab39cda44cf5b2bc9b41d2f30137') in 0.0129196 seconds
Number of updated asset objects reloaded before import = 0Number of asset objects unloaded after import = 0

========================================================================
Received Import Request.
  Time since last request: 0.000016 seconds.
  path: Assets/Oculus/Interaction/Runtime/Scripts/Input/Hands/DataModifiers/JointRotationHistoryHand.cs
  artifactKey: Guid(4b5d61cebc8bc2644b45d6034694ea8f) Importer(2089858483,192608db42251d675da83286b1cce702)
Start importing Assets/Oculus/Interaction/Runtime/Scripts/Input/Hands/DataModifiers/JointRotationHistoryHand.cs using Guid(4b5d61cebc8bc2644b45d6034694ea8f) Importer(2089858483,192608db42251d675da83286b1cce702) (ScriptedImporter) -> (artifact id: '062f230f1127ffd4ccbadf1e75cd3d53') in 0.0124557 seconds
Number of updated asset objects reloaded before import = 0Number of asset objects unloaded after import = 0

========================================================================
Received Import Request.
  Time since last request: 0.000016 seconds.
  path: Assets/Oculus/Voice/Lib/Wit.ai/Scripts/Editor/Data/Configuration/WitApplicationDetailProvider.cs
  artifactKey: Guid(394d4d63ba17f4ed5918eccdd3b7059f) Importer(2089858483,192608db42251d675da83286b1cce702)
Start importing Assets/Oculus/Voice/Lib/Wit.ai/Scripts/Editor/Data/Configuration/WitApplicationDetailProvider.cs using Guid(394d4d63ba17f4ed5918eccdd3b7059f) Importer(2089858483,192608db42251d675da83286b1cce702) (ScriptedImporter) -> (artifact id: '8a597edb9c3c3941f6de701a9477b1ce') in 0.013017 seconds
Number of updated asset objects reloaded before import = 0Number of asset objects unloaded after import = 0

========================================================================
Received Import Request.
  Time since last request: 0.000017 seconds.
  path: Assets/Oculus/Interaction/Runtime/Scripts/Input/Hands/DataModifiers/OneEuroFilterPositionDataModifier.cs
  artifactKey: Guid(5363029dde8781845b201a5d269c272f) Importer(2089858483,192608db42251d675da83286b1cce702)
Start importing Assets/Oculus/Interaction/Runtime/Scripts/Input/Hands/DataModifiers/OneEuroFilterPositionDataModifier.cs using Guid(5363029dde8781845b201a5d269c272f) Importer(2089858483,192608db42251d675da83286b1cce702) (ScriptedImporter) -> (artifact id: '44fc264e68876e123e18d373718e4807') in 0.0133192 seconds
Number of updated asset objects reloaded before import = 0Number of asset objects unloaded after import = 0

========================================================================
Received Import Request.
  Time since last request: 0.000013 seconds.
  path: Assets/Oculus/SampleFramework/Core/DebugUI/Fonts/Montserrat/Montserrat-MediumItalic.ttf
  artifactKey: Guid(53b4534908f8f324d8ffe0fc5fa5a31f) Importer(2089858483,192608db42251d675da83286b1cce702)
Start importing Assets/Oculus/SampleFramework/Core/DebugUI/Fonts/Montserrat/Montserrat-MediumItalic.ttf using Guid(53b4534908f8f324d8ffe0fc5fa5a31f) Importer(2089858483,192608db42251d675da83286b1cce702) (ScriptedImporter) -> (artifact id: 'f0fa5a0f4460daaad087a14ba5892649') in 0.0157808 seconds
Number of updated asset objects reloaded before import = 0Number of asset objects unloaded after import = 3

========================================================================
Received Import Request.
  Time since last request: 0.000013 seconds.
  path: Assets/Oculus/Voice/Lib/Wit.ai/Features/TTS/Scripts/Runtime/Integrations/TTSRuntimeCache.cs
  artifactKey: Guid(1d60dcb6d02034b4b96284db469db5e3) Importer(2089858483,192608db42251d675da83286b1cce702)
Start importing Assets/Oculus/Voice/Lib/Wit.ai/Features/TTS/Scripts/Runtime/Integrations/TTSRuntimeCache.cs using Guid(1d60dcb6d02034b4b96284db469db5e3) Importer(2089858483,192608db42251d675da83286b1cce702) (ScriptedImporter) -> (artifact id: '61ac498983bb650625c7d0ffde6c2cae') in 0.0126775 seconds
Number of updated asset objects reloaded before import = 0Number of asset objects unloaded after import = 0

========================================================================
Received Import Request.
  Time since last request: 0.000017 seconds.
  path: Assets/Oculus/Interaction/Runtime/ThirdParty/InterfaceSupport/Editor/InterfaceDrawer.cs
  artifactKey: Guid(b2fd211401b34f246897eb204ff3ca43) Importer(2089858483,192608db42251d675da83286b1cce702)
Start importing Assets/Oculus/Interaction/Runtime/ThirdParty/InterfaceSupport/Editor/InterfaceDrawer.cs using Guid(b2fd211401b34f246897eb204ff3ca43) Importer(2089858483,192608db42251d675da83286b1cce702) (ScriptedImporter) -> (artifact id: '34a96d061546ff36dc110a4c0c01f598') in 0.0124745 seconds
Number of updated asset objects reloaded before import = 0Number of asset objects unloaded after import = 0

========================================================================
Received Import Request.
  Time since last request: 0.000022 seconds.
  path: Assets/Oculus/Voice/Features/Hub/Scripts/Runtime/Interfaces/IPageInfo.cs
  artifactKey: Guid(33e5585f3c294fddbdf1f2c3b8e6786b) Importer(2089858483,192608db42251d675da83286b1cce702)
Start importing Assets/Oculus/Voice/Features/Hub/Scripts/Runtime/Interfaces/IPageInfo.cs using Guid(33e5585f3c294fddbdf1f2c3b8e6786b) Importer(2089858483,192608db42251d675da83286b1cce702) (ScriptedImporter) -> (artifact id: '4d6a0351dce31a4255f5c6837fd29b87') in 0.0121309 seconds
Number of updated asset objects reloaded before import = 0Number of asset objects unloaded after import = 0

========================================================================
Received Import Request.
  Time since last request: 0.000012 seconds.
  path: Assets/Oculus/Voice/Lib/Wit.ai/Lib/Conduit/Editor/IConduitAssembly.cs
  artifactKey: Guid(df7a6d4c44cd4b4cbb1fce2b1ebbb26e) Importer(2089858483,192608db42251d675da83286b1cce702)
Start importing Assets/Oculus/Voice/Lib/Wit.ai/Lib/Conduit/Editor/IConduitAssembly.cs using Guid(df7a6d4c44cd4b4cbb1fce2b1ebbb26e) Importer(2089858483,192608db42251d675da83286b1cce702) (ScriptedImporter) -> (artifact id: '5e10c03112a9469f30f957e8c315631d') in 0.0096498 seconds
Number of updated asset objects reloaded before import = 0Number of asset objects unloaded after import = 0

========================================================================
Received Import Request.
  Time since last request: 0.000012 seconds.
  path: Assets/Oculus/SampleFramework/Core/HandsInteraction/Scripts/Tools/InteractableTool.cs
  artifactKey: Guid(315c35e87495799449c01ea6abb8fda6) Importer(2089858483,192608db42251d675da83286b1cce702)
Start importing Assets/Oculus/SampleFramework/Core/HandsInteraction/Scripts/Tools/InteractableTool.cs using Guid(315c35e87495799449c01ea6abb8fda6) Importer(2089858483,192608db42251d675da83286b1cce702) (ScriptedImporter) -> (artifact id: '8c69349fbe69ecd3bbcde1b2cf31fe74') in 0.0117422 seconds
Number of updated asset objects reloaded before import = 0Number of asset objects unloaded after import = 0

========================================================================
Received Import Request.
  Time since last request: 0.000012 seconds.
  path: Assets/Oculus/Interaction/OVRIntegration/Editor/Blocks/Interactors/Prefabs/[BB] Grab Interactor.prefab
  artifactKey: Guid(cd2af620b985a894881abfc004e150ec) Importer(2089858483,192608db42251d675da83286b1cce702)
Start importing Assets/Oculus/Interaction/OVRIntegration/Editor/Blocks/Interactors/Prefabs/[BB] Grab Interactor.prefab using Guid(cd2af620b985a894881abfc004e150ec) Importer(2089858483,192608db42251d675da83286b1cce702) (ScriptedImporter) -> (artifact id: 'b662089e82a56f895f58b09c3585081c') in 0.0253163 seconds
Number of updated asset objects reloaded before import = 0Number of asset objects unloaded after import = 43

========================================================================
Received Import Request.
  Time since last request: 0.000012 seconds.
  path: Assets/Oculus/Interaction/Runtime/Scripts/Interaction/Models/Grab/GrabInteractor.cs
  artifactKey: Guid(acb743c666c1ab34e928a0b62c2fa862) Importer(2089858483,192608db42251d675da83286b1cce702)
Start importing Assets/Oculus/Interaction/Runtime/Scripts/Interaction/Models/Grab/GrabInteractor.cs using Guid(acb743c666c1ab34e928a0b62c2fa862) Importer(2089858483,192608db42251d675da83286b1cce702) (ScriptedImporter) -> (artifact id: '83892912bd99e499bb02ccfa3ca68f25') in 0.0118887 seconds
Number of updated asset objects reloaded before import = 0Number of asset objects unloaded after import = 0

========================================================================
Received Import Request.
  Time since last request: 0.000013 seconds.
  path: Assets/Oculus/Interaction/Runtime/Scripts/Unity/Input/InputAxis.cs
  artifactKey: Guid(62ac6de3f9c5a0a4c98563d8b26fc962) Importer(2089858483,192608db42251d675da83286b1cce702)
Start importing Assets/Oculus/Interaction/Runtime/Scripts/Unity/Input/InputAxis.cs using Guid(62ac6de3f9c5a0a4c98563d8b26fc962) Importer(2089858483,192608db42251d675da83286b1cce702) (ScriptedImporter) -> (artifact id: '787c61546ad8b449865752de68df54fe') in 0.0127734 seconds
Number of updated asset objects reloaded before import = 0Number of asset objects unloaded after import = 0

========================================================================
Received Import Request.
  Time since last request: 0.000013 seconds.
  path: Assets/Oculus/Interaction/Runtime/Scripts/Interaction/Models/Snap/SurfaceSnapPoseDelegate.cs
  artifactKey: Guid(dc621b5796857dc4a812357ae4736a10) Importer(2089858483,192608db42251d675da83286b1cce702)
Start importing Assets/Oculus/Interaction/Runtime/Scripts/Interaction/Models/Snap/SurfaceSnapPoseDelegate.cs using Guid(dc621b5796857dc4a812357ae4736a10) Importer(2089858483,192608db42251d675da83286b1cce702) (ScriptedImporter) -> (artifact id: '9add499a1e83974fac2efac22995c313') in 0.0225056 seconds
Number of updated asset objects reloaded before import = 0Number of asset objects unloaded after import = 0

========================================================================
Received Import Request.
  Time since last request: 0.000023 seconds.
  path: Assets/Oculus/VR/Editor/OVRProjectSetup/Tasks/Implementations/OVRProjectSetupMovementSDKTasks2.cs
  artifactKey: Guid(0b59f40a4e9d6f340a944dbaa75354ca) Importer(2089858483,192608db42251d675da83286b1cce702)
Start importing Assets/Oculus/VR/Editor/OVRProjectSetup/Tasks/Implementations/OVRProjectSetupMovementSDKTasks2.cs using Guid(0b59f40a4e9d6f340a944dbaa75354ca) Importer(2089858483,192608db42251d675da83286b1cce702) (ScriptedImporter) -> (artifact id: 'c8aa48c27121ef93fa431ee7dd6cc0f1') in 0.0145522 seconds
Number of updated asset objects reloaded before import = 0Number of asset objects unloaded after import = 0

========================================================================
Received Import Request.
  Time since last request: 0.000012 seconds.
  path: Assets/Oculus/Interaction/Samples/Objects/Props/StonePolyhedra/StoneIcosahedron.prefab
  artifactKey: Guid(975bcaf61a9872e488aa68d572fd4fb4) Importer(2089858483,192608db42251d675da83286b1cce702)
Start importing Assets/Oculus/Interaction/Samples/Objects/Props/StonePolyhedra/StoneIcosahedron.prefab using Guid(975bcaf61a9872e488aa68d572fd4fb4) Importer(2089858483,192608db42251d675da83286b1cce702) (ScriptedImporter) -> (artifact id: 'da8ee55934cb40b3019a225dce1d52c8') in 0.0324296 seconds
Number of updated asset objects reloaded before import = 0Number of asset objects unloaded after import = 147

========================================================================
Received Import Request.
  Time since last request: 0.000017 seconds.
  path: Assets/Oculus/SampleFramework/Usage/SceneManager/Prefabs/FurniturePrefabs/FloorPrefab.prefab
  artifactKey: Guid(6c6b20b3a24ac104994c231d2ee82ae4) Importer(2089858483,192608db42251d675da83286b1cce702)
Start importing Assets/Oculus/SampleFramework/Usage/SceneManager/Prefabs/FurniturePrefabs/FloorPrefab.prefab using Guid(6c6b20b3a24ac104994c231d2ee82ae4) Importer(2089858483,192608db42251d675da83286b1cce702) (ScriptedImporter) -> (artifact id: '1a1b3a9b8964a6b4dcea7a7224461504') in 0.0171821 seconds
Number of updated asset objects reloaded before import = 0Number of asset objects unloaded after import = 11

========================================================================
Received Import Request.
  Time since last request: 0.000015 seconds.
  path: Assets/Oculus/Interaction/Samples/Objects/Environment/Locomotion/Models/Meta_LocomotionStools.fbx
  artifactKey: Guid(9d80c128b158cd74b9b9a3e36dae77c4) Importer(2089858483,192608db42251d675da83286b1cce702)
Start importing Assets/Oculus/Interaction/Samples/Objects/Environment/Locomotion/Models/Meta_LocomotionStools.fbx using Guid(9d80c128b158cd74b9b9a3e36dae77c4) Importer(2089858483,192608db42251d675da83286b1cce702) (ScriptedImporter) -> (artifact id: 'efadb05da77425448778e5b4e23a8d9b') in 0.0222782 seconds
Number of updated asset objects reloaded before import = 0Number of asset objects unloaded after import = 19

========================================================================
Received Import Request.
  Time since last request: 0.000014 seconds.
  path: Assets/Oculus/SampleFramework/Usage/TouchPro/Prefabs/Ui/UiPanelPf (DeviceInspector).prefab
  artifactKey: Guid(9386533b59176fe4a99971e3de83d8dc) Importer(2089858483,192608db42251d675da83286b1cce702)
Start importing Assets/Oculus/SampleFramework/Usage/TouchPro/Prefabs/Ui/UiPanelPf (DeviceInspector).prefab using Guid(9386533b59176fe4a99971e3de83d8dc) Importer(2089858483,192608db42251d675da83286b1cce702) (ScriptedImporter) -> (artifact id: '55bb31b6dc482e6affbcf3ccbedee3b6') in 0.0224682 seconds
Number of updated asset objects reloaded before import = 0Number of asset objects unloaded after import = 403

========================================================================
Received Import Request.
  Time since last request: 0.000014 seconds.
  path: Assets/Oculus/Voice/Lib/Wit.ai/Lib/Wit/Runtime/Data/Info/WitAppInfo.cs
  artifactKey: Guid(2293c9bd3dd4d3946b9298801c33b70a) Importer(2089858483,192608db42251d675da83286b1cce702)
Start importing Assets/Oculus/Voice/Lib/Wit.ai/Lib/Wit/Runtime/Data/Info/WitAppInfo.cs using Guid(2293c9bd3dd4d3946b9298801c33b70a) Importer(2089858483,192608db42251d675da83286b1cce702) (ScriptedImporter) -> (artifact id: 'f19f97ec4042995d94227f11411cf961') in 0.0136841 seconds
Number of updated asset objects reloaded before import = 0Number of asset objects unloaded after import = 0

Editor requested this worker to shutdown with reason: Scaling down because of idle timeout
AssetImportWorker is now disconnected from the server
Process exiting
Exiting without the bug reporter. Application will terminate with return code 0