Using pre-set license
Built from '6000.0/release' branch; Version is '6000.0.35f1 (9a3bc604008a) revision 10107846'; Using compiler version '193933523'; Build Type 'Release'
OS: 'Windows 11  (10.0.26200) 64bit Professional' Language: 'pt' Physical Memory: 16087 MB
BatchMode: 1, IsHumanControllingUs: 0, StartBugReporterOnCrash: 0, Is64bit: 1, IsPro: 1

COMMAND LINE ARGUMENTS:
C:\Program Files\Unity\Hub\Editor\6000.0.35f1\Editor\Unity.exe
-adb2
-batchMode
-noUpm
-name
AssetImportWorker4
-projectPath
C:/xampp/htdocs/GIT/ProjectionSpray - Unoeste/Unoeste/SpayUnoeste
-logFile
Logs/AssetImportWorker4.log
-srvPort
58605
-job-worker-count
7
-background-job-worker-count
8
-gc-helper-count
1
Successfully changed project path to: C:/xampp/htdocs/GIT/ProjectionSpray - Unoeste/Unoeste/SpayUnoeste
C:/xampp/htdocs/GIT/ProjectionSpray - Unoeste/Unoeste/SpayUnoeste
[UnityMemory] Configuration Parameters - Can be set up in boot.config
    "memorysetup-bucket-allocator-granularity=16"
    "memorysetup-bucket-allocator-bucket-count=8"
    "memorysetup-bucket-allocator-block-size=33554432"
    "memorysetup-bucket-allocator-block-count=8"
    "memorysetup-main-allocator-block-size=16777216"
    "memorysetup-thread-allocator-block-size=16777216"
    "memorysetup-gfx-main-allocator-block-size=16777216"
    "memorysetup-gfx-thread-allocator-block-size=16777216"
    "memorysetup-cache-allocator-block-size=4194304"
    "memorysetup-typetree-allocator-block-size=2097152"
    "memorysetup-profiler-bucket-allocator-granularity=16"
    "memorysetup-profiler-bucket-allocator-bucket-count=8"
    "memorysetup-profiler-bucket-allocator-block-size=33554432"
    "memorysetup-profiler-bucket-allocator-block-count=8"
    "memorysetup-profiler-allocator-block-size=16777216"
    "memorysetup-profiler-editor-allocator-block-size=1048576"
    "memorysetup-temp-allocator-size-main=16777216"
    "memorysetup-job-temp-allocator-block-size=2097152"
    "memorysetup-job-temp-allocator-block-size-background=1048576"
    "memorysetup-job-temp-allocator-reduction-small-platforms=262144"
    "memorysetup-allocator-temp-initial-block-size-main=262144"
    "memorysetup-allocator-temp-initial-block-size-worker=262144"
    "memorysetup-temp-allocator-size-background-worker=32768"
    "memorysetup-temp-allocator-size-job-worker=262144"
    "memorysetup-temp-allocator-size-preload-manager=33554432"
    "memorysetup-temp-allocator-size-nav-mesh-worker=65536"
    "memorysetup-temp-allocator-size-audio-worker=65536"
    "memorysetup-temp-allocator-size-cloud-worker=32768"
    "memorysetup-temp-allocator-size-gi-baking-worker=262144"
    "memorysetup-temp-allocator-size-gi-baking-worker=262144"
    "memorysetup-temp-allocator-size-gi-baking-worker=262144"
    "memorysetup-temp-allocator-size-gi-baking-worker=262144"
    "memorysetup-temp-allocator-size-gi-baking-worker=262144"
    "memorysetup-temp-allocator-size-gfx=262144"
Player connection [4644]  Target information:

Player connection [4644]  * "[IP] 192.168.56.1 [Port] 0 [Flags] 2 [Guid] 3519747803 [EditorId] 3519747803 [Version] 1048832 [Id] WindowsEditor(7,Note-107277) [Debug] 1 [PackageName] WindowsEditor [ProjectName] Editor" 

Player connection [4644]  * "[IP] 26.147.95.184 [Port] 0 [Flags] 2 [Guid] 3519747803 [EditorId] 3519747803 [Version] 1048832 [Id] WindowsEditor(7,Note-107277) [Debug] 1 [PackageName] WindowsEditor [ProjectName] Editor" 

Player connection [4644]  * "[IP] 172.19.6.251 [Port] 0 [Flags] 2 [Guid] 3519747803 [EditorId] 3519747803 [Version] 1048832 [Id] WindowsEditor(7,Note-107277) [Debug] 1 [PackageName] WindowsEditor [ProjectName] Editor" 

Player connection [4644] Host joined multi-casting on [225.0.0.222:54997]...
Player connection [4644] Host joined alternative multi-casting on [225.0.0.222:34997]...
JobSystem: Creating JobQueue using job-worker-count value 7
Input System module state changed to: Initialized.
[Physics::Module] Initialized fallback backend.
[Physics::Module] Id: 0xdecafbad
Library Redirect Path: Library/
[Physics::Module] Selected backend.
[Physics::Module] Name: PhysX
[Physics::Module] Id: 0xf2b8ea05
[Physics::Module] SDK Version: 4.1.2
[Physics::Module] Integration Version: 1.0.0
[Physics::Module] Threading Mode: Multi-Threaded
Refreshing native plugins compatible for Editor in 6.12 ms, found 5 plugins.
Preloading 1 native plugins for Editor in 1.58 ms.
Initialize engine version: 6000.0.35f1 (9a3bc604008a)
[Subsystems] Discovering subsystems at path C:/Program Files/Unity/Hub/Editor/6000.0.35f1/Editor/Data/Resources/UnitySubsystems
[Subsystems] Discovering subsystems at path C:/xampp/htdocs/GIT/ProjectionSpray - Unoeste/Unoeste/SpayUnoeste/Assets
GfxDevice: creating device client; kGfxThreadingModeNonThreaded
Direct3D:
    Version:  Direct3D 11.0 [level 11.1]
    Renderer: NVIDIA GeForce RTX 4050 Laptop GPU (ID=0x28a1)
    Vendor:   NVIDIA
    VRAM:     5936 MB
    Driver:   31.0.15.4618
Shader 'Oculus/OVRMRCameraFrameLit': fallback shader 'Alpha-Diffuse' not found
Initialize mono
Mono path[0] = 'C:/Program Files/Unity/Hub/Editor/6000.0.35f1/Editor/Data/Managed'
Mono path[1] = 'C:/Program Files/Unity/Hub/Editor/6000.0.35f1/Editor/Data/MonoBleedingEdge/lib/mono/unityjit-win32'
Mono config path = 'C:/Program Files/Unity/Hub/Editor/6000.0.35f1/Editor/Data/MonoBleedingEdge/etc'
Using monoOptions --debugger-agent=transport=dt_socket,embedding=1,server=y,suspend=n,address=127.0.0.1:56172
Begin MonoManager ReloadAssembly
Registering precompiled unity dll's ...
Register platform support module: C:/Program Files/Unity/Hub/Editor/6000.0.35f1/Editor/Data/PlaybackEngines/WebGLSupport/UnityEditor.WebGL.Extensions.dll
Register platform support module: C:/Program Files/Unity/Hub/Editor/6000.0.35f1/Editor/Data/PlaybackEngines/MacStandaloneSupport/UnityEditor.OSXStandalone.Extensions.dll
Register platform support module: C:/Program Files/Unity/Hub/Editor/6000.0.35f1/Editor/Data/PlaybackEngines/WindowsStandaloneSupport/UnityEditor.WindowsStandalone.Extensions.dll
Register platform support module: C:/Program Files/Unity/Hub/Editor/6000.0.35f1/Editor/Data/PlaybackEngines/MetroSupport/UnityEditor.UWP.Extensions.dll
Register platform support module: C:/Program Files/Unity/Hub/Editor/6000.0.35f1/Editor/Data/PlaybackEngines/AndroidPlayer/UnityEditor.Android.Extensions.dll
Register platform support module: C:/Program Files/Unity/Hub/Editor/6000.0.35f1/Editor/Data/PlaybackEngines/iOSSupport/UnityEditor.iOS.Extensions.dll
Register platform support module: C:/Program Files/Unity/Hub/Editor/6000.0.35f1/Editor/Data/PlaybackEngines/LinuxStandaloneSupport/UnityEditor.LinuxStandalone.Extensions.dll
Registered in 0.011778 seconds.
- Loaded All Assemblies, in  0.397 seconds
Native extension for LinuxStandalone target not found
Native extension for iOS target not found
Native extension for Android target not found
Android Extension - Scanning For ADB Devices 240 ms
Native extension for UWP target not found
Native extension for WindowsStandalone target not found
Native extension for OSXStandalone target not found
Native extension for WebGL target not found
Mono: successfully reloaded assembly
- Finished resetting the current domain, in  0.580 seconds
Domain Reload Profiling: 975ms
	BeginReloadAssembly (144ms)
		ExecutionOrderSort (0ms)
		DisableScriptedObjects (0ms)
		BackupInstance (0ms)
		ReleaseScriptingObjects (0ms)
		CreateAndSetChildDomain (1ms)
	RebuildCommonClasses (29ms)
	RebuildNativeTypeToScriptingClass (10ms)
	initialDomainReloadingComplete (52ms)
	LoadAllAssembliesAndSetupDomain (161ms)
		LoadAssemblies (143ms)
		RebuildTransferFunctionScriptingTraits (0ms)
		AnalyzeDomain (157ms)
			TypeCache.Refresh (155ms)
				TypeCache.ScanAssembly (140ms)
			BuildScriptInfoCaches (0ms)
			ResolveRequiredComponents (0ms)
	FinalizeReload (580ms)
		ReleaseScriptCaches (0ms)
		RebuildScriptCaches (0ms)
		SetupLoadedEditorAssemblies (551ms)
			LogAssemblyErrors (0ms)
			InitializePlatformSupportModulesInManaged (339ms)
			SetLoadedEditorAssemblies (3ms)
			BeforeProcessingInitializeOnLoad (45ms)
			ProcessInitializeOnLoadAttributes (109ms)
			ProcessInitializeOnLoadMethodAttributes (55ms)
			AfterProcessingInitializeOnLoad (0ms)
			EditorAssembliesLoaded (0ms)
		ExecutionOrderSort2 (0ms)
		AwakeInstancesAfterBackupRestoration (0ms)
========================================================================
Worker process is ready to serve import requests
Import Worker Mode flag is 0x00
Begin MonoManager ReloadAssembly
- Loaded All Assemblies, in  0.755 seconds
Refreshing native plugins compatible for Editor in 4.69 ms, found 5 plugins.
Native extension for LinuxStandalone target not found
Native extension for iOS target not found
Native extension for Android target not found
Native extension for UWP target not found
Native extension for WindowsStandalone target not found
Native extension for OSXStandalone target not found
Native extension for WebGL target not found
Mono: successfully reloaded assembly
- Finished resetting the current domain, in  0.710 seconds
Domain Reload Profiling: 1459ms
	BeginReloadAssembly (170ms)
		ExecutionOrderSort (0ms)
		DisableScriptedObjects (5ms)
		BackupInstance (0ms)
		ReleaseScriptingObjects (0ms)
		CreateAndSetChildDomain (28ms)
	RebuildCommonClasses (36ms)
	RebuildNativeTypeToScriptingClass (10ms)
	initialDomainReloadingComplete (36ms)
	LoadAllAssembliesAndSetupDomain (497ms)
		LoadAssemblies (408ms)
		RebuildTransferFunctionScriptingTraits (0ms)
		AnalyzeDomain (191ms)
			TypeCache.Refresh (130ms)
				TypeCache.ScanAssembly (117ms)
			BuildScriptInfoCaches (46ms)
			ResolveRequiredComponents (13ms)
	FinalizeReload (710ms)
		ReleaseScriptCaches (0ms)
		RebuildScriptCaches (0ms)
		SetupLoadedEditorAssemblies (535ms)
			LogAssemblyErrors (0ms)
			InitializePlatformSupportModulesInManaged (18ms)
			SetLoadedEditorAssemblies (5ms)
			BeforeProcessingInitializeOnLoad (110ms)
			ProcessInitializeOnLoadAttributes (312ms)
			ProcessInitializeOnLoadMethodAttributes (85ms)
			AfterProcessingInitializeOnLoad (5ms)
			EditorAssembliesLoaded (0ms)
		ExecutionOrderSort2 (0ms)
		AwakeInstancesAfterBackupRestoration (6ms)
Shader 'Oculus/OVRMRCameraFrameLit': fallback shader 'Alpha-Diffuse' not found
Launched and connected shader compiler UnityShaderCompiler.exe after 0.01 seconds
Refreshing native plugins compatible for Editor in 4.80 ms, found 5 plugins.
Preloading 1 native plugins for Editor in 0.12 ms.
Unloading 284 Unused Serialized files (Serialized files now loaded: 0)
Unloading 7459 unused Assets / (7.3 MB). Loaded Objects now: 8163.
Memory consumption went from 197.2 MB to 189.9 MB.
Total: 10.157500 ms (FindLiveObjects: 0.989700 ms CreateObjectMapping: 0.503700 ms MarkObjects: 4.863600 ms  DeleteObjects: 3.798700 ms)

========================================================================
Received Import Request.
  Time since last request: 73422.193716 seconds.
  path: Assets/Oculus/Spatializer/editor/ONSPPropagationMaterialEditor.cs
  artifactKey: Guid(232b6822c5f13ad449ffdb9cc4e6ba64) Importer(2089858483,192608db42251d675da83286b1cce702)
Start importing Assets/Oculus/Spatializer/editor/ONSPPropagationMaterialEditor.cs using Guid(232b6822c5f13ad449ffdb9cc4e6ba64) Importer(2089858483,192608db42251d675da83286b1cce702) (ScriptedImporter) -> (artifact id: 'a54b2722c771eb90b74c5ae8061dd121') in 0.2400852 seconds
Number of updated asset objects reloaded before import = 0Number of asset objects unloaded after import = 0

========================================================================
Received Import Request.
  Time since last request: 0.000022 seconds.
  path: Assets/Oculus/Platform/Scripts/LogEventParameter.cs
  artifactKey: Guid(e341cfdba765e0e4d98dca7fe30d684a) Importer(2089858483,192608db42251d675da83286b1cce702)
Start importing Assets/Oculus/Platform/Scripts/LogEventParameter.cs using Guid(e341cfdba765e0e4d98dca7fe30d684a) Importer(2089858483,192608db42251d675da83286b1cce702) (ScriptedImporter) -> (artifact id: '2e644a7dcced7596cee9c92f245f6eb7') in 0.0150308 seconds
Number of updated asset objects reloaded before import = 0Number of asset objects unloaded after import = 0

========================================================================
Received Import Request.
  Time since last request: 0.000104 seconds.
  path: Assets/Oculus/SampleFramework/Editor/OculusSampleFrameworkUtil.cs
  artifactKey: Guid(53c0844bfe5a33c41bc2ff02db18960e) Importer(2089858483,192608db42251d675da83286b1cce702)
Start importing Assets/Oculus/SampleFramework/Editor/OculusSampleFrameworkUtil.cs using Guid(53c0844bfe5a33c41bc2ff02db18960e) Importer(2089858483,192608db42251d675da83286b1cce702) (ScriptedImporter) -> (artifact id: 'ccd1b2ed34275ed4747f08dda8a68900') in 0.0136075 seconds
Number of updated asset objects reloaded before import = 0Number of asset objects unloaded after import = 0

========================================================================
Received Import Request.
  Time since last request: 0.000014 seconds.
  path: Assets/Oculus/Spatializer/editor/ONSPAudioPluginUpdaterStub.cs
  artifactKey: Guid(8e050a42861e6994f936aa7dc4159f84) Importer(2089858483,192608db42251d675da83286b1cce702)
Start importing Assets/Oculus/Spatializer/editor/ONSPAudioPluginUpdaterStub.cs using Guid(8e050a42861e6994f936aa7dc4159f84) Importer(2089858483,192608db42251d675da83286b1cce702) (ScriptedImporter) -> (artifact id: 'f1defc399cd1ae69963c461e31b637d7') in 0.016155 seconds
Number of updated asset objects reloaded before import = 0Number of asset objects unloaded after import = 0

========================================================================
Received Import Request.
  Time since last request: 0.000022 seconds.
  path: Assets/Oculus/Platform/Scripts/RoomMembershipLockStatus.cs
  artifactKey: Guid(a4eb5746a05c2f646802f2dda6ed47b9) Importer(2089858483,192608db42251d675da83286b1cce702)
Start importing Assets/Oculus/Platform/Scripts/RoomMembershipLockStatus.cs using Guid(a4eb5746a05c2f646802f2dda6ed47b9) Importer(2089858483,192608db42251d675da83286b1cce702) (ScriptedImporter) -> (artifact id: 'a3e72fdc8d0a64c21d9374fb0986ea3c') in 0.0147788 seconds
Number of updated asset objects reloaded before import = 0Number of asset objects unloaded after import = 0

========================================================================
Received Import Request.
  Time since last request: 0.000014 seconds.
  path: Assets/Oculus/SampleFramework/Usage/Firebase.unity
  artifactKey: Guid(954eda7bd02eb444ca928648702a2b4c) Importer(2089858483,192608db42251d675da83286b1cce702)
Start importing Assets/Oculus/SampleFramework/Usage/Firebase.unity using Guid(954eda7bd02eb444ca928648702a2b4c) Importer(2089858483,192608db42251d675da83286b1cce702) (ScriptedImporter) -> (artifact id: '32bbace338af906c5c7c2b84facd6d79') in 0.0185321 seconds
Number of updated asset objects reloaded before import = 0Number of asset objects unloaded after import = 1

========================================================================
Received Import Request.
  Time since last request: 0.000011 seconds.
  path: Assets/Oculus/SampleFramework/Usage/DebugUI.unity
  artifactKey: Guid(34004346bd7dcbf4fbfd78d2f12e4451) Importer(2089858483,192608db42251d675da83286b1cce702)
Start importing Assets/Oculus/SampleFramework/Usage/DebugUI.unity using Guid(34004346bd7dcbf4fbfd78d2f12e4451) Importer(2089858483,192608db42251d675da83286b1cce702) (ScriptedImporter) -> (artifact id: '003c32e9d944f979c2932ae87b3cf1be') in 0.0147569 seconds
Number of updated asset objects reloaded before import = 0Number of asset objects unloaded after import = 1

========================================================================
Received Import Request.
  Time since last request: 1.263028 seconds.
  path: Assets/Oculus/Voice/Resources/voicesdk_heroart.png
  artifactKey: Guid(41df4ab8a05595e49b2f2d150e753bf7) Importer(2089858483,192608db42251d675da83286b1cce702)
Start importing Assets/Oculus/Voice/Resources/voicesdk_heroart.png using Guid(41df4ab8a05595e49b2f2d150e753bf7) Importer(2089858483,192608db42251d675da83286b1cce702) (ScriptedImporter) -> (artifact id: 'ae867f18d39e3aa4f69b21672c947d85') in 0.0584472 seconds
Number of updated asset objects reloaded before import = 0Number of asset objects unloaded after import = 1

========================================================================
Received Import Request.
  Time since last request: 0.000018 seconds.
  path: Assets/Oculus/VR/Materials/SelfieImage.mat
  artifactKey: Guid(52ef173c94de14120b0d05f281d20054) Importer(2089858483,192608db42251d675da83286b1cce702)
Start importing Assets/Oculus/VR/Materials/SelfieImage.mat using Guid(52ef173c94de14120b0d05f281d20054) Importer(2089858483,192608db42251d675da83286b1cce702) (ScriptedImporter) -> (artifact id: 'edc7b298aaa8aeae251c3f4bb0def956') in 0.0255639 seconds
Number of updated asset objects reloaded before import = 0Number of asset objects unloaded after import = 2

========================================================================
Received Import Request.
  Time since last request: 0.000019 seconds.
  path: Assets/Oculus/VR/Editor/network_sec_config.xml
  artifactKey: Guid(b69c9b95ff9fc8a44b5e162bbca8fbcc) Importer(2089858483,192608db42251d675da83286b1cce702)
Start importing Assets/Oculus/VR/Editor/network_sec_config.xml using Guid(b69c9b95ff9fc8a44b5e162bbca8fbcc) Importer(2089858483,192608db42251d675da83286b1cce702) (ScriptedImporter) -> (artifact id: '085983c08c5520cf6f891c94a3ff58dc') in 0.0179388 seconds
Number of updated asset objects reloaded before import = 0Number of asset objects unloaded after import = 1

========================================================================
Received Import Request.
  Time since last request: 0.000018 seconds.
  path: Assets/Oculus/VR/Prefabs/OVRRuntimeControllerPrefab.prefab
  artifactKey: Guid(d0abdd77712724b409bdd185b622ac7c) Importer(2089858483,192608db42251d675da83286b1cce702)
Start importing Assets/Oculus/VR/Prefabs/OVRRuntimeControllerPrefab.prefab using Guid(d0abdd77712724b409bdd185b622ac7c) Importer(2089858483,192608db42251d675da83286b1cce702) (ScriptedImporter) -> (artifact id: '993e8745ac7afaec4b052075529eb393') in 0.0354876 seconds
Number of updated asset objects reloaded before import = 0Number of asset objects unloaded after import = 5

========================================================================
Received Import Request.
  Time since last request: 0.000015 seconds.
  path: Assets/Oculus/VR/Editor/OVRExperimentalCheck.cs
  artifactKey: Guid(02b94495d67b450695350945a0ee4574) Importer(2089858483,192608db42251d675da83286b1cce702)
Start importing Assets/Oculus/VR/Editor/OVRExperimentalCheck.cs using Guid(02b94495d67b450695350945a0ee4574) Importer(2089858483,192608db42251d675da83286b1cce702) (ScriptedImporter) -> (artifact id: 'e0600f9718ac53bca59bdbe66f6811ca') in 0.0141901 seconds
Number of updated asset objects reloaded before import = 0Number of asset objects unloaded after import = 0

========================================================================
Received Import Request.
  Time since last request: 0.000024 seconds.
  path: Assets/Oculus/VR/Editor/OVRSemanticClassificationEditor.cs
  artifactKey: Guid(84e1c458ff4b7d247a4d2494db7a3d38) Importer(2089858483,192608db42251d675da83286b1cce702)
Start importing Assets/Oculus/VR/Editor/OVRSemanticClassificationEditor.cs using Guid(84e1c458ff4b7d247a4d2494db7a3d38) Importer(2089858483,192608db42251d675da83286b1cce702) (ScriptedImporter) -> (artifact id: '652ea4697c74bbc776183b4b3628ad65') in 0.0143522 seconds
Number of updated asset objects reloaded before import = 0Number of asset objects unloaded after import = 0

========================================================================
Received Import Request.
  Time since last request: 0.000021 seconds.
  path: Assets/Oculus/VR/Editor/OVRPlatformToolSettings.cs
  artifactKey: Guid(cd7bb81df5b74b34dadbf531f381a26b) Importer(2089858483,192608db42251d675da83286b1cce702)
Start importing Assets/Oculus/VR/Editor/OVRPlatformToolSettings.cs using Guid(cd7bb81df5b74b34dadbf531f381a26b) Importer(2089858483,192608db42251d675da83286b1cce702) (ScriptedImporter) -> (artifact id: '3865ccb971472b75b8d29ae2d58dae89') in 0.0167455 seconds
Number of updated asset objects reloaded before import = 0Number of asset objects unloaded after import = 0

========================================================================
Received Import Request.
  Time since last request: 0.000015 seconds.
  path: Assets/Oculus/VR/Scenes/Room.unity
  artifactKey: Guid(54445976c1dbf1c49bb38ba7eba558e8) Importer(2089858483,192608db42251d675da83286b1cce702)
Start importing Assets/Oculus/VR/Scenes/Room.unity using Guid(54445976c1dbf1c49bb38ba7eba558e8) Importer(2089858483,192608db42251d675da83286b1cce702) (ScriptedImporter) -> (artifact id: '6138a256785cd8142f93fbac8c2c1b38') in 0.0162466 seconds
Number of updated asset objects reloaded before import = 0Number of asset objects unloaded after import = 1

========================================================================
Received Import Request.
  Time since last request: 0.000013 seconds.
  path: Assets/Oculus/VR/Editor/AssemblyInfo.cs
  artifactKey: Guid(2963f37b1138cda47beecfa263e05449) Importer(2089858483,192608db42251d675da83286b1cce702)
Start importing Assets/Oculus/VR/Editor/AssemblyInfo.cs using Guid(2963f37b1138cda47beecfa263e05449) Importer(2089858483,192608db42251d675da83286b1cce702) (ScriptedImporter) -> (artifact id: 'd2b770f1e7217395b7d2b0d062c6db6a') in 0.0136029 seconds
Number of updated asset objects reloaded before import = 0Number of asset objects unloaded after import = 0

========================================================================
Received Import Request.
  Time since last request: 0.000013 seconds.
  path: Assets/Oculus/VR/Materials/Arrow.mat
  artifactKey: Guid(669025377795b574da66d9bb2472fcab) Importer(2089858483,192608db42251d675da83286b1cce702)
Start importing Assets/Oculus/VR/Materials/Arrow.mat using Guid(669025377795b574da66d9bb2472fcab) Importer(2089858483,192608db42251d675da83286b1cce702) (ScriptedImporter) -> (artifact id: '07b3d949431107ace72a352810f4668a') in 0.0186365 seconds
Number of updated asset objects reloaded before import = 0Number of asset objects unloaded after import = 1

========================================================================
Received Import Request.
  Time since last request: 0.000018 seconds.
  path: Assets/Oculus/VR/Scripts/OVRPointerVisualizer.cs
  artifactKey: Guid(12283131fa5724f44b343883ae474072) Importer(2089858483,192608db42251d675da83286b1cce702)
Start importing Assets/Oculus/VR/Scripts/OVRPointerVisualizer.cs using Guid(12283131fa5724f44b343883ae474072) Importer(2089858483,192608db42251d675da83286b1cce702) (ScriptedImporter) -> (artifact id: '20ed65ee507b850ff9a9f5554a1ba4ec') in 0.0152169 seconds
Number of updated asset objects reloaded before import = 0Number of asset objects unloaded after import = 0

========================================================================
Received Import Request.
  Time since last request: 0.000024 seconds.
  path: Assets/Oculus/VR/Editor/OVRProjectConfig.cs
  artifactKey: Guid(05d394ae2a81edd4cbc3c51917e766e3) Importer(2089858483,192608db42251d675da83286b1cce702)
Start importing Assets/Oculus/VR/Editor/OVRProjectConfig.cs using Guid(05d394ae2a81edd4cbc3c51917e766e3) Importer(2089858483,192608db42251d675da83286b1cce702) (ScriptedImporter) -> (artifact id: '4166ceda9ea9408cb88f5b7639fe594e') in 0.0139301 seconds
Number of updated asset objects reloaded before import = 0Number of asset objects unloaded after import = 0

========================================================================
Received Import Request.
  Time since last request: 0.000027 seconds.
  path: Assets/Oculus/VR/Prefabs/OVRCubemapCaptureProbe.prefab
  artifactKey: Guid(7a400e96d4650ff4e827a7e727fad81d) Importer(2089858483,192608db42251d675da83286b1cce702)
Start importing Assets/Oculus/VR/Prefabs/OVRCubemapCaptureProbe.prefab using Guid(7a400e96d4650ff4e827a7e727fad81d) Importer(2089858483,192608db42251d675da83286b1cce702) (ScriptedImporter) -> (artifact id: '7b8ff354896112cab1ba4b6e5e8676ab') in 0.0214487 seconds
Number of updated asset objects reloaded before import = 0Number of asset objects unloaded after import = 5

========================================================================
Received Import Request.
  Time since last request: 0.000024 seconds.
  path: Assets/Oculus/VR/Editor/OVRDirectorySyncer.cs
  artifactKey: Guid(666774827ce57754f9fbd8e008ed0a2a) Importer(2089858483,192608db42251d675da83286b1cce702)
Start importing Assets/Oculus/VR/Editor/OVRDirectorySyncer.cs using Guid(666774827ce57754f9fbd8e008ed0a2a) Importer(2089858483,192608db42251d675da83286b1cce702) (ScriptedImporter) -> (artifact id: 'b15a43ba976e005b279a8537aa4ef7fa') in 0.0132427 seconds
Number of updated asset objects reloaded before import = 0Number of asset objects unloaded after import = 0

========================================================================
Received Import Request.
  Time since last request: 0.000016 seconds.
  path: Assets/Oculus/VR/Scripts/OVRCommon.cs
  artifactKey: Guid(176f8d665b1d78048b1e87956698df6b) Importer(2089858483,192608db42251d675da83286b1cce702)
Start importing Assets/Oculus/VR/Scripts/OVRCommon.cs using Guid(176f8d665b1d78048b1e87956698df6b) Importer(2089858483,192608db42251d675da83286b1cce702) (ScriptedImporter) -> (artifact id: '054d05345604b39705b0c9711e991558') in 0.0146815 seconds
Number of updated asset objects reloaded before import = 0Number of asset objects unloaded after import = 0

========================================================================
Received Import Request.
  Time since last request: 0.000019 seconds.
  path: Assets/Oculus/VR/Scripts/OVRUnityHumanoidSkeletonRetargeter.cs
  artifactKey: Guid(c9f451663ada6d64983a58b6870c7ff4) Importer(2089858483,192608db42251d675da83286b1cce702)
Start importing Assets/Oculus/VR/Scripts/OVRUnityHumanoidSkeletonRetargeter.cs using Guid(c9f451663ada6d64983a58b6870c7ff4) Importer(2089858483,192608db42251d675da83286b1cce702) (ScriptedImporter) -> (artifact id: '7004eb9c08d18bee3e32c72b65b4a846') in 0.0131845 seconds
Number of updated asset objects reloaded before import = 0Number of asset objects unloaded after import = 0

========================================================================
Received Import Request.
  Time since last request: 0.000023 seconds.
  path: Assets/Oculus/VR/Scenes/ControllerDrivenHandPoses.unity
  artifactKey: Guid(7ea9f7c90c2fa404d86276a633b59903) Importer(2089858483,192608db42251d675da83286b1cce702)
Start importing Assets/Oculus/VR/Scenes/ControllerDrivenHandPoses.unity using Guid(7ea9f7c90c2fa404d86276a633b59903) Importer(2089858483,192608db42251d675da83286b1cce702) (ScriptedImporter) -> (artifact id: '048c0df1e8d6becdfd55d687acc29d4e') in 0.0135051 seconds
Number of updated asset objects reloaded before import = 0Number of asset objects unloaded after import = 1

========================================================================
Received Import Request.
  Time since last request: 0.000011 seconds.
  path: Assets/Oculus/VR/Resources/Underlay Transparent Occluder.shader
  artifactKey: Guid(d6708eb99dec8334fb83db57b764097a) Importer(2089858483,192608db42251d675da83286b1cce702)
Start importing Assets/Oculus/VR/Resources/Underlay Transparent Occluder.shader using Guid(d6708eb99dec8334fb83db57b764097a) Importer(2089858483,192608db42251d675da83286b1cce702) (ScriptedImporter) -> (artifact id: '91428023f220fc764457da2075ff8cfd') in 0.0158759 seconds
Number of updated asset objects reloaded before import = 0Number of asset objects unloaded after import = 1

========================================================================
Received Import Request.
  Time since last request: 0.000014 seconds.
  path: Assets/Oculus/VR/Scripts/OVRSpace.cs
  artifactKey: Guid(f0a035a1179b5854ea99bbedbcca3231) Importer(2089858483,192608db42251d675da83286b1cce702)
Start importing Assets/Oculus/VR/Scripts/OVRSpace.cs using Guid(f0a035a1179b5854ea99bbedbcca3231) Importer(2089858483,192608db42251d675da83286b1cce702) (ScriptedImporter) -> (artifact id: '08a86f9f59ba038f7c353e3fdb980653') in 0.0152202 seconds
Number of updated asset objects reloaded before import = 0Number of asset objects unloaded after import = 0

========================================================================
Received Import Request.
  Time since last request: 0.000029 seconds.
  path: Assets/Oculus/VR/Resources/OVRMRCameraFrameLit.shader
  artifactKey: Guid(a8577c885e80d8043946ac5b7abcf9a1) Importer(2089858483,192608db42251d675da83286b1cce702)
Start importing Assets/Oculus/VR/Resources/OVRMRCameraFrameLit.shader using Guid(a8577c885e80d8043946ac5b7abcf9a1) Importer(2089858483,192608db42251d675da83286b1cce702) (ScriptedImporter) -> (artifact id: '6b44bd2ff62824e15eabc13687b31f15') in 0.0151554 seconds
Number of updated asset objects reloaded before import = 0Number of asset objects unloaded after import = 1

========================================================================
Received Import Request.
  Time since last request: 0.000014 seconds.
  path: Assets/Oculus/VR/Scripts/OVRBoundary.cs
  artifactKey: Guid(332b8e08854932543ba356eec601c0ef) Importer(2089858483,192608db42251d675da83286b1cce702)
Start importing Assets/Oculus/VR/Scripts/OVRBoundary.cs using Guid(332b8e08854932543ba356eec601c0ef) Importer(2089858483,192608db42251d675da83286b1cce702) (ScriptedImporter) -> (artifact id: '05c8596890423c509a51ad554d9a961d') in 0.016608 seconds
Number of updated asset objects reloaded before import = 0Number of asset objects unloaded after import = 0

========================================================================
Received Import Request.
  Time since last request: 0.000015 seconds.
  path: Assets/Oculus/VR/Scripts/AssemblyInfo.cs
  artifactKey: Guid(07a8397add4f58d4dbfa3505a0517451) Importer(2089858483,192608db42251d675da83286b1cce702)
Start importing Assets/Oculus/VR/Scripts/AssemblyInfo.cs using Guid(07a8397add4f58d4dbfa3505a0517451) Importer(2089858483,192608db42251d675da83286b1cce702) (ScriptedImporter) -> (artifact id: '572c8e89698c23ea2eb43a7693e67087') in 0.0135241 seconds
Number of updated asset objects reloaded before import = 0Number of asset objects unloaded after import = 0

========================================================================
Received Import Request.
  Time since last request: 0.000013 seconds.
  path: Assets/Oculus/VR/Materials/CubeMaterial.mat
  artifactKey: Guid(62db2d638434d5a488dfb1e789e34b37) Importer(2089858483,192608db42251d675da83286b1cce702)
Start importing Assets/Oculus/VR/Materials/CubeMaterial.mat using Guid(62db2d638434d5a488dfb1e789e34b37) Importer(2089858483,192608db42251d675da83286b1cce702) (ScriptedImporter) -> (artifact id: 'dcb9f2c408361001f19f912a32dba9f3') in 0.0147686 seconds
Number of updated asset objects reloaded before import = 0Number of asset objects unloaded after import = 2

========================================================================
Received Import Request.
  Time since last request: 0.000014 seconds.
  path: Assets/Oculus/VR/Resources/OVRMRUnlit.shader
  artifactKey: Guid(9aa46566e1d86644c9a55e3037e935f6) Importer(2089858483,192608db42251d675da83286b1cce702)
Start importing Assets/Oculus/VR/Resources/OVRMRUnlit.shader using Guid(9aa46566e1d86644c9a55e3037e935f6) Importer(2089858483,192608db42251d675da83286b1cce702) (ScriptedImporter) -> (artifact id: '0cb3a33e9c6e8301ba8329c2359185bf') in 0.0161372 seconds
Number of updated asset objects reloaded before import = 0Number of asset objects unloaded after import = 1

========================================================================
Received Import Request.
  Time since last request: 0.000013 seconds.
  path: Assets/Oculus/VR/Scripts/OVRCameraRig.cs
  artifactKey: Guid(df9f338034892c44ebb62d97894772f1) Importer(2089858483,192608db42251d675da83286b1cce702)
Start importing Assets/Oculus/VR/Scripts/OVRCameraRig.cs using Guid(df9f338034892c44ebb62d97894772f1) Importer(2089858483,192608db42251d675da83286b1cce702) (ScriptedImporter) -> (artifact id: 'a9a21c099fec54e097004f0b39477af4') in 0.0139661 seconds
Number of updated asset objects reloaded before import = 0Number of asset objects unloaded after import = 0

========================================================================
Received Import Request.
  Time since last request: 0.000014 seconds.
  path: Assets/Oculus/VR/Prefabs/OVRSceneManager.prefab
  artifactKey: Guid(c813208e672e3074bbe118e1a9ee94fd) Importer(2089858483,192608db42251d675da83286b1cce702)
Start importing Assets/Oculus/VR/Prefabs/OVRSceneManager.prefab using Guid(c813208e672e3074bbe118e1a9ee94fd) Importer(2089858483,192608db42251d675da83286b1cce702) (ScriptedImporter) -> (artifact id: 'c474aa6762a2f58e10e68f506cde20e2') in 0.0306459 seconds
Number of updated asset objects reloaded before import = 0Number of asset objects unloaded after import = 6

========================================================================
Received Import Request.
  Time since last request: 0.000027 seconds.
  path: Assets/Oculus/VR/Scripts/OVRHeadsetEmulator.cs
  artifactKey: Guid(5178bc8574ce2bf4388e787a2e2af326) Importer(2089858483,192608db42251d675da83286b1cce702)
Start importing Assets/Oculus/VR/Scripts/OVRHeadsetEmulator.cs using Guid(5178bc8574ce2bf4388e787a2e2af326) Importer(2089858483,192608db42251d675da83286b1cce702) (ScriptedImporter) -> (artifact id: '92f65ee0723d4c81c01b3002a3443a21') in 0.0156068 seconds
Number of updated asset objects reloaded before import = 0Number of asset objects unloaded after import = 0

========================================================================
Received Import Request.
  Time since last request: 0.000015 seconds.
  path: Assets/Oculus/VR/Scripts/OVRSpatialAnchor.cs
  artifactKey: Guid(34e0461a4939d3b4fbdf706bbd80108c) Importer(2089858483,192608db42251d675da83286b1cce702)
Start importing Assets/Oculus/VR/Scripts/OVRSpatialAnchor.cs using Guid(34e0461a4939d3b4fbdf706bbd80108c) Importer(2089858483,192608db42251d675da83286b1cce702) (ScriptedImporter) -> (artifact id: '8a73e5a6659a57af4aa06657646411cc') in 0.0143719 seconds
Number of updated asset objects reloaded before import = 0Number of asset objects unloaded after import = 0

========================================================================
Received Import Request.
  Time since last request: 0.000016 seconds.
  path: Assets/Oculus/VR/Scenes/HandTest_Custom.unity
  artifactKey: Guid(c884d076d6398b54492bcc64bbe30bf5) Importer(2089858483,192608db42251d675da83286b1cce702)
Start importing Assets/Oculus/VR/Scenes/HandTest_Custom.unity using Guid(c884d076d6398b54492bcc64bbe30bf5) Importer(2089858483,192608db42251d675da83286b1cce702) (ScriptedImporter) -> (artifact id: 'c89b81649217ffdd83a9bc3761ed9467') in 0.0158802 seconds
Number of updated asset objects reloaded before import = 0Number of asset objects unloaded after import = 1

========================================================================
Received Import Request.
  Time since last request: 0.000020 seconds.
  path: Assets/Oculus/VR/Materials/gaze_cursor.mat
  artifactKey: Guid(7f31de375e167154aa45929466af30e4) Importer(2089858483,192608db42251d675da83286b1cce702)
Start importing Assets/Oculus/VR/Materials/gaze_cursor.mat using Guid(7f31de375e167154aa45929466af30e4) Importer(2089858483,192608db42251d675da83286b1cce702) (ScriptedImporter) -> (artifact id: '58bfbdd1c9971e57bb274a400338a3c2') in 0.0178314 seconds
Number of updated asset objects reloaded before import = 0Number of asset objects unloaded after import = 2

========================================================================
Received Import Request.
  Time since last request: 0.000013 seconds.
  path: Assets/Oculus/VR/Prefabs/Cursor_Timer.prefab
  artifactKey: Guid(5a7682c244a150b49965c007720bdbb7) Importer(2089858483,192608db42251d675da83286b1cce702)
Start importing Assets/Oculus/VR/Prefabs/Cursor_Timer.prefab using Guid(5a7682c244a150b49965c007720bdbb7) Importer(2089858483,192608db42251d675da83286b1cce702) (ScriptedImporter) -> (artifact id: '3dbfb2dda15aef4637f04be5432f188c') in 0.0368893 seconds
Number of updated asset objects reloaded before import = 0Number of asset objects unloaded after import = 7

========================================================================
Received Import Request.
  Time since last request: 0.000018 seconds.
  path: Assets/Oculus/VR/Scripts/OVREyeGaze.cs
  artifactKey: Guid(28dd40a6d175d01498e0477360d6c070) Importer(2089858483,192608db42251d675da83286b1cce702)
Start importing Assets/Oculus/VR/Scripts/OVREyeGaze.cs using Guid(28dd40a6d175d01498e0477360d6c070) Importer(2089858483,192608db42251d675da83286b1cce702) (ScriptedImporter) -> (artifact id: '26aca8f01f8801e2840100611bef10ff') in 0.0143889 seconds
Number of updated asset objects reloaded before import = 0Number of asset objects unloaded after import = 0

========================================================================
Received Import Request.
  Time since last request: 0.000025 seconds.
  path: Assets/Oculus/VR/Resources/OVRMRCameraFrame.shader
  artifactKey: Guid(2bd7618c3fa0e4b4ab8e08dc3fadc376) Importer(2089858483,192608db42251d675da83286b1cce702)
Start importing Assets/Oculus/VR/Resources/OVRMRCameraFrame.shader using Guid(2bd7618c3fa0e4b4ab8e08dc3fadc376) Importer(2089858483,192608db42251d675da83286b1cce702) (ScriptedImporter) -> (artifact id: 'd75f5b18411860adf9f4f467b311ed54') in 0.0145977 seconds
Number of updated asset objects reloaded before import = 0Number of asset objects unloaded after import = 1

========================================================================
Received Import Request.
  Time since last request: 0.000021 seconds.
  path: Assets/Oculus/VR/Scripts/OVRSceneRoom.cs
  artifactKey: Guid(072d24c3e0f549549a35c48de676488f) Importer(2089858483,192608db42251d675da83286b1cce702)
Start importing Assets/Oculus/VR/Scripts/OVRSceneRoom.cs using Guid(072d24c3e0f549549a35c48de676488f) Importer(2089858483,192608db42251d675da83286b1cce702) (ScriptedImporter) -> (artifact id: '052a56a16396c2f45d19c2c653347414') in 0.013983 seconds
Number of updated asset objects reloaded before import = 0Number of asset objects unloaded after import = 0

========================================================================
Received Import Request.
  Time since last request: 0.000016 seconds.
  path: Assets/Oculus/VR/Scripts/OVRScenePlaneMeshFilter.cs
  artifactKey: Guid(4fc8b538f938e6e4798ac220c0a3d974) Importer(2089858483,192608db42251d675da83286b1cce702)
Start importing Assets/Oculus/VR/Scripts/OVRScenePlaneMeshFilter.cs using Guid(4fc8b538f938e6e4798ac220c0a3d974) Importer(2089858483,192608db42251d675da83286b1cce702) (ScriptedImporter) -> (artifact id: '09f8e2f6c8dd97519ec47ac1b03b61c9') in 0.0158909 seconds
Number of updated asset objects reloaded before import = 0Number of asset objects unloaded after import = 0

========================================================================
Received Import Request.
  Time since last request: 0.000015 seconds.
  path: Assets/Oculus/VR/Scenes/Trivial.unity
  artifactKey: Guid(d8d21f2460d13554780e4af04a9e0d6e) Importer(2089858483,192608db42251d675da83286b1cce702)
Start importing Assets/Oculus/VR/Scenes/Trivial.unity using Guid(d8d21f2460d13554780e4af04a9e0d6e) Importer(2089858483,192608db42251d675da83286b1cce702) (ScriptedImporter) -> (artifact id: '2986194e9d812d66cf29aa01e51465b2') in 0.0133046 seconds
Number of updated asset objects reloaded before import = 0Number of asset objects unloaded after import = 1

========================================================================
Received Import Request.
  Time since last request: 0.000014 seconds.
  path: Assets/Oculus/VR/Shaders/OVRColorRampAlpha.shader
  artifactKey: Guid(b95caf64e2cc3614892026a94bb2be84) Importer(2089858483,192608db42251d675da83286b1cce702)
Start importing Assets/Oculus/VR/Shaders/OVRColorRampAlpha.shader using Guid(b95caf64e2cc3614892026a94bb2be84) Importer(2089858483,192608db42251d675da83286b1cce702) (ScriptedImporter) -> (artifact id: '864a6b6c7499c4e2c0b6248e1444ed12') in 0.0135494 seconds
Number of updated asset objects reloaded before import = 0Number of asset objects unloaded after import = 1

========================================================================
Received Import Request.
  Time since last request: 1.439350 seconds.
  path: Assets/Oculus/VR/Textures/SelfieImage.renderTexture
  artifactKey: Guid(57e76b1057d5b458badbc9979747256e) Importer(2089858483,192608db42251d675da83286b1cce702)
Start importing Assets/Oculus/VR/Textures/SelfieImage.renderTexture using Guid(57e76b1057d5b458badbc9979747256e) Importer(2089858483,192608db42251d675da83286b1cce702) (ScriptedImporter) -> (artifact id: 'fcb4fbf6fa8ae37892ba95baaec3156e') in 0.016342 seconds
Number of updated asset objects reloaded before import = 0Number of asset objects unloaded after import = 1

========================================================================
Received Import Request.
  Time since last request: 0.000016 seconds.
  path: Assets/Oculus/Interaction/Runtime/Textures/fingers_glow_mask.png
  artifactKey: Guid(67be4f15fa1af0c4486fedbfeb87774c) Importer(2089858483,192608db42251d675da83286b1cce702)
Start importing Assets/Oculus/Interaction/Runtime/Textures/fingers_glow_mask.png using Guid(67be4f15fa1af0c4486fedbfeb87774c) Importer(2089858483,192608db42251d675da83286b1cce702) (ScriptedImporter) -> (artifact id: '78a133129c54bdf8fe8cf0c9e12b8c23') in 0.0250645 seconds
Number of updated asset objects reloaded before import = 0Number of asset objects unloaded after import = 1

========================================================================
Received Import Request.
  Time since last request: 0.000022 seconds.
  path: Assets/Oculus/Interaction/Runtime/Shaders/RoundedBoxUnlit.shader
  artifactKey: Guid(2f6ffd8c4413a1c4b8d833fc76c445ed) Importer(2089858483,192608db42251d675da83286b1cce702)
Start importing Assets/Oculus/Interaction/Runtime/Shaders/RoundedBoxUnlit.shader using Guid(2f6ffd8c4413a1c4b8d833fc76c445ed) Importer(2089858483,192608db42251d675da83286b1cce702) (ScriptedImporter) -> (artifact id: '52906c7a55c9fedc0dfdbd5c714b626c') in 0.0148687 seconds
Number of updated asset objects reloaded before import = 0Number of asset objects unloaded after import = 1

========================================================================
Received Import Request.
  Time since last request: 0.000016 seconds.
  path: Assets/Oculus/Interaction/Runtime/Prefabs/Hands.prefab
  artifactKey: Guid(b57bba87873244d4f875b20cb0460ecc) Importer(2089858483,192608db42251d675da83286b1cce702)
Start importing Assets/Oculus/Interaction/Runtime/Prefabs/Hands.prefab using Guid(b57bba87873244d4f875b20cb0460ecc) Importer(2089858483,192608db42251d675da83286b1cce702) (ScriptedImporter) -> (artifact id: '58ab55b39533b58d579120c8a6dbf08c') in 0.017908 seconds
Number of updated asset objects reloaded before import = 0Number of asset objects unloaded after import = 36

========================================================================
Received Import Request.
  Time since last request: 0.000013 seconds.
  path: Assets/Oculus/AudioManager/Scripts/Audio/AmbienceEmitter.cs
  artifactKey: Guid(c11944691f6b9cf44a391c95cb3f7dea) Importer(2089858483,192608db42251d675da83286b1cce702)
Start importing Assets/Oculus/AudioManager/Scripts/Audio/AmbienceEmitter.cs using Guid(c11944691f6b9cf44a391c95cb3f7dea) Importer(2089858483,192608db42251d675da83286b1cce702) (ScriptedImporter) -> (artifact id: '93706bf4a1322e1499a68dcde1120602') in 0.0142717 seconds
Number of updated asset objects reloaded before import = 0Number of asset objects unloaded after import = 0

========================================================================
Received Import Request.
  Time since last request: 0.000017 seconds.
  path: Assets/Oculus/Interaction/Samples/Materials/MoonMaterial.mat
  artifactKey: Guid(aa67c5c1a6d21d1438099930c8568b9f) Importer(2089858483,192608db42251d675da83286b1cce702)
Start importing Assets/Oculus/Interaction/Samples/Materials/MoonMaterial.mat using Guid(aa67c5c1a6d21d1438099930c8568b9f) Importer(2089858483,192608db42251d675da83286b1cce702) (ScriptedImporter) -> (artifact id: 'b6db9acdc3e9cd586faab0339ad70256') in 0.0240208 seconds
Number of updated asset objects reloaded before import = 0Number of asset objects unloaded after import = 2

========================================================================
Received Import Request.
  Time since last request: 0.000015 seconds.
  path: Assets/Oculus/Interaction/Runtime/Materials/GrabDebugSphere.mat
  artifactKey: Guid(f4b49debff9d269449879fc6f5991a83) Importer(2089858483,192608db42251d675da83286b1cce702)
Start importing Assets/Oculus/Interaction/Runtime/Materials/GrabDebugSphere.mat using Guid(f4b49debff9d269449879fc6f5991a83) Importer(2089858483,192608db42251d675da83286b1cce702) (ScriptedImporter) -> (artifact id: '105b6ad1698c65d55c3e78c9f5d6b12a') in 0.0156958 seconds
Number of updated asset objects reloaded before import = 0Number of asset objects unloaded after import = 1

========================================================================
Received Import Request.
  Time since last request: 0.000018 seconds.
  path: Assets/Oculus/VR/ThirdParty/SimpleJSONUnity.cs
  artifactKey: Guid(d45c5e402883c0048a1a69b7a1ca8901) Importer(2089858483,192608db42251d675da83286b1cce702)
Start importing Assets/Oculus/VR/ThirdParty/SimpleJSONUnity.cs using Guid(d45c5e402883c0048a1a69b7a1ca8901) Importer(2089858483,192608db42251d675da83286b1cce702) (ScriptedImporter) -> (artifact id: 'eb320d53c1a9a94d06f3376966d48dc3') in 0.0136617 seconds
Number of updated asset objects reloaded before import = 0Number of asset objects unloaded after import = 0

========================================================================
Received Import Request.
  Time since last request: 0.000024 seconds.
  path: Assets/Oculus/Interaction/Editor/Utils/OptionalDrawer.cs
  artifactKey: Guid(2f23e2cef5c87c842828dec6dd676b0b) Importer(2089858483,192608db42251d675da83286b1cce702)
Start importing Assets/Oculus/Interaction/Editor/Utils/OptionalDrawer.cs using Guid(2f23e2cef5c87c842828dec6dd676b0b) Importer(2089858483,192608db42251d675da83286b1cce702) (ScriptedImporter) -> (artifact id: 'a46e16c4c0112c7d9ed6447ca9eef650') in 0.0174314 seconds
Number of updated asset objects reloaded before import = 0Number of asset objects unloaded after import = 0

========================================================================
Received Import Request.
  Time since last request: 0.000018 seconds.
  path: Assets/Oculus/AudioManager/Scenes/Scripts/TestScript.cs
  artifactKey: Guid(cfae243ecd01edd49bd439c56a8b18cf) Importer(2089858483,192608db42251d675da83286b1cce702)
Start importing Assets/Oculus/AudioManager/Scenes/Scripts/TestScript.cs using Guid(cfae243ecd01edd49bd439c56a8b18cf) Importer(2089858483,192608db42251d675da83286b1cce702) (ScriptedImporter) -> (artifact id: 'eb1dd819114d553d922dbdbe2fe59f73') in 0.0149786 seconds
Number of updated asset objects reloaded before import = 0Number of asset objects unloaded after import = 0

========================================================================
Received Import Request.
  Time since last request: 0.000014 seconds.
  path: Assets/Oculus/AudioManager/Scripts/Utils/FastList.cs
  artifactKey: Guid(5ad95fb7eea735748bd34c963525ea21) Importer(2089858483,192608db42251d675da83286b1cce702)
Start importing Assets/Oculus/AudioManager/Scripts/Utils/FastList.cs using Guid(5ad95fb7eea735748bd34c963525ea21) Importer(2089858483,192608db42251d675da83286b1cce702) (ScriptedImporter) -> (artifact id: 'aff40394d247302e68ed6cefec20963e') in 0.013853 seconds
Number of updated asset objects reloaded before import = 0Number of asset objects unloaded after import = 0

========================================================================
Received Import Request.
  Time since last request: 0.000016 seconds.
  path: Assets/Oculus/Interaction/Runtime/Shaders/UnlitTransparentColor.shader
  artifactKey: Guid(30ad2a53abd6f3e4aa5a1b0e0899691f) Importer(2089858483,192608db42251d675da83286b1cce702)
Start importing Assets/Oculus/Interaction/Runtime/Shaders/UnlitTransparentColor.shader using Guid(30ad2a53abd6f3e4aa5a1b0e0899691f) Importer(2089858483,192608db42251d675da83286b1cce702) (ScriptedImporter) -> (artifact id: '2c1695288069a2c8be48792fee2996d8') in 0.0140973 seconds
Number of updated asset objects reloaded before import = 0Number of asset objects unloaded after import = 1

========================================================================
Received Import Request.
  Time since last request: 0.000024 seconds.
  path: Assets/Oculus/Interaction/Runtime/Prefabs/ControllerHands.prefab
  artifactKey: Guid(13488c79ceaed7c4294a1b8e8d48de47) Importer(2089858483,192608db42251d675da83286b1cce702)
Start importing Assets/Oculus/Interaction/Runtime/Prefabs/ControllerHands.prefab using Guid(13488c79ceaed7c4294a1b8e8d48de47) Importer(2089858483,192608db42251d675da83286b1cce702) (ScriptedImporter) -> (artifact id: '7f480dc64545876285fbf6b03fa14302') in 0.0162838 seconds
Number of updated asset objects reloaded before import = 0Number of asset objects unloaded after import = 24

========================================================================
Received Import Request.
  Time since last request: 0.000017 seconds.
  path: Assets/Oculus/Interaction/Editor/UnityCanvas/CanvasCylinderEditor.cs
  artifactKey: Guid(944333c358971834fae9279e521984bd) Importer(2089858483,192608db42251d675da83286b1cce702)
Start importing Assets/Oculus/Interaction/Editor/UnityCanvas/CanvasCylinderEditor.cs using Guid(944333c358971834fae9279e521984bd) Importer(2089858483,192608db42251d675da83286b1cce702) (ScriptedImporter) -> (artifact id: 'cbc3f88d5ee8a25c2503692cde27bbbc') in 0.0158436 seconds
Number of updated asset objects reloaded before import = 0Number of asset objects unloaded after import = 0

========================================================================
Received Import Request.
  Time since last request: 0.000017 seconds.
  path: Assets/Oculus/Interaction/Samples/Materials/PaperParticle.mat
  artifactKey: Guid(e616a4eb1b541bc498887ab3e34dfd70) Importer(2089858483,192608db42251d675da83286b1cce702)
Start importing Assets/Oculus/Interaction/Samples/Materials/PaperParticle.mat using Guid(e616a4eb1b541bc498887ab3e34dfd70) Importer(2089858483,192608db42251d675da83286b1cce702) (ScriptedImporter) -> (artifact id: 'bf891b5d311fa722c132805311aec031') in 0.0162191 seconds
Number of updated asset objects reloaded before import = 0Number of asset objects unloaded after import = 2

========================================================================
Received Import Request.
  Time since last request: 0.000026 seconds.
  path: Assets/Oculus/Interaction/Runtime/Materials/DebugUnlitMaterial.mat
  artifactKey: Guid(32c9cae82fc27e4429ecd48a7c3ea496) Importer(2089858483,192608db42251d675da83286b1cce702)
Start importing Assets/Oculus/Interaction/Runtime/Materials/DebugUnlitMaterial.mat using Guid(32c9cae82fc27e4429ecd48a7c3ea496) Importer(2089858483,192608db42251d675da83286b1cce702) (ScriptedImporter) -> (artifact id: 'b5d138a90c34db124fab3d7b5e8fe3df') in 0.0160002 seconds
Number of updated asset objects reloaded before import = 0Number of asset objects unloaded after import = 1

========================================================================
Received Import Request.
  Time since last request: 0.000016 seconds.
  path: Assets/TutorialInfo/Scripts/Editor/ReadmeEditor.cs
  artifactKey: Guid(476cc7d7cd9874016adc216baab94a0a) Importer(2089858483,192608db42251d675da83286b1cce702)
Start importing Assets/TutorialInfo/Scripts/Editor/ReadmeEditor.cs using Guid(476cc7d7cd9874016adc216baab94a0a) Importer(2089858483,192608db42251d675da83286b1cce702) (ScriptedImporter) -> (artifact id: '49b5ee974cee084d9aab5259a73d6a05') in 0.0141355 seconds
Number of updated asset objects reloaded before import = 0Number of asset objects unloaded after import = 0

========================================================================
Received Import Request.
  Time since last request: 0.000015 seconds.
  path: Assets/Oculus/Interaction/Editor/PackageUtils/PackageCleanup.cs
  artifactKey: Guid(e9dd3eed68fab7d40a0c5d750d3f478d) Importer(2089858483,192608db42251d675da83286b1cce702)
Start importing Assets/Oculus/Interaction/Editor/PackageUtils/PackageCleanup.cs using Guid(e9dd3eed68fab7d40a0c5d750d3f478d) Importer(2089858483,192608db42251d675da83286b1cce702) (ScriptedImporter) -> (artifact id: '7b8a3d115afc612a3edb8a0cc09b7955') in 0.0143006 seconds
Number of updated asset objects reloaded before import = 0Number of asset objects unloaded after import = 0

========================================================================
Received Import Request.
  Time since last request: 0.000016 seconds.
  path: Assets/Oculus/Interaction/Editor/Poke/CircleProximityFieldEditor.cs
  artifactKey: Guid(16ae33ec886b4a943996ad69b54e7a3c) Importer(2089858483,192608db42251d675da83286b1cce702)
Start importing Assets/Oculus/Interaction/Editor/Poke/CircleProximityFieldEditor.cs using Guid(16ae33ec886b4a943996ad69b54e7a3c) Importer(2089858483,192608db42251d675da83286b1cce702) (ScriptedImporter) -> (artifact id: '4e603f16d2829313274af9da2a143913') in 0.0140289 seconds
Number of updated asset objects reloaded before import = 0Number of asset objects unloaded after import = 0

========================================================================
Received Import Request.
  Time since last request: 0.000016 seconds.
  path: Assets/Oculus/Interaction/Runtime/Shaders/OculusHand.shader
  artifactKey: Guid(b895d3431e75dc345a72e171f82bfbea) Importer(2089858483,192608db42251d675da83286b1cce702)
Start importing Assets/Oculus/Interaction/Runtime/Shaders/OculusHand.shader using Guid(b895d3431e75dc345a72e171f82bfbea) Importer(2089858483,192608db42251d675da83286b1cce702) (ScriptedImporter) -> (artifact id: '606efe3e2e561c2b47e8d4573fe98cd9') in 0.0147177 seconds
Number of updated asset objects reloaded before import = 0Number of asset objects unloaded after import = 1

========================================================================
Received Import Request.
  Time since last request: 0.000017 seconds.
  path: Assets/Oculus/Interaction/Runtime/Textures/RainbowGradient.png
  artifactKey: Guid(9d4edac8b27eead43ae4839ff9b23791) Importer(2089858483,192608db42251d675da83286b1cce702)
Start importing Assets/Oculus/Interaction/Runtime/Textures/RainbowGradient.png using Guid(9d4edac8b27eead43ae4839ff9b23791) Importer(2089858483,192608db42251d675da83286b1cce702) (ScriptedImporter) -> (artifact id: 'e4f447824f23c74bd48bb084e33170f5') in 0.0211539 seconds
Number of updated asset objects reloaded before import = 0Number of asset objects unloaded after import = 1

========================================================================
Received Import Request.
  Time since last request: 0.000018 seconds.
  path: Assets/Oculus/Interaction/Editor/PoseDetection/TransformConfigEditor.cs
  artifactKey: Guid(ca473a2dca4a42988bd13c46f6ed077f) Importer(2089858483,192608db42251d675da83286b1cce702)
Start importing Assets/Oculus/Interaction/Editor/PoseDetection/TransformConfigEditor.cs using Guid(ca473a2dca4a42988bd13c46f6ed077f) Importer(2089858483,192608db42251d675da83286b1cce702) (ScriptedImporter) -> (artifact id: 'a5497d6af31e365ed1baed2c1fac7e73') in 0.0120864 seconds
Number of updated asset objects reloaded before import = 0Number of asset objects unloaded after import = 0

========================================================================
Received Import Request.
  Time since last request: 0.000024 seconds.
  path: Assets/Oculus/AudioManager/Scripts/Audio/SoundFXRef.cs
  artifactKey: Guid(48176edab546a48de9b146105d7c5f47) Importer(2089858483,192608db42251d675da83286b1cce702)
Start importing Assets/Oculus/AudioManager/Scripts/Audio/SoundFXRef.cs using Guid(48176edab546a48de9b146105d7c5f47) Importer(2089858483,192608db42251d675da83286b1cce702) (ScriptedImporter) -> (artifact id: 'eb1689d508b5129a2132f4113b2b55ef') in 0.0124072 seconds
Number of updated asset objects reloaded before import = 0Number of asset objects unloaded after import = 0

========================================================================
Received Import Request.
  Time since last request: 0.000015 seconds.
  path: Assets/Oculus/Interaction/Editor/Surfaces/BoundsClipperEditor.cs
  artifactKey: Guid(ac62e2f2d66aeef43b16ba05a35880fa) Importer(2089858483,192608db42251d675da83286b1cce702)
Start importing Assets/Oculus/Interaction/Editor/Surfaces/BoundsClipperEditor.cs using Guid(ac62e2f2d66aeef43b16ba05a35880fa) Importer(2089858483,192608db42251d675da83286b1cce702) (ScriptedImporter) -> (artifact id: 'dd8130802d9c37fa3dc1c932b2c78276') in 0.0157635 seconds
Number of updated asset objects reloaded before import = 0Number of asset objects unloaded after import = 0

========================================================================
Received Import Request.
  Time since last request: 0.000034 seconds.
  path: Assets/Oculus/Interaction/Editor/Surfaces/SurfaceDrawing.cs
  artifactKey: Guid(bf88c6307a5127044b8532fafa492449) Importer(2089858483,192608db42251d675da83286b1cce702)
Start importing Assets/Oculus/Interaction/Editor/Surfaces/SurfaceDrawing.cs using Guid(bf88c6307a5127044b8532fafa492449) Importer(2089858483,192608db42251d675da83286b1cce702) (ScriptedImporter) -> (artifact id: 'f51e4373c439858c149baf19dfb531f2') in 0.0146378 seconds
Number of updated asset objects reloaded before import = 0Number of asset objects unloaded after import = 0

========================================================================
Received Import Request.
  Time since last request: 0.000014 seconds.
  path: Assets/Oculus/Interaction/Samples/Animations/TutorialSnapRotate_1.anim
  artifactKey: Guid(bf4b311be3559aa41b2d7e0adefd8320) Importer(2089858483,192608db42251d675da83286b1cce702)
Start importing Assets/Oculus/Interaction/Samples/Animations/TutorialSnapRotate_1.anim using Guid(bf4b311be3559aa41b2d7e0adefd8320) Importer(2089858483,192608db42251d675da83286b1cce702) (ScriptedImporter) -> (artifact id: '84f3a595faabbead7a594212256711cc') in 0.0358438 seconds
Number of updated asset objects reloaded before import = 0Number of asset objects unloaded after import = 1

========================================================================
Received Import Request.
  Time since last request: 0.000014 seconds.
  path: Assets/Oculus/Interaction/Editor/Body/BodyPoseComparerConfigPropertyDrawer.cs
  artifactKey: Guid(57db1cbbceaaab34dafc9c1f0a32da20) Importer(2089858483,192608db42251d675da83286b1cce702)
Start importing Assets/Oculus/Interaction/Editor/Body/BodyPoseComparerConfigPropertyDrawer.cs using Guid(57db1cbbceaaab34dafc9c1f0a32da20) Importer(2089858483,192608db42251d675da83286b1cce702) (ScriptedImporter) -> (artifact id: 'af419aea1729446c5f788550eceb474a') in 0.0132545 seconds
Number of updated asset objects reloaded before import = 0Number of asset objects unloaded after import = 0

========================================================================
Received Import Request.
  Time since last request: 0.000016 seconds.
  path: Assets/Oculus/Interaction/Editor/Poke/BoxProximityFieldEditor.cs
  artifactKey: Guid(999a7ac090d2079498d0308044745a44) Importer(2089858483,192608db42251d675da83286b1cce702)
Start importing Assets/Oculus/Interaction/Editor/Poke/BoxProximityFieldEditor.cs using Guid(999a7ac090d2079498d0308044745a44) Importer(2089858483,192608db42251d675da83286b1cce702) (ScriptedImporter) -> (artifact id: '779347a3f6b356a6fcfe284ca6e1e56b') in 0.0151679 seconds
Number of updated asset objects reloaded before import = 0Number of asset objects unloaded after import = 0

========================================================================
Received Import Request.
  Time since last request: 0.000027 seconds.
  path: Assets/Oculus/Interaction/Editor/Surfaces/ClippedCylinderSurfaceEditor.cs
  artifactKey: Guid(3c85fb333acdbe64083291403294e7aa) Importer(2089858483,192608db42251d675da83286b1cce702)
Start importing Assets/Oculus/Interaction/Editor/Surfaces/ClippedCylinderSurfaceEditor.cs using Guid(3c85fb333acdbe64083291403294e7aa) Importer(2089858483,192608db42251d675da83286b1cce702) (ScriptedImporter) -> (artifact id: '5ded9e51d3f9d9219fe65d1927eceb28') in 0.015272 seconds
Number of updated asset objects reloaded before import = 0Number of asset objects unloaded after import = 0

========================================================================
Received Import Request.
  Time since last request: 0.000014 seconds.
  path: Assets/Oculus/Interaction/Runtime/Materials/UIDepthOverwrite.mat
  artifactKey: Guid(c7cda63c3ebb50847950fc3a925d784f) Importer(2089858483,192608db42251d675da83286b1cce702)
Start importing Assets/Oculus/Interaction/Runtime/Materials/UIDepthOverwrite.mat using Guid(c7cda63c3ebb50847950fc3a925d784f) Importer(2089858483,192608db42251d675da83286b1cce702) (ScriptedImporter) -> (artifact id: 'e005d0689b96aca4618e0531d881ff91') in 0.016732 seconds
Number of updated asset objects reloaded before import = 0Number of asset objects unloaded after import = 1

========================================================================
Received Import Request.
  Time since last request: 0.000016 seconds.
  path: Assets/Oculus/Interaction/Runtime/Shaders/UIStyleShader.shader
  artifactKey: Guid(945300705d5265c40880df9dc394ebd5) Importer(2089858483,192608db42251d675da83286b1cce702)
Start importing Assets/Oculus/Interaction/Runtime/Shaders/UIStyleShader.shader using Guid(945300705d5265c40880df9dc394ebd5) Importer(2089858483,192608db42251d675da83286b1cce702) (ScriptedImporter) -> (artifact id: 'ade148dddf3caf769e16800fa7c3801b') in 0.0178227 seconds
Number of updated asset objects reloaded before import = 0Number of asset objects unloaded after import = 1

========================================================================
Received Import Request.
  Time since last request: 0.000014 seconds.
  path: Assets/Oculus/Interaction/Samples/Animations/ButtonBorderAnimation.controller
  artifactKey: Guid(403b36b4f396df94ba4c1659497a9b29) Importer(2089858483,192608db42251d675da83286b1cce702)
Start importing Assets/Oculus/Interaction/Samples/Animations/ButtonBorderAnimation.controller using Guid(403b36b4f396df94ba4c1659497a9b29) Importer(2089858483,192608db42251d675da83286b1cce702) (ScriptedImporter) -> (artifact id: '830801404615e638a4988a8195920320') in 0.0299987 seconds
Number of updated asset objects reloaded before import = 0Number of asset objects unloaded after import = 17

========================================================================
Received Import Request.
  Time since last request: 0.000016 seconds.
  path: Assets/Oculus/Interaction/Runtime/Materials/UIDefaultOverlay.mat
  artifactKey: Guid(bc9f80a2ae0e0a24d870176e48ab1b93) Importer(2089858483,192608db42251d675da83286b1cce702)
Start importing Assets/Oculus/Interaction/Runtime/Materials/UIDefaultOverlay.mat using Guid(bc9f80a2ae0e0a24d870176e48ab1b93) Importer(2089858483,192608db42251d675da83286b1cce702) (ScriptedImporter) -> (artifact id: '6dfc2a83d2ebc0e266f5fd631dc81934') in 0.0435699 seconds
Number of updated asset objects reloaded before import = 0Number of asset objects unloaded after import = 1

========================================================================
Received Import Request.
  Time since last request: 0.000028 seconds.
  path: Assets/Oculus/Interaction/Samples/Animations/TutorialUISnapOnClip.anim
  artifactKey: Guid(bedd15039d95ad143a31f06eb334ce48) Importer(2089858483,192608db42251d675da83286b1cce702)
Start importing Assets/Oculus/Interaction/Samples/Animations/TutorialUISnapOnClip.anim using Guid(bedd15039d95ad143a31f06eb334ce48) Importer(2089858483,192608db42251d675da83286b1cce702) (ScriptedImporter) -> (artifact id: 'fe9e26837a47e903d3e442516700e14b') in 0.0162292 seconds
Number of updated asset objects reloaded before import = 0Number of asset objects unloaded after import = 1

========================================================================
Received Import Request.
  Time since last request: 0.000025 seconds.
  path: Assets/Oculus/Interaction/Editor/Body/BodyPoseRecorder.cs
  artifactKey: Guid(580dbef906f46f1449a123971c210b75) Importer(2089858483,192608db42251d675da83286b1cce702)
Start importing Assets/Oculus/Interaction/Editor/Body/BodyPoseRecorder.cs using Guid(580dbef906f46f1449a123971c210b75) Importer(2089858483,192608db42251d675da83286b1cce702) (ScriptedImporter) -> (artifact id: '5027bb6a13946a7bfc0a1b7bf93e7ed7') in 0.0157231 seconds
Number of updated asset objects reloaded before import = 0Number of asset objects unloaded after import = 0

========================================================================
Received Import Request.
  Time since last request: 0.000016 seconds.
  path: Assets/Oculus/Interaction/Editor/PoseDetection/FeatureStateThresholdsEditor.cs
  artifactKey: Guid(536a9cf65c7544ab9e4051eac951baa7) Importer(2089858483,192608db42251d675da83286b1cce702)
Start importing Assets/Oculus/Interaction/Editor/PoseDetection/FeatureStateThresholdsEditor.cs using Guid(536a9cf65c7544ab9e4051eac951baa7) Importer(2089858483,192608db42251d675da83286b1cce702) (ScriptedImporter) -> (artifact id: '37ba71b9374126b8bc2ab35289b9460d') in 0.0155738 seconds
Number of updated asset objects reloaded before import = 0Number of asset objects unloaded after import = 0

========================================================================
Received Import Request.
  Time since last request: 0.000016 seconds.
  path: Assets/Oculus/Interaction/Samples/Materials/DebugBody.fbx
  artifactKey: Guid(5b25e751187aed74499ddb0afb0dc5a3) Importer(2089858483,192608db42251d675da83286b1cce702)
Start importing Assets/Oculus/Interaction/Samples/Materials/DebugBody.fbx using Guid(5b25e751187aed74499ddb0afb0dc5a3) Importer(2089858483,192608db42251d675da83286b1cce702) (ScriptedImporter) -> (artifact id: '576bba3c9b857e4062bd3d8d03c7c709') in 0.0450616 seconds
Number of updated asset objects reloaded before import = 0Number of asset objects unloaded after import = 8

========================================================================
Received Import Request.
  Time since last request: 0.000019 seconds.
  path: Assets/Oculus/Interaction/Samples/Animations/TutorialLocomotion_Turn.controller
  artifactKey: Guid(f20de30e21540a140b6bb8c7d0e63b3e) Importer(2089858483,192608db42251d675da83286b1cce702)
Start importing Assets/Oculus/Interaction/Samples/Animations/TutorialLocomotion_Turn.controller using Guid(f20de30e21540a140b6bb8c7d0e63b3e) Importer(2089858483,192608db42251d675da83286b1cce702) (ScriptedImporter) -> (artifact id: 'bcc8dab70d2edb2499c6625030575bcb') in 0.1753003 seconds
Number of updated asset objects reloaded before import = 0Number of asset objects unloaded after import = 14

========================================================================
Received Import Request.
  Time since last request: 0.000035 seconds.
  path: Assets/Oculus/Interaction/Editor/PoseDetection/FeatureListPropertyDrawer.cs
  artifactKey: Guid(39acc9895ae6408898722a714edbe5ce) Importer(2089858483,192608db42251d675da83286b1cce702)
Start importing Assets/Oculus/Interaction/Editor/PoseDetection/FeatureListPropertyDrawer.cs using Guid(39acc9895ae6408898722a714edbe5ce) Importer(2089858483,192608db42251d675da83286b1cce702) (ScriptedImporter) -> (artifact id: '9c96a05e86594d68143719313cc2bab5') in 0.0170984 seconds
Number of updated asset objects reloaded before import = 0Number of asset objects unloaded after import = 0

========================================================================
Received Import Request.
  Time since last request: 1.130558 seconds.
  path: Assets/Oculus/Interaction/Samples/Materials/PlanetMaterial.mat
  artifactKey: Guid(4f430425110a8a9469aeff44bdcd96d9) Importer(2089858483,192608db42251d675da83286b1cce702)
Start importing Assets/Oculus/Interaction/Samples/Materials/PlanetMaterial.mat using Guid(4f430425110a8a9469aeff44bdcd96d9) Importer(2089858483,192608db42251d675da83286b1cce702) (ScriptedImporter) -> (artifact id: 'e68ceeba7a34d57409eb8e1f97484e0e') in 0.0168821 seconds
Number of updated asset objects reloaded before import = 0Number of asset objects unloaded after import = 2

========================================================================
Received Import Request.
  Time since last request: 0.000016 seconds.
  path: Assets/Oculus/Platform/Scripts/Models/UserReportID.cs
  artifactKey: Guid(3c9566020c8239548b2efa1583525ffe) Importer(2089858483,192608db42251d675da83286b1cce702)
Start importing Assets/Oculus/Platform/Scripts/Models/UserReportID.cs using Guid(3c9566020c8239548b2efa1583525ffe) Importer(2089858483,192608db42251d675da83286b1cce702) (ScriptedImporter) -> (artifact id: 'b8bad4c5301a355ec6143fa654dee1e6') in 0.0141743 seconds
Number of updated asset objects reloaded before import = 0Number of asset objects unloaded after import = 0

========================================================================
Received Import Request.
  Time since last request: 0.000013 seconds.
  path: Assets/Oculus/Interaction/Samples/Scenes/BasicPoke.unity
  artifactKey: Guid(e6661efa421761b4299803adcd8c1c9a) Importer(2089858483,192608db42251d675da83286b1cce702)
Start importing Assets/Oculus/Interaction/Samples/Scenes/BasicPoke.unity using Guid(e6661efa421761b4299803adcd8c1c9a) Importer(2089858483,192608db42251d675da83286b1cce702) (ScriptedImporter) -> (artifact id: '96dd93bb1533666aa8a727ca3e315074') in 0.0163824 seconds
Number of updated asset objects reloaded before import = 0Number of asset objects unloaded after import = 1

========================================================================
Received Import Request.
  Time since last request: 0.000162 seconds.
  path: Assets/Oculus/Platform/Scripts/Models/NetSyncSession.cs
  artifactKey: Guid(7a9f17e67ff58744aba3493ae5cd9aa0) Importer(2089858483,192608db42251d675da83286b1cce702)
Start importing Assets/Oculus/Platform/Scripts/Models/NetSyncSession.cs using Guid(7a9f17e67ff58744aba3493ae5cd9aa0) Importer(2089858483,192608db42251d675da83286b1cce702) (ScriptedImporter) -> (artifact id: '5730578cba99b25266a2869f65f477b8') in 0.0173241 seconds
Number of updated asset objects reloaded before import = 0Number of asset objects unloaded after import = 0

========================================================================
Received Import Request.
  Time since last request: 0.000062 seconds.
  path: Assets/Oculus/SampleFramework/Core/Locomotion/TeleportPoint.prefab
  artifactKey: Guid(ded1d2e0d283d62428212702b4ed5f3f) Importer(2089858483,192608db42251d675da83286b1cce702)
Start importing Assets/Oculus/SampleFramework/Core/Locomotion/TeleportPoint.prefab using Guid(ded1d2e0d283d62428212702b4ed5f3f) Importer(2089858483,192608db42251d675da83286b1cce702) (ScriptedImporter) -> (artifact id: 'e187fc00fd31f8963c37243236424050') in 0.0391265 seconds
Number of updated asset objects reloaded before import = 0Number of asset objects unloaded after import = 14

========================================================================
Received Import Request.
  Time since last request: 0.000017 seconds.
  path: Assets/Oculus/Platform/Scripts/Models/AssetFileDownloadCancelResult.cs
  artifactKey: Guid(80090c9e4db0f2a46bd1ff95e4c6407f) Importer(2089858483,192608db42251d675da83286b1cce702)
Start importing Assets/Oculus/Platform/Scripts/Models/AssetFileDownloadCancelResult.cs using Guid(80090c9e4db0f2a46bd1ff95e4c6407f) Importer(2089858483,192608db42251d675da83286b1cce702) (ScriptedImporter) -> (artifact id: 'f6ce82a13e03d8d2c10e9843b409798f') in 0.0165432 seconds
Number of updated asset objects reloaded before import = 0Number of asset objects unloaded after import = 0

========================================================================
Received Import Request.
  Time since last request: 0.000018 seconds.
  path: Assets/Oculus/Interaction/Samples/Prefabs/DeprecatedSceneInfo.prefab
  artifactKey: Guid(20a1e5fad20085a48bd7b8e7fb549b93) Importer(2089858483,192608db42251d675da83286b1cce702)
Start importing Assets/Oculus/Interaction/Samples/Prefabs/DeprecatedSceneInfo.prefab using Guid(20a1e5fad20085a48bd7b8e7fb549b93) Importer(2089858483,192608db42251d675da83286b1cce702) (ScriptedImporter) -> (artifact id: 'f10a435bdabe99d17a4a38d433b71282') in 0.0808027 seconds
Number of updated asset objects reloaded before import = 0Number of asset objects unloaded after import = 26

========================================================================
Received Import Request.
  Time since last request: 0.000022 seconds.
  path: Assets/Oculus/SampleFramework/Usage/CustomHands/ReflectionProbe-0.exr
  artifactKey: Guid(0a345497283889f49b7c8637c2b84cb8) Importer(2089858483,192608db42251d675da83286b1cce702)
Start importing Assets/Oculus/SampleFramework/Usage/CustomHands/ReflectionProbe-0.exr using Guid(0a345497283889f49b7c8637c2b84cb8) Importer(2089858483,192608db42251d675da83286b1cce702) (ScriptedImporter) -> (artifact id: '4097a026b5c56a27864a5ea11611ee71') in 0.0303367 seconds
Number of updated asset objects reloaded before import = 0Number of asset objects unloaded after import = 1

========================================================================
Received Import Request.
  Time since last request: 0.000025 seconds.
  path: Assets/Oculus/Interaction/Samples/Scripts/CountdownTimer.cs
  artifactKey: Guid(80adaa84dcdec2b41981fa223dab63f0) Importer(2089858483,192608db42251d675da83286b1cce702)
Start importing Assets/Oculus/Interaction/Samples/Scripts/CountdownTimer.cs using Guid(80adaa84dcdec2b41981fa223dab63f0) Importer(2089858483,192608db42251d675da83286b1cce702) (ScriptedImporter) -> (artifact id: '9e31d5e712f2731a2f5121da6e3df828') in 0.0186915 seconds
Number of updated asset objects reloaded before import = 0Number of asset objects unloaded after import = 0

========================================================================
Received Import Request.
  Time since last request: 0.000024 seconds.
  path: Assets/Oculus/Platform/Scripts/Models/LivestreamingStartResult.cs
  artifactKey: Guid(18a920985ce51294787433880f509191) Importer(2089858483,192608db42251d675da83286b1cce702)
Start importing Assets/Oculus/Platform/Scripts/Models/LivestreamingStartResult.cs using Guid(18a920985ce51294787433880f509191) Importer(2089858483,192608db42251d675da83286b1cce702) (ScriptedImporter) -> (artifact id: 'd501e7fe443347e8d724bb82c3793797') in 0.0173565 seconds
Number of updated asset objects reloaded before import = 0Number of asset objects unloaded after import = 0

========================================================================
Received Import Request.
  Time since last request: 0.000025 seconds.
  path: Assets/Oculus/Platform/Scripts/Models/CloudStorageData.cs
  artifactKey: Guid(0e17b833610a92c4bbf4b67edb7ec116) Importer(2089858483,192608db42251d675da83286b1cce702)
Start importing Assets/Oculus/Platform/Scripts/Models/CloudStorageData.cs using Guid(0e17b833610a92c4bbf4b67edb7ec116) Importer(2089858483,192608db42251d675da83286b1cce702) (ScriptedImporter) -> (artifact id: '60ede8fd6755c51fdbce3d1c0453df21') in 0.0167212 seconds
Number of updated asset objects reloaded before import = 0Number of asset objects unloaded after import = 0

========================================================================
Received Import Request.
  Time since last request: 0.000020 seconds.
  path: Assets/Oculus/Platform/Scripts/Models/MatchmakingAdminSnapshot.cs
  artifactKey: Guid(13c216d6d7d951e4c8e4e74e380d6bb5) Importer(2089858483,192608db42251d675da83286b1cce702)
Start importing Assets/Oculus/Platform/Scripts/Models/MatchmakingAdminSnapshot.cs using Guid(13c216d6d7d951e4c8e4e74e380d6bb5) Importer(2089858483,192608db42251d675da83286b1cce702) (ScriptedImporter) -> (artifact id: '88b80c8e104c20dbc5eef2bac5706a2d') in 0.0167085 seconds
Number of updated asset objects reloaded before import = 0Number of asset objects unloaded after import = 0

========================================================================
Received Import Request.
  Time since last request: 0.000019 seconds.
  path: Assets/Oculus/Interaction/Samples/Scripts/PoseUseSample.cs
  artifactKey: Guid(14e32a77be61d8b4e906c12d189faef7) Importer(2089858483,192608db42251d675da83286b1cce702)
Start importing Assets/Oculus/Interaction/Samples/Scripts/PoseUseSample.cs using Guid(14e32a77be61d8b4e906c12d189faef7) Importer(2089858483,192608db42251d675da83286b1cce702) (ScriptedImporter) -> (artifact id: '64d9601779b56a42211a1ca08fa795f3') in 0.0183467 seconds
Number of updated asset objects reloaded before import = 0Number of asset objects unloaded after import = 0

========================================================================
Received Import Request.
  Time since last request: 0.000023 seconds.
  path: Assets/Oculus/LipSync/Models/RobotHead_TextureFlip/CH.png
  artifactKey: Guid(5e6531e8f56b42547b8d2ddf7a7363d1) Importer(2089858483,192608db42251d675da83286b1cce702)
Start importing Assets/Oculus/LipSync/Models/RobotHead_TextureFlip/CH.png using Guid(5e6531e8f56b42547b8d2ddf7a7363d1) Importer(2089858483,192608db42251d675da83286b1cce702) (ScriptedImporter) -> (artifact id: '3cc6f038a4e6b1dea9d649c31766046d') in 0.0265623 seconds
Number of updated asset objects reloaded before import = 0Number of asset objects unloaded after import = 1

========================================================================
Received Import Request.
  Time since last request: 0.000034 seconds.
  path: Assets/Oculus/Interaction/Samples/Scenes/BasicGestures.unity
  artifactKey: Guid(b6ca90bab3eb56844a3c394f95246150) Importer(2089858483,192608db42251d675da83286b1cce702)
Start importing Assets/Oculus/Interaction/Samples/Scenes/BasicGestures.unity using Guid(b6ca90bab3eb56844a3c394f95246150) Importer(2089858483,192608db42251d675da83286b1cce702) (ScriptedImporter) -> (artifact id: '0765e05a7a0289db5f0bec5fc2c91874') in 0.0154519 seconds
Number of updated asset objects reloaded before import = 0Number of asset objects unloaded after import = 1

========================================================================
Received Import Request.
  Time since last request: 0.000018 seconds.
  path: Assets/Oculus/LipSync/Scenes/Scripts/LipSyncDemo_Control.cs
  artifactKey: Guid(8a6c32d06b48d244b9c65729404d2afe) Importer(2089858483,192608db42251d675da83286b1cce702)
Start importing Assets/Oculus/LipSync/Scenes/Scripts/LipSyncDemo_Control.cs using Guid(8a6c32d06b48d244b9c65729404d2afe) Importer(2089858483,192608db42251d675da83286b1cce702) (ScriptedImporter) -> (artifact id: 'a353c19c6cb431abecbf8013e9292476') in 0.0163864 seconds
Number of updated asset objects reloaded before import = 0Number of asset objects unloaded after import = 0

========================================================================
Received Import Request.
  Time since last request: 0.000018 seconds.
  path: Assets/Oculus/Platform/Scripts/Models/PingResult.cs
  artifactKey: Guid(0320c45213f79b443bb412b5f3d89e4d) Importer(2089858483,192608db42251d675da83286b1cce702)
Start importing Assets/Oculus/Platform/Scripts/Models/PingResult.cs using Guid(0320c45213f79b443bb412b5f3d89e4d) Importer(2089858483,192608db42251d675da83286b1cce702) (ScriptedImporter) -> (artifact id: 'c544a39e2fbcec473c23c957ac1cfa0b') in 0.0167275 seconds
Number of updated asset objects reloaded before import = 0Number of asset objects unloaded after import = 0

========================================================================
Received Import Request.
  Time since last request: 0.000022 seconds.
  path: Assets/Oculus/LipSync/Models/RobotHead_TextureFlip/RobotHead_TextureFlip.FBX
  artifactKey: Guid(f82b1e3c015abaa409d91ab8eb628ac4) Importer(2089858483,192608db42251d675da83286b1cce702)
Start importing Assets/Oculus/LipSync/Models/RobotHead_TextureFlip/RobotHead_TextureFlip.FBX using Guid(f82b1e3c015abaa409d91ab8eb628ac4) Importer(2089858483,192608db42251d675da83286b1cce702) (ScriptedImporter) -> (artifact id: '23e376c20faebe43a0374b63914a2850') in 0.0330681 seconds
Number of updated asset objects reloaded before import = 0Number of asset objects unloaded after import = 49

========================================================================
Received Import Request.
  Time since last request: 0.000016 seconds.
  path: Assets/Oculus/Platform/Scripts/Models/Room.cs
  artifactKey: Guid(2343d804eee03c8449c527e47f540246) Importer(2089858483,192608db42251d675da83286b1cce702)
Start importing Assets/Oculus/Platform/Scripts/Models/Room.cs using Guid(2343d804eee03c8449c527e47f540246) Importer(2089858483,192608db42251d675da83286b1cce702) (ScriptedImporter) -> (artifact id: '604fdec344f7a5b2bbb9bf9ff2650002') in 0.0207913 seconds
Number of updated asset objects reloaded before import = 0Number of asset objects unloaded after import = 0

========================================================================
Received Import Request.
  Time since last request: 0.000017 seconds.
  path: Assets/Oculus/Spatializer/scenes/materials/AmbisonicObject1.mat
  artifactKey: Guid(584662273d60a0f47bd7fecbb570e66e) Importer(2089858483,192608db42251d675da83286b1cce702)
Start importing Assets/Oculus/Spatializer/scenes/materials/AmbisonicObject1.mat using Guid(584662273d60a0f47bd7fecbb570e66e) Importer(2089858483,192608db42251d675da83286b1cce702) (ScriptedImporter) -> (artifact id: 'd478139b3d8781885afb825c7edb1884') in 0.0179764 seconds
Number of updated asset objects reloaded before import = 0Number of asset objects unloaded after import = 1

========================================================================
Received Import Request.
  Time since last request: 0.000027 seconds.
  path: Assets/Oculus/Platform/Scripts/Models/MatchmakingBrowseResult.cs
  artifactKey: Guid(5802e9ca200ef2b42b6ecaad0ca71f6f) Importer(2089858483,192608db42251d675da83286b1cce702)
Start importing Assets/Oculus/Platform/Scripts/Models/MatchmakingBrowseResult.cs using Guid(5802e9ca200ef2b42b6ecaad0ca71f6f) Importer(2089858483,192608db42251d675da83286b1cce702) (ScriptedImporter) -> (artifact id: 'e0866f2d9162e9f77c4e08c085d6e998') in 0.0176717 seconds
Number of updated asset objects reloaded before import = 0Number of asset objects unloaded after import = 0

========================================================================
Received Import Request.
  Time since last request: 0.000015 seconds.
  path: Assets/Oculus/LipSync/Models/RobotHead_TextureFlip/kk.png
  artifactKey: Guid(ba0b9f69af91c5f46b490346e5552136) Importer(2089858483,192608db42251d675da83286b1cce702)
Start importing Assets/Oculus/LipSync/Models/RobotHead_TextureFlip/kk.png using Guid(ba0b9f69af91c5f46b490346e5552136) Importer(2089858483,192608db42251d675da83286b1cce702) (ScriptedImporter) -> (artifact id: '48df935c29fb8492f4b3f3a369ad2377') in 0.0209515 seconds
Number of updated asset objects reloaded before import = 0Number of asset objects unloaded after import = 1

========================================================================
Received Import Request.
  Time since last request: 0.000014 seconds.
  path: Assets/Oculus/LipSync/Models/RobotHead_TextureFlip/PP.png
  artifactKey: Guid(bea5b996ab6235c4aaa1be9b11aea8c4) Importer(2089858483,192608db42251d675da83286b1cce702)
Start importing Assets/Oculus/LipSync/Models/RobotHead_TextureFlip/PP.png using Guid(bea5b996ab6235c4aaa1be9b11aea8c4) Importer(2089858483,192608db42251d675da83286b1cce702) (ScriptedImporter) -> (artifact id: 'dcc68c96a3ebf242bcad1fefd073f9df') in 0.0242266 seconds
Number of updated asset objects reloaded before import = 0Number of asset objects unloaded after import = 1

========================================================================
Received Import Request.
  Time since last request: 0.000019 seconds.
  path: Assets/Oculus/LipSync/Models/RobotHead_TextureFlip/oh.png
  artifactKey: Guid(5f658e6e48970d340b4491a5fc959251) Importer(2089858483,192608db42251d675da83286b1cce702)
Start importing Assets/Oculus/LipSync/Models/RobotHead_TextureFlip/oh.png using Guid(5f658e6e48970d340b4491a5fc959251) Importer(2089858483,192608db42251d675da83286b1cce702) (ScriptedImporter) -> (artifact id: '26b01bf64662473119bdd1132022386f') in 0.0243997 seconds
Number of updated asset objects reloaded before import = 0Number of asset objects unloaded after import = 1

========================================================================
Received Import Request.
  Time since last request: 0.000032 seconds.
  path: Assets/Oculus/Platform/Scripts/Models/DeserializeableList.cs
  artifactKey: Guid(cd282a12ba188d842b81149d5b787daf) Importer(2089858483,192608db42251d675da83286b1cce702)
Start importing Assets/Oculus/Platform/Scripts/Models/DeserializeableList.cs using Guid(cd282a12ba188d842b81149d5b787daf) Importer(2089858483,192608db42251d675da83286b1cce702) (ScriptedImporter) -> (artifact id: 'c234adfda424b09badda2cc8264edaf9') in 0.0176952 seconds
Number of updated asset objects reloaded before import = 0Number of asset objects unloaded after import = 0

========================================================================
Received Import Request.
  Time since last request: 0.000039 seconds.
  path: Assets/Oculus/Interaction/Samples/Prefabs/OculusInteractionSamplePokeButton.prefab
  artifactKey: Guid(323cb65d2594c79499a11a99ff0fb347) Importer(2089858483,192608db42251d675da83286b1cce702)
Start importing Assets/Oculus/Interaction/Samples/Prefabs/OculusInteractionSamplePokeButton.prefab using Guid(323cb65d2594c79499a11a99ff0fb347) Importer(2089858483,192608db42251d675da83286b1cce702) (ScriptedImporter) -> (artifact id: '48c833cb88e6dd1dfb46f4cb50090eb6') in 0.0631554 seconds
Number of updated asset objects reloaded before import = 0Number of asset objects unloaded after import = 45

========================================================================
Received Import Request.
  Time since last request: 0.000019 seconds.
  path: Assets/Oculus/LipSync/Models/RobotHead_TextureFlip/nn.png
  artifactKey: Guid(9c21cf8c4dffca9418cebd0a578972b4) Importer(2089858483,192608db42251d675da83286b1cce702)
Start importing Assets/Oculus/LipSync/Models/RobotHead_TextureFlip/nn.png using Guid(9c21cf8c4dffca9418cebd0a578972b4) Importer(2089858483,192608db42251d675da83286b1cce702) (ScriptedImporter) -> (artifact id: '92b78a849130b33656d9d219d14b455c') in 0.0268739 seconds
Number of updated asset objects reloaded before import = 0Number of asset objects unloaded after import = 1

========================================================================
Received Import Request.
  Time since last request: 0.000018 seconds.
  path: Assets/Oculus/Interaction/Samples/Textures/Rock.png
  artifactKey: Guid(7b6994f659c3a984fb36e8f608322176) Importer(2089858483,192608db42251d675da83286b1cce702)
Start importing Assets/Oculus/Interaction/Samples/Textures/Rock.png using Guid(7b6994f659c3a984fb36e8f608322176) Importer(2089858483,192608db42251d675da83286b1cce702) (ScriptedImporter) -> (artifact id: 'bdd585f30da6006fd5109d9a02db4d4e') in 0.023436 seconds
Number of updated asset objects reloaded before import = 0Number of asset objects unloaded after import = 1

========================================================================
Received Import Request.
  Time since last request: 0.000022 seconds.
  path: Assets/Oculus/Interaction/Samples/Scripts/FadeTextAfterActive.cs
  artifactKey: Guid(5a540e547f62942468b7ff96e6e12bc1) Importer(2089858483,192608db42251d675da83286b1cce702)
Start importing Assets/Oculus/Interaction/Samples/Scripts/FadeTextAfterActive.cs using Guid(5a540e547f62942468b7ff96e6e12bc1) Importer(2089858483,192608db42251d675da83286b1cce702) (ScriptedImporter) -> (artifact id: 'db79280dd9caf869663116c7aa1585be') in 0.0162774 seconds
Number of updated asset objects reloaded before import = 0Number of asset objects unloaded after import = 0

========================================================================
Received Import Request.
  Time since last request: 0.000023 seconds.
  path: Assets/Oculus/Platform/Scripts/Models/InstalledApplication.cs
  artifactKey: Guid(1cb03b282dd6fc440830b2c7224a1135) Importer(2089858483,192608db42251d675da83286b1cce702)
Start importing Assets/Oculus/Platform/Scripts/Models/InstalledApplication.cs using Guid(1cb03b282dd6fc440830b2c7224a1135) Importer(2089858483,192608db42251d675da83286b1cce702) (ScriptedImporter) -> (artifact id: '7bd83dc79b01febf465e2c1ccc56ebab') in 0.0166321 seconds
Number of updated asset objects reloaded before import = 0Number of asset objects unloaded after import = 0

========================================================================
Received Import Request.
  Time since last request: 0.000018 seconds.
  path: Assets/Oculus/LipSync/Models/RobotHead_TextureFlip/TH.png
  artifactKey: Guid(d14bb80824ed25b44a65ddfc7f591e29) Importer(2089858483,192608db42251d675da83286b1cce702)
Start importing Assets/Oculus/LipSync/Models/RobotHead_TextureFlip/TH.png using Guid(d14bb80824ed25b44a65ddfc7f591e29) Importer(2089858483,192608db42251d675da83286b1cce702) (ScriptedImporter) -> (artifact id: '4453223c3bccdbcfbac5ffea2e1e2eaf') in 0.0223465 seconds
Number of updated asset objects reloaded before import = 0Number of asset objects unloaded after import = 1

========================================================================
Received Import Request.
  Time since last request: 0.000027 seconds.
  path: Assets/Oculus/Platform/Scripts/Models/Error.cs
  artifactKey: Guid(af96c3f14f761724db9f93a693fbad2e) Importer(2089858483,192608db42251d675da83286b1cce702)
Start importing Assets/Oculus/Platform/Scripts/Models/Error.cs using Guid(af96c3f14f761724db9f93a693fbad2e) Importer(2089858483,192608db42251d675da83286b1cce702) (ScriptedImporter) -> (artifact id: '3a7f18ac12584d11fd9010b718fce092') in 0.0161444 seconds
Number of updated asset objects reloaded before import = 0Number of asset objects unloaded after import = 0

========================================================================
Received Import Request.
  Time since last request: 0.000022 seconds.
  path: Assets/Oculus/SampleFramework/Core/TouchControllers/TouchController.cs
  artifactKey: Guid(33395f1973289de49b06ab7707c7cf48) Importer(2089858483,192608db42251d675da83286b1cce702)
Start importing Assets/Oculus/SampleFramework/Core/TouchControllers/TouchController.cs using Guid(33395f1973289de49b06ab7707c7cf48) Importer(2089858483,192608db42251d675da83286b1cce702) (ScriptedImporter) -> (artifact id: '679aa87a337e046b11457204da542101') in 0.016121 seconds
Number of updated asset objects reloaded before import = 0Number of asset objects unloaded after import = 0

========================================================================
Received Import Request.
  Time since last request: 0.000042 seconds.
  path: Assets/Oculus/LipSync/Models/RobotHead_TextureFlip/DD.png
  artifactKey: Guid(ffbd7db31d3ad6e4a97a2f312babdcb6) Importer(2089858483,192608db42251d675da83286b1cce702)
Start importing Assets/Oculus/LipSync/Models/RobotHead_TextureFlip/DD.png using Guid(ffbd7db31d3ad6e4a97a2f312babdcb6) Importer(2089858483,192608db42251d675da83286b1cce702) (ScriptedImporter) -> (artifact id: 'a6493cefebd249ffc27be12c40c7035e') in 0.0207046 seconds
Number of updated asset objects reloaded before import = 0Number of asset objects unloaded after import = 1

========================================================================
Received Import Request.
  Time since last request: 0.000031 seconds.
  path: Assets/Oculus/Platform/Scripts/Models/NetSyncConnection.cs
  artifactKey: Guid(0902a9c1e9e71ab4e938665f8b75dc71) Importer(2089858483,192608db42251d675da83286b1cce702)
Start importing Assets/Oculus/Platform/Scripts/Models/NetSyncConnection.cs using Guid(0902a9c1e9e71ab4e938665f8b75dc71) Importer(2089858483,192608db42251d675da83286b1cce702) (ScriptedImporter) -> (artifact id: '3a37108c2e4e6e1d19bb2e8152fe976d') in 0.0161875 seconds
Number of updated asset objects reloaded before import = 0Number of asset objects unloaded after import = 0

========================================================================
Received Import Request.
  Time since last request: 0.000022 seconds.
  path: Assets/Oculus/Spatializer/scenes/materials/SpatializedObject1.mat
  artifactKey: Guid(6498d4298a35c5c44894b5f194468896) Importer(2089858483,192608db42251d675da83286b1cce702)
Start importing Assets/Oculus/Spatializer/scenes/materials/SpatializedObject1.mat using Guid(6498d4298a35c5c44894b5f194468896) Importer(2089858483,192608db42251d675da83286b1cce702) (ScriptedImporter) -> (artifact id: 'b56249298308bc6c7c5f1f23b50a313f') in 0.0176012 seconds
Number of updated asset objects reloaded before import = 0Number of asset objects unloaded after import = 1

========================================================================
Received Import Request.
  Time since last request: 0.000018 seconds.
  path: Assets/Oculus/Interaction/Samples/Textures/ThumbsDown.png
  artifactKey: Guid(bf7ae21f9db3f3b448d10cfe94c0f414) Importer(2089858483,192608db42251d675da83286b1cce702)
Start importing Assets/Oculus/Interaction/Samples/Textures/ThumbsDown.png using Guid(bf7ae21f9db3f3b448d10cfe94c0f414) Importer(2089858483,192608db42251d675da83286b1cce702) (ScriptedImporter) -> (artifact id: 'ecea7f1d32db03797cf71dae8b6530b8') in 0.0227484 seconds
Number of updated asset objects reloaded before import = 0Number of asset objects unloaded after import = 1

========================================================================
Received Import Request.
  Time since last request: 0.000021 seconds.
  path: Assets/Oculus/Platform/Scripts/Models/LaunchBlockFlowResult.cs
  artifactKey: Guid(33b0e76fc377f0c47801c3e36866ef66) Importer(2089858483,192608db42251d675da83286b1cce702)
Start importing Assets/Oculus/Platform/Scripts/Models/LaunchBlockFlowResult.cs using Guid(33b0e76fc377f0c47801c3e36866ef66) Importer(2089858483,192608db42251d675da83286b1cce702) (ScriptedImporter) -> (artifact id: '0f0635a5d378fc249e591da502dda368') in 0.0191496 seconds
Number of updated asset objects reloaded before import = 0Number of asset objects unloaded after import = 0

========================================================================
Received Import Request.
  Time since last request: 0.000025 seconds.
  path: Assets/Oculus/Interaction/Samples/Scenes/BasicPoseDetection.unity
  artifactKey: Guid(5661873a4cd8ad8469c072d3852197c2) Importer(2089858483,192608db42251d675da83286b1cce702)
Start importing Assets/Oculus/Interaction/Samples/Scenes/BasicPoseDetection.unity using Guid(5661873a4cd8ad8469c072d3852197c2) Importer(2089858483,192608db42251d675da83286b1cce702) (ScriptedImporter) -> (artifact id: 'b20648a353446ec7ba4f00e262233600') in 0.0213178 seconds
Number of updated asset objects reloaded before import = 0Number of asset objects unloaded after import = 1

========================================================================
Received Import Request.
  Time since last request: 0.000022 seconds.
  path: Assets/Oculus/Platform/Scripts/Models/LivestreamingApplicationStatus.cs
  artifactKey: Guid(706d607bb299def4d9e99e5fe89d0d0d) Importer(2089858483,192608db42251d675da83286b1cce702)
Start importing Assets/Oculus/Platform/Scripts/Models/LivestreamingApplicationStatus.cs using Guid(706d607bb299def4d9e99e5fe89d0d0d) Importer(2089858483,192608db42251d675da83286b1cce702) (ScriptedImporter) -> (artifact id: '26ddc4d396bb4a4ec3850bd3a5631429') in 0.0156004 seconds
Number of updated asset objects reloaded before import = 0Number of asset objects unloaded after import = 0

========================================================================
Received Import Request.
  Time since last request: 0.000032 seconds.
  path: Assets/Oculus/Interaction/Samples/Scripts/LookAtTarget.cs
  artifactKey: Guid(5e416343365a0d340be803f69515deb0) Importer(2089858483,192608db42251d675da83286b1cce702)
Start importing Assets/Oculus/Interaction/Samples/Scripts/LookAtTarget.cs using Guid(5e416343365a0d340be803f69515deb0) Importer(2089858483,192608db42251d675da83286b1cce702) (ScriptedImporter) -> (artifact id: '7975327d7ea39d94b9868a278cb70831') in 0.019378 seconds
Number of updated asset objects reloaded before import = 0Number of asset objects unloaded after import = 0

========================================================================
Received Import Request.
  Time since last request: 0.000021 seconds.
  path: Assets/Oculus/SampleFramework/Usage/CustomHands/LightingData.asset
  artifactKey: Guid(60de2e578fcac464dab17362756f7e9b) Importer(2089858483,192608db42251d675da83286b1cce702)
Start importing Assets/Oculus/SampleFramework/Usage/CustomHands/LightingData.asset using Guid(60de2e578fcac464dab17362756f7e9b) Importer(2089858483,192608db42251d675da83286b1cce702) (ScriptedImporter) -> (artifact id: '097b774acae3f16e4cd4b5119485dd25') in 0.0174653 seconds
Number of updated asset objects reloaded before import = 0Number of asset objects unloaded after import = 2

========================================================================
Received Import Request.
  Time since last request: 0.000020 seconds.
  path: Assets/Oculus/Platform/Scripts/Models/LanguagePackInfo.cs
  artifactKey: Guid(2d77f72bf241d8f48b3570ac0c0cab4b) Importer(2089858483,192608db42251d675da83286b1cce702)
Start importing Assets/Oculus/Platform/Scripts/Models/LanguagePackInfo.cs using Guid(2d77f72bf241d8f48b3570ac0c0cab4b) Importer(2089858483,192608db42251d675da83286b1cce702) (ScriptedImporter) -> (artifact id: 'f3612598611b106d54037d4c96f70e01') in 0.0159731 seconds
Number of updated asset objects reloaded before import = 0Number of asset objects unloaded after import = 0

========================================================================
Received Import Request.
  Time since last request: 0.000023 seconds.
  path: Assets/Oculus/Spatializer/Plugins/x86_64/AudioPluginOculusSpatializer.dll.new
  artifactKey: Guid(8dc6d86603f81b94e9bcc37f204b5dac) Importer(2089858483,192608db42251d675da83286b1cce702)
Start importing Assets/Oculus/Spatializer/Plugins/x86_64/AudioPluginOculusSpatializer.dll.new using Guid(8dc6d86603f81b94e9bcc37f204b5dac) Importer(2089858483,192608db42251d675da83286b1cce702) (ScriptedImporter) -> (artifact id: '87c938e3c3eab5f38214657f454f55d5') in 0.0167573 seconds
Number of updated asset objects reloaded before import = 0Number of asset objects unloaded after import = 1

========================================================================
Received Import Request.
  Time since last request: 0.000019 seconds.
  path: Assets/Oculus/Platform/Scripts/Models/AvatarEditorResult.cs
  artifactKey: Guid(111644342aafaae42bf28b9579460376) Importer(2089858483,192608db42251d675da83286b1cce702)
Start importing Assets/Oculus/Platform/Scripts/Models/AvatarEditorResult.cs using Guid(111644342aafaae42bf28b9579460376) Importer(2089858483,192608db42251d675da83286b1cce702) (ScriptedImporter) -> (artifact id: 'c6e16934ecf7fea4641c717d4600e51a') in 0.0166344 seconds
Number of updated asset objects reloaded before import = 0Number of asset objects unloaded after import = 0

========================================================================
Received Import Request.
  Time since last request: 0.000024 seconds.
  path: Assets/Oculus/Platform/Scripts/Models/AchievementDefinition.cs
  artifactKey: Guid(7d2e372fad07698479f27fd72c13489e) Importer(2089858483,192608db42251d675da83286b1cce702)
Start importing Assets/Oculus/Platform/Scripts/Models/AchievementDefinition.cs using Guid(7d2e372fad07698479f27fd72c13489e) Importer(2089858483,192608db42251d675da83286b1cce702) (ScriptedImporter) -> (artifact id: '6c254e1dc901a44865e879b16575742d') in 0.0168469 seconds
Number of updated asset objects reloaded before import = 0Number of asset objects unloaded after import = 0

========================================================================
Received Import Request.
  Time since last request: 0.000037 seconds.
  path: Assets/Oculus/SampleFramework/Core/TouchControllers/LeftControllerPf.prefab
  artifactKey: Guid(b10a4c7080e4e3c44bb60ffbaa5d0206) Importer(2089858483,192608db42251d675da83286b1cce702)
Start importing Assets/Oculus/SampleFramework/Core/TouchControllers/LeftControllerPf.prefab using Guid(b10a4c7080e4e3c44bb60ffbaa5d0206) Importer(2089858483,192608db42251d675da83286b1cce702) (ScriptedImporter) -> (artifact id: 'b531f04d79568c79e77473c4ba74add7') in 0.0246161 seconds
Number of updated asset objects reloaded before import = 0Number of asset objects unloaded after import = 66

========================================================================
Received Import Request.
  Time since last request: 0.000020 seconds.
  path: Assets/Oculus/Platform/Scripts/Models/MatchmakingEnqueuedUser.cs
  artifactKey: Guid(e91e0cd389745ab47bb862cb9fe2298b) Importer(2089858483,192608db42251d675da83286b1cce702)
Start importing Assets/Oculus/Platform/Scripts/Models/MatchmakingEnqueuedUser.cs using Guid(e91e0cd389745ab47bb862cb9fe2298b) Importer(2089858483,192608db42251d675da83286b1cce702) (ScriptedImporter) -> (artifact id: '955835643d3e70246a6b826942b1aec9') in 0.017193 seconds
Number of updated asset objects reloaded before import = 0Number of asset objects unloaded after import = 0

========================================================================
Received Import Request.
  Time since last request: 0.000019 seconds.
  path: Assets/Oculus/Platform/Scripts/Models/User.cs
  artifactKey: Guid(e924972a6fae3564ea6936d99f9b81f1) Importer(2089858483,192608db42251d675da83286b1cce702)
Start importing Assets/Oculus/Platform/Scripts/Models/User.cs using Guid(e924972a6fae3564ea6936d99f9b81f1) Importer(2089858483,192608db42251d675da83286b1cce702) (ScriptedImporter) -> (artifact id: 'ef7000b77b3e4e00234debb6bc2811d2') in 0.0176832 seconds
Number of updated asset objects reloaded before import = 0Number of asset objects unloaded after import = 0

========================================================================
Received Import Request.
  Time since last request: 0.000044 seconds.
  path: Assets/Oculus/Interaction/Samples/Shaders/SkyboxGradient.shader
  artifactKey: Guid(e03ad77781c41da4092efe96d548a1f7) Importer(2089858483,192608db42251d675da83286b1cce702)
Start importing Assets/Oculus/Interaction/Samples/Shaders/SkyboxGradient.shader using Guid(e03ad77781c41da4092efe96d548a1f7) Importer(2089858483,192608db42251d675da83286b1cce702) (ScriptedImporter) -> (artifact id: '326392eacebb3a70b76df52863f9b4e4') in 0.0175706 seconds
Number of updated asset objects reloaded before import = 0Number of asset objects unloaded after import = 1

========================================================================
Received Import Request.
  Time since last request: 0.000021 seconds.
  path: Assets/Oculus/Interaction/Samples/Shaders/floor.shader
  artifactKey: Guid(7c1b3671e5e09b745962f635c3f2a747) Importer(2089858483,192608db42251d675da83286b1cce702)
Start importing Assets/Oculus/Interaction/Samples/Shaders/floor.shader using Guid(7c1b3671e5e09b745962f635c3f2a747) Importer(2089858483,192608db42251d675da83286b1cce702) (ScriptedImporter) -> (artifact id: '268f123e3cf6eae8ee2a7aa4458ce63f') in 0.0168681 seconds
Number of updated asset objects reloaded before import = 0Number of asset objects unloaded after import = 1

========================================================================
Received Import Request.
  Time since last request: 0.000030 seconds.
  path: Assets/Oculus/Platform/Scripts/Models/ShareMediaResult.cs
  artifactKey: Guid(476ce514abed4e2469094f659dfbb253) Importer(2089858483,192608db42251d675da83286b1cce702)
Start importing Assets/Oculus/Platform/Scripts/Models/ShareMediaResult.cs using Guid(476ce514abed4e2469094f659dfbb253) Importer(2089858483,192608db42251d675da83286b1cce702) (ScriptedImporter) -> (artifact id: 'd4d9639f9f02e1985012a71fff81e12a') in 0.0170138 seconds
Number of updated asset objects reloaded before import = 0Number of asset objects unloaded after import = 0

========================================================================
Received Import Request.
  Time since last request: 0.000036 seconds.
  path: Assets/Oculus/Interaction/Samples/Textures/ThumbsUp.png
  artifactKey: Guid(0273a7da6a8578c4380ba8323d3d6fde) Importer(2089858483,192608db42251d675da83286b1cce702)
Start importing Assets/Oculus/Interaction/Samples/Textures/ThumbsUp.png using Guid(0273a7da6a8578c4380ba8323d3d6fde) Importer(2089858483,192608db42251d675da83286b1cce702) (ScriptedImporter) -> (artifact id: 'ce23c7b7c45dfbf0fa0d0beaf709ae81') in 0.0233885 seconds
Number of updated asset objects reloaded before import = 0Number of asset objects unloaded after import = 1

========================================================================
Received Import Request.
  Time since last request: 0.000015 seconds.
  path: Assets/Oculus/Interaction/Samples/Scenes/DistanceGrab.unity
  artifactKey: Guid(3c2b9e5bdd27a8247b384673cdad70bb) Importer(2089858483,192608db42251d675da83286b1cce702)
Start importing Assets/Oculus/Interaction/Samples/Scenes/DistanceGrab.unity using Guid(3c2b9e5bdd27a8247b384673cdad70bb) Importer(2089858483,192608db42251d675da83286b1cce702) (ScriptedImporter) -> (artifact id: '0b06ce5814250bbc4fade471eeb70a01') in 0.0154441 seconds
Number of updated asset objects reloaded before import = 0Number of asset objects unloaded after import = 1

========================================================================
Received Import Request.
  Time since last request: 0.000022 seconds.
  path: Assets/Oculus/Platform/Scripts/Models/LaunchReportFlowResult.cs
  artifactKey: Guid(dd39534aa19eea849a28ea4da4aac464) Importer(2089858483,192608db42251d675da83286b1cce702)
Start importing Assets/Oculus/Platform/Scripts/Models/LaunchReportFlowResult.cs using Guid(dd39534aa19eea849a28ea4da4aac464) Importer(2089858483,192608db42251d675da83286b1cce702) (ScriptedImporter) -> (artifact id: '716ab680a87a37db14057309b5a73e8b') in 0.014957 seconds
Number of updated asset objects reloaded before import = 0Number of asset objects unloaded after import = 0

========================================================================
Received Import Request.
  Time since last request: 0.000019 seconds.
  path: Assets/Oculus/LipSync/Models/FemaleHead_Morph/skin_DIFF.png
  artifactKey: Guid(466d221c743ab400a8318afe7b830593) Importer(2089858483,192608db42251d675da83286b1cce702)
Start importing Assets/Oculus/LipSync/Models/FemaleHead_Morph/skin_DIFF.png using Guid(466d221c743ab400a8318afe7b830593) Importer(2089858483,192608db42251d675da83286b1cce702) (ScriptedImporter) -> (artifact id: '071d100ec01f6b87b7f6f8a9674663a1') in 0.0239571 seconds
Number of updated asset objects reloaded before import = 0Number of asset objects unloaded after import = 1

========================================================================
Received Import Request.
  Time since last request: 0.000014 seconds.
  path: Assets/Oculus/Spatializer/scenes/mixers/SpatializerMixer.mixer
  artifactKey: Guid(1dd706bb85d8aef4e83a6229dbd62c36) Importer(2089858483,192608db42251d675da83286b1cce702)
Start importing Assets/Oculus/Spatializer/scenes/mixers/SpatializerMixer.mixer using Guid(1dd706bb85d8aef4e83a6229dbd62c36) Importer(2089858483,192608db42251d675da83286b1cce702) (ScriptedImporter)Refreshing native plugins compatible for Editor in 8.23 ms, found 5 plugins.
Preloading 1 native plugins for Editor in 0.14 ms.
Effect OculusSpatializerReflection could not be found. Check that the project contains the correct native audio plugin libraries and that the importer settings are set up correctly.
UnityEngine.Debug:ExtractStackTraceNoAlloc (byte*,int,string)
UnityEngine.StackTraceUtility:ExtractStackTrace ()
UnityEditor.SerializedProperty:GetPPtrValueInternal ()
UnityEditor.SerializedProperty:get_objectReferenceValue ()
UnityEditor.Search.ObjectIndexer:IndexProperty (int&,string&,UnityEditor.SerializedProperty&,int,UnityEditor.Search.SearchPropositionGenerationOptions)
UnityEditor.Search.ObjectIndexer:IndexPropertyIfIndexable (int,string&,UnityEditor.SerializedProperty&,int,UnityEditor.Search.PropertyWithPrefixIndexing)
UnityEditor.Search.ObjectIndexer:IndexVisibleProperties (int,UnityEditor.SerializedProperty&,bool,int,System.Func`2<UnityEditor.SerializedProperty, bool>)
UnityEditor.Search.ObjectIndexer:IndexVisibleProperties (int,UnityEditor.SerializedProperty&,bool,int)
UnityEditor.Search.ObjectIndexer:IndexObject (int,UnityEngine.Object,bool,bool)
UnityEditor.Search.ObjectIndexer:IndexObject (int,UnityEngine.Object,bool)
UnityEditor.Search.AssetIndexer:IndexSubAsset (UnityEngine.Object,string,bool,bool)
UnityEditor.Search.AssetIndexer:IndexDocument (string,bool)
UnityEditor.Search.SearchIndexEntryImporter:OnImportAsset (UnityEditor.AssetImporters.AssetImportContext)
UnityEditor.AssetImporters.ScriptedImporter:GenerateAssetData (UnityEditor.AssetImporters.AssetImportContext)

[C:\build\output\unity\unity\Editor\Src\Audio\Mixer\audiomixerutils.cpp line 132]

 -> (artifact id: '14476e749cedbe90f7ef896312eee995') in 0.0445543 seconds
Number of updated asset objects reloaded before import = 0Number of asset objects unloaded after import = 7

========================================================================
Received Import Request.
  Time since last request: 0.000029 seconds.
  path: Assets/Oculus/VR/Editor/OVRProjectSetup/OVRProjectSetupSettings.cs
  artifactKey: Guid(939e07d58bc74256b6cb58d86fe35a56) Importer(2089858483,192608db42251d675da83286b1cce702)
Start importing Assets/Oculus/VR/Editor/OVRProjectSetup/OVRProjectSetupSettings.cs using Guid(939e07d58bc74256b6cb58d86fe35a56) Importer(2089858483,192608db42251d675da83286b1cce702) (ScriptedImporter) -> (artifact id: 'e49938a505f92c92344e58d1b1ae1b33') in 0.0170946 seconds
Number of updated asset objects reloaded before import = 0Number of asset objects unloaded after import = 0

========================================================================
Received Import Request.
  Time since last request: 0.000018 seconds.
  path: Assets/Oculus/VR/Textures/OculusTouchForRift/touchController_albedo.png
  artifactKey: Guid(063f7a502a7e06e428090710e8286b2b) Importer(2089858483,192608db42251d675da83286b1cce702)
Start importing Assets/Oculus/VR/Textures/OculusTouchForRift/touchController_albedo.png using Guid(063f7a502a7e06e428090710e8286b2b) Importer(2089858483,192608db42251d675da83286b1cce702) (ScriptedImporter) -> (artifact id: 'e4678e3e43e23d7bd4aad412294d5f37') in 0.0287139 seconds
Number of updated asset objects reloaded before import = 0Number of asset objects unloaded after import = 1

========================================================================
Received Import Request.
  Time since last request: 0.000024 seconds.
  path: Assets/Oculus/VR/Editor/Utils/OVRAnimatedContent.cs
  artifactKey: Guid(3c84d40c65a252f4b98000235614545b) Importer(2089858483,192608db42251d675da83286b1cce702)
Start importing Assets/Oculus/VR/Editor/Utils/OVRAnimatedContent.cs using Guid(3c84d40c65a252f4b98000235614545b) Importer(2089858483,192608db42251d675da83286b1cce702) (ScriptedImporter) -> (artifact id: '8051892950ab8f8408e9333801a8fb12') in 0.0173488 seconds
Number of updated asset objects reloaded before import = 0Number of asset objects unloaded after import = 0

========================================================================
Received Import Request.
  Time since last request: 0.000018 seconds.
  path: Assets/Oculus/AudioManager/Scripts/Audio/Editor/MinMaxPropertyDrawer.cs
  artifactKey: Guid(225aed143a64c4a6a93f3a07656ac5cd) Importer(2089858483,192608db42251d675da83286b1cce702)
Start importing Assets/Oculus/AudioManager/Scripts/Audio/Editor/MinMaxPropertyDrawer.cs using Guid(225aed143a64c4a6a93f3a07656ac5cd) Importer(2089858483,192608db42251d675da83286b1cce702) (ScriptedImporter) -> (artifact id: '4b5dc9dd651d3894c4260d110bc9c0a5') in 0.0169762 seconds
Number of updated asset objects reloaded before import = 0Number of asset objects unloaded after import = 0

========================================================================
Received Import Request.
  Time since last request: 0.000019 seconds.
  path: Assets/Oculus/VR/Textures/Logos/OculusLogo.png
  artifactKey: Guid(a56d69833b6471340bd0029e57449b72) Importer(2089858483,192608db42251d675da83286b1cce702)
Start importing Assets/Oculus/VR/Textures/Logos/OculusLogo.png using Guid(a56d69833b6471340bd0029e57449b72) Importer(2089858483,192608db42251d675da83286b1cce702) (ScriptedImporter) -> (artifact id: '3341136a3f23afa9f864a59e2acb6bb8') in 0.0251002 seconds
Number of updated asset objects reloaded before import = 0Number of asset objects unloaded after import = 1

========================================================================
Received Import Request.
  Time since last request: 0.000025 seconds.
  path: Assets/Oculus/VR/Editor/Utils/OVRPassthroughHelper.cs
  artifactKey: Guid(4b85b74bb254fb14e9c2b48aa87cd4a1) Importer(2089858483,192608db42251d675da83286b1cce702)
Start importing Assets/Oculus/VR/Editor/Utils/OVRPassthroughHelper.cs using Guid(4b85b74bb254fb14e9c2b48aa87cd4a1) Importer(2089858483,192608db42251d675da83286b1cce702) (ScriptedImporter) -> (artifact id: '318dc4ccfa352ccb4509b4cbb74876d6') in 0.0173726 seconds
Number of updated asset objects reloaded before import = 0Number of asset objects unloaded after import = 0

========================================================================
Received Import Request.
  Time since last request: 0.000017 seconds.
  path: Assets/Oculus/Spatializer/scenes/sounds/scraping.ogg
  artifactKey: Guid(236da4b84bba246d283010b1b2dcf28a) Importer(2089858483,192608db42251d675da83286b1cce702)
Start importing Assets/Oculus/Spatializer/scenes/sounds/scraping.ogg using Guid(236da4b84bba246d283010b1b2dcf28a) Importer(2089858483,192608db42251d675da83286b1cce702) (ScriptedImporter) -> (artifact id: 'e0664ad28650b9c1cecea561c51e2346') in 0.0381845 seconds
Number of updated asset objects reloaded before import = 0Number of asset objects unloaded after import = 1

========================================================================
Received Import Request.
  Time since last request: 0.000017 seconds.
  path: Assets/Oculus/VR/Scripts/Editor/Oculus.VR.Scripts.Editor.asmdef
  artifactKey: Guid(7305c54a43f3814439df347c7519653e) Importer(2089858483,192608db42251d675da83286b1cce702)
Start importing Assets/Oculus/VR/Scripts/Editor/Oculus.VR.Scripts.Editor.asmdef using Guid(7305c54a43f3814439df347c7519653e) Importer(2089858483,192608db42251d675da83286b1cce702) (ScriptedImporter) -> (artifact id: '166cf9ce4c29ec84bc2a33914fa50867') in 0.0160616 seconds
Number of updated asset objects reloaded before import = 0Number of asset objects unloaded after import = 1

========================================================================
Received Import Request.
  Time since last request: 0.000050 seconds.
  path: Assets/Oculus/VR/Editor/BuildingBlocks/SceneListener.cs
  artifactKey: Guid(74d56c25f6b4a9b47b6dbe9e5de9ae7a) Importer(2089858483,192608db42251d675da83286b1cce702)
Start importing Assets/Oculus/VR/Editor/BuildingBlocks/SceneListener.cs using Guid(74d56c25f6b4a9b47b6dbe9e5de9ae7a) Importer(2089858483,192608db42251d675da83286b1cce702) (ScriptedImporter) -> (artifact id: '18ae3f093b5498355fef8a91268f4bec') in 0.0166247 seconds
Number of updated asset objects reloaded before import = 0Number of asset objects unloaded after import = 0

========================================================================
Received Import Request.
  Time since last request: 0.000045 seconds.
  path: Assets/Oculus/VR/Textures/MetaQuestTouchPro/controller_r_lo_Normal.png
  artifactKey: Guid(fe6dffbda2f52bb4998faa03fee04336) Importer(2089858483,192608db42251d675da83286b1cce702)
Start importing Assets/Oculus/VR/Textures/MetaQuestTouchPro/controller_r_lo_Normal.png using Guid(fe6dffbda2f52bb4998faa03fee04336) Importer(2089858483,192608db42251d675da83286b1cce702) (ScriptedImporter) -> (artifact id: '6b72082bfbace581a828cc1634199d82') in 0.0310443 seconds
Number of updated asset objects reloaded before import = 0Number of asset objects unloaded after import = 1

========================================================================
Received Import Request.
  Time since last request: 0.000022 seconds.
  path: Assets/Oculus/VR/Scripts/OVRTrackedKeyboard/OVRKeyboard.cs
  artifactKey: Guid(b9cee92a63d840b43b5ba9d872653170) Importer(2089858483,192608db42251d675da83286b1cce702)
Start importing Assets/Oculus/VR/Scripts/OVRTrackedKeyboard/OVRKeyboard.cs using Guid(b9cee92a63d840b43b5ba9d872653170) Importer(2089858483,192608db42251d675da83286b1cce702) (ScriptedImporter) -> (artifact id: 'ce767d1a6dbce09fd55b4a32e3842eaa') in 0.0150143 seconds
Number of updated asset objects reloaded before import = 0Number of asset objects unloaded after import = 0

========================================================================
Received Import Request.
  Time since last request: 0.000041 seconds.
  path: Assets/Oculus/VR/Textures/OculusTouchForRift/touchController_controlmap.tga
  artifactKey: Guid(8469e5158ec88094497effdf524ee900) Importer(2089858483,192608db42251d675da83286b1cce702)
Start importing Assets/Oculus/VR/Textures/OculusTouchForRift/touchController_controlmap.tga using Guid(8469e5158ec88094497effdf524ee900) Importer(2089858483,192608db42251d675da83286b1cce702) (ScriptedImporter) -> (artifact id: '5eea7983fde5e603c443bbb311e1a273') in 0.0238641 seconds
Number of updated asset objects reloaded before import = 0Number of asset objects unloaded after import = 1

========================================================================
Received Import Request.
  Time since last request: 0.000017 seconds.
  path: Assets/Oculus/VR/Scripts/Util/OVRSystemPerfMetrics.cs
  artifactKey: Guid(a987a7ebe2d568f459dab8dfb866479f) Importer(2089858483,192608db42251d675da83286b1cce702)
Start importing Assets/Oculus/VR/Scripts/Util/OVRSystemPerfMetrics.cs using Guid(a987a7ebe2d568f459dab8dfb866479f) Importer(2089858483,192608db42251d675da83286b1cce702) (ScriptedImporter) -> (artifact id: '8ccfe98bbd714dc9cec5acdf988351d9') in 0.0161439 seconds
Number of updated asset objects reloaded before import = 0Number of asset objects unloaded after import = 0

========================================================================
Received Import Request.
  Time since last request: 0.000022 seconds.
  path: Assets/Oculus/VR/Editor/Utils/OVRReadOnlyDrawer.cs
  artifactKey: Guid(ca58c9ab30b88a947941a8e1ec5086e7) Importer(2089858483,192608db42251d675da83286b1cce702)
Start importing Assets/Oculus/VR/Editor/Utils/OVRReadOnlyDrawer.cs using Guid(ca58c9ab30b88a947941a8e1ec5086e7) Importer(2089858483,192608db42251d675da83286b1cce702) (ScriptedImporter) -> (artifact id: 'b9e12c0a381a6c873aed23b18963f7ba') in 0.0164628 seconds
Number of updated asset objects reloaded before import = 0Number of asset objects unloaded after import = 0

========================================================================
Received Import Request.
  Time since last request: 0.000022 seconds.
  path: Assets/Oculus/VR/Scripts/OpenXRFeatures/MetaXRFeature.cs
  artifactKey: Guid(1927c045052a06d49a9b21fdcaa26db6) Importer(2089858483,192608db42251d675da83286b1cce702)
Start importing Assets/Oculus/VR/Scripts/OpenXRFeatures/MetaXRFeature.cs using Guid(1927c045052a06d49a9b21fdcaa26db6) Importer(2089858483,192608db42251d675da83286b1cce702) (ScriptedImporter) -> (artifact id: 'ec0f59a04885b4d260ee3ce264e0d146') in 0.0140943 seconds
Number of updated asset objects reloaded before import = 0Number of asset objects unloaded after import = 0

========================================================================
Received Import Request.
  Time since last request: 0.000027 seconds.
  path: Assets/Oculus/VR/Scripts/Editor/OVRSkeletonEditor.cs
  artifactKey: Guid(8695749c9d2c4b408eba12edb958ce84) Importer(2089858483,192608db42251d675da83286b1cce702)
Start importing Assets/Oculus/VR/Scripts/Editor/OVRSkeletonEditor.cs using Guid(8695749c9d2c4b408eba12edb958ce84) Importer(2089858483,192608db42251d675da83286b1cce702) (ScriptedImporter) -> (artifact id: '349e4a0689fb8096f9afabae650d71e5') in 0.0152546 seconds
Number of updated asset objects reloaded before import = 0Number of asset objects unloaded after import = 0

========================================================================
Received Import Request.
  Time since last request: 0.000019 seconds.
  path: Assets/Oculus/Voice/Lib/Wit.ai/LICENSE
  artifactKey: Guid(ca52cefa5d9be7643968c328c2c55512) Importer(2089858483,192608db42251d675da83286b1cce702)
Start importing Assets/Oculus/Voice/Lib/Wit.ai/LICENSE using Guid(ca52cefa5d9be7643968c328c2c55512) Importer(2089858483,192608db42251d675da83286b1cce702) (ScriptedImporter) -> (artifact id: 'df4d1e400a0fd879d23bcf63380ee8cf') in 0.0147254 seconds
Number of updated asset objects reloaded before import = 0Number of asset objects unloaded after import = 1

========================================================================
Received Import Request.
  Time since last request: 0.000038 seconds.
  path: Assets/Oculus/VR/Textures/Logos/OculusLogoSplash.png
  artifactKey: Guid(3caded05dba914447a5f85650f9f4ab2) Importer(2089858483,192608db42251d675da83286b1cce702)
Start importing Assets/Oculus/VR/Textures/Logos/OculusLogoSplash.png using Guid(3caded05dba914447a5f85650f9f4ab2) Importer(2089858483,192608db42251d675da83286b1cce702) (ScriptedImporter) -> (artifact id: '2189d16ba1b10644bdd028241012467e') in 0.0235384 seconds
Number of updated asset objects reloaded before import = 0Number of asset objects unloaded after import = 1

========================================================================
Received Import Request.
  Time since last request: 0.000021 seconds.
  path: Assets/Oculus/VR/Scripts/OVRVirtualKeyboard/OVRVirtualKeyboardSampleWPMPrompt.cs
  artifactKey: Guid(4ad6f774c54d4181bd7a2c868a39c8c8) Importer(2089858483,192608db42251d675da83286b1cce702)
Start importing Assets/Oculus/VR/Scripts/OVRVirtualKeyboard/OVRVirtualKeyboardSampleWPMPrompt.cs using Guid(4ad6f774c54d4181bd7a2c868a39c8c8) Importer(2089858483,192608db42251d675da83286b1cce702) (ScriptedImporter) -> (artifact id: 'b230f86e8ff948c23cedd555c8536d26') in 0.0177288 seconds
Number of updated asset objects reloaded before import = 0Number of asset objects unloaded after import = 0

========================================================================
Received Import Request.
  Time since last request: 0.000017 seconds.
  path: Assets/Oculus/VR/Scripts/Editor/OVRProfilerDeprecated.cs
  artifactKey: Guid(ad582af7c1f87bf4b99ef951b26ec465) Importer(2089858483,192608db42251d675da83286b1cce702)
Start importing Assets/Oculus/VR/Scripts/Editor/OVRProfilerDeprecated.cs using Guid(ad582af7c1f87bf4b99ef951b26ec465) Importer(2089858483,192608db42251d675da83286b1cce702) (ScriptedImporter) -> (artifact id: '5c4c8006919965e4b779b0f093507a83') in 0.0163812 seconds
Number of updated asset objects reloaded before import = 0Number of asset objects unloaded after import = 0

========================================================================
Received Import Request.
  Time since last request: 0.000022 seconds.
  path: Assets/Oculus/VR/Scripts/Util/OVRMixedRealityCaptureSettings.cs
  artifactKey: Guid(99bbd170d56da4248941de890e6d7af5) Importer(2089858483,192608db42251d675da83286b1cce702)
Start importing Assets/Oculus/VR/Scripts/Util/OVRMixedRealityCaptureSettings.cs using Guid(99bbd170d56da4248941de890e6d7af5) Importer(2089858483,192608db42251d675da83286b1cce702) (ScriptedImporter) -> (artifact id: '1c41d126d248923ecc31b294a8d12c30') in 0.0173637 seconds
Number of updated asset objects reloaded before import = 0Number of asset objects unloaded after import = 0

========================================================================
Received Import Request.
  Time since last request: 0.000031 seconds.
  path: Assets/Oculus/VR/Shaders/OVRTrackedKeyboard/PunchThroughPassthrough.shader
  artifactKey: Guid(8120257754b48344b8a1a0961bad0c46) Importer(2089858483,192608db42251d675da83286b1cce702)
Start importing Assets/Oculus/VR/Shaders/OVRTrackedKeyboard/PunchThroughPassthrough.shader using Guid(8120257754b48344b8a1a0961bad0c46) Importer(2089858483,192608db42251d675da83286b1cce702) (ScriptedImporter) -> (artifact id: '25ddd3cf7437ac4cc1edf23fb6343596') in 0.0163129 seconds
Number of updated asset objects reloaded before import = 0Number of asset objects unloaded after import = 1

========================================================================
Received Import Request.
  Time since last request: 0.000019 seconds.
  path: Assets/Oculus/Voice/Samples/Shapes/Shapes - Wit.ai Config.zip
  artifactKey: Guid(41f218692e78f7a4eb1d7f60d6bb8c03) Importer(2089858483,192608db42251d675da83286b1cce702)
Start importing Assets/Oculus/Voice/Samples/Shapes/Shapes - Wit.ai Config.zip using Guid(41f218692e78f7a4eb1d7f60d6bb8c03) Importer(2089858483,192608db42251d675da83286b1cce702) (ScriptedImporter) -> (artifact id: '959c0db957383e639dd13bde561e6134') in 0.0155771 seconds
Number of updated asset objects reloaded before import = 0Number of asset objects unloaded after import = 1

========================================================================
Received Import Request.
  Time since last request: 0.000016 seconds.
  path: Assets/Oculus/AudioManager/Scripts/Audio/Editor/AudioImportPostProcessor.cs
  artifactKey: Guid(48902580b26e3554d992bad48087eee5) Importer(2089858483,192608db42251d675da83286b1cce702)
Start importing Assets/Oculus/AudioManager/Scripts/Audio/Editor/AudioImportPostProcessor.cs using Guid(48902580b26e3554d992bad48087eee5) Importer(2089858483,192608db42251d675da83286b1cce702) (ScriptedImporter) -> (artifact id: '6b2e2a4ba86adf92530857c2803b0970') in 0.0175913 seconds
Number of updated asset objects reloaded before import = 0Number of asset objects unloaded after import = 0

========================================================================
Received Import Request.
  Time since last request: 0.000021 seconds.
  path: Assets/Oculus/VR/Scripts/Util/OVRControllerTest.cs
  artifactKey: Guid(e0a6abd1cb88e9245bd78dac49d7fd6e) Importer(2089858483,192608db42251d675da83286b1cce702)
Start importing Assets/Oculus/VR/Scripts/Util/OVRControllerTest.cs using Guid(e0a6abd1cb88e9245bd78dac49d7fd6e) Importer(2089858483,192608db42251d675da83286b1cce702) (ScriptedImporter) -> (artifact id: '8fe88209959fc75cb17959b8cca2a087') in 0.0163581 seconds
Number of updated asset objects reloaded before import = 0Number of asset objects unloaded after import = 0

========================================================================
Received Import Request.
  Time since last request: 0.000018 seconds.
  path: Assets/Oculus/VR/Scripts/Editor/OVROverlaySrcRectEditor.shader
  artifactKey: Guid(589b36d0aa66c7349bcff8750b670434) Importer(2089858483,192608db42251d675da83286b1cce702)
Start importing Assets/Oculus/VR/Scripts/Editor/OVROverlaySrcRectEditor.shader using Guid(589b36d0aa66c7349bcff8750b670434) Importer(2089858483,192608db42251d675da83286b1cce702) (ScriptedImporter) -> (artifact id: '3f1e0b348a8c418dc1a57d2f6652970b') in 0.0168975 seconds
Number of updated asset objects reloaded before import = 0Number of asset objects unloaded after import = 1

========================================================================
Received Import Request.
  Time since last request: 0.000016 seconds.
  path: Assets/Oculus/VR/Scripts/BuildingBlocks/Meta.XR.BuildingBlocks.asmdef
  artifactKey: Guid(d0574574baafe9d4aa78d8df4a5e3e5e) Importer(2089858483,192608db42251d675da83286b1cce702)
Start importing Assets/Oculus/VR/Scripts/BuildingBlocks/Meta.XR.BuildingBlocks.asmdef using Guid(d0574574baafe9d4aa78d8df4a5e3e5e) Importer(2089858483,192608db42251d675da83286b1cce702) (ScriptedImporter) -> (artifact id: '02082e18455d5892b4da2579c748f21c') in 0.0165059 seconds
Number of updated asset objects reloaded before import = 0Number of asset objects unloaded after import = 1

========================================================================
Received Import Request.
  Time since last request: 0.000028 seconds.
  path: Assets/Oculus/VR/Editor/BuildingBlocks/BlockData.cs
  artifactKey: Guid(35c4ad19f06c67e44a2d7ba8d05f31b7) Importer(2089858483,192608db42251d675da83286b1cce702)
Start importing Assets/Oculus/VR/Editor/BuildingBlocks/BlockData.cs using Guid(35c4ad19f06c67e44a2d7ba8d05f31b7) Importer(2089858483,192608db42251d675da83286b1cce702) (ScriptedImporter) -> (artifact id: '02260c6d36cdd8ccd8f133ab203b89e4') in 0.0178932 seconds
Number of updated asset objects reloaded before import = 0Number of asset objects unloaded after import = 0

========================================================================
Received Import Request.
  Time since last request: 0.000013 seconds.
  path: Assets/Oculus/VR/Meshes/MetaQuestTouchPro/MetaQuestTouchPro_Right.fbx
  artifactKey: Guid(c933168a9a0f1e04bb793786b96e2f4b) Importer(2089858483,192608db42251d675da83286b1cce702)
Start importing Assets/Oculus/VR/Meshes/MetaQuestTouchPro/MetaQuestTouchPro_Right.fbx using Guid(c933168a9a0f1e04bb793786b96e2f4b) Importer(2089858483,192608db42251d675da83286b1cce702) (ScriptedImporter) -> (artifact id: '6a2f961e64e75a73b56ee0554277ad63') in 0.0836199 seconds
Number of updated asset objects reloaded before import = 0Number of asset objects unloaded after import = 53

========================================================================
Received Import Request.
  Time since last request: 0.000018 seconds.
  path: Assets/Oculus/VR/Scripts/BuildingBlocks/PassthroughProjectionSurfaceBuildingBlock.cs
  artifactKey: Guid(2c153b9a5da6ec24bb71a81fc631f600) Importer(2089858483,192608db42251d675da83286b1cce702)
Start importing Assets/Oculus/VR/Scripts/BuildingBlocks/PassthroughProjectionSurfaceBuildingBlock.cs using Guid(2c153b9a5da6ec24bb71a81fc631f600) Importer(2089858483,192608db42251d675da83286b1cce702) (ScriptedImporter) -> (artifact id: 'a8fc0d01258b537d1b78d7c401af6acd') in 0.020272 seconds
Number of updated asset objects reloaded before import = 0Number of asset objects unloaded after import = 0

========================================================================
Received Import Request.
  Time since last request: 0.000020 seconds.
  path: Assets/Oculus/VR/Textures/MetaQuestTouchPro/controller_l_lo_Normal.png
  artifactKey: Guid(2771258a413ee134ab18726bc0362e4d) Importer(2089858483,192608db42251d675da83286b1cce702)
Start importing Assets/Oculus/VR/Textures/MetaQuestTouchPro/controller_l_lo_Normal.png using Guid(2771258a413ee134ab18726bc0362e4d) Importer(2089858483,192608db42251d675da83286b1cce702) (ScriptedImporter) -> (artifact id: 'f938c4956bbe84c3dcdec4da093aac33') in 0.0315527 seconds
Number of updated asset objects reloaded before import = 0Number of asset objects unloaded after import = 1

========================================================================
Received Import Request.
  Time since last request: 0.000043 seconds.
  path: Assets/Oculus/VR/Meshes/MetaQuestTouchPlus/MetaQuestTouchPlus_Right.fbx
  artifactKey: Guid(deed68a7fd2e9234899298cf80fae7ad) Importer(2089858483,192608db42251d675da83286b1cce702)
Start importing Assets/Oculus/VR/Meshes/MetaQuestTouchPlus/MetaQuestTouchPlus_Right.fbx using Guid(deed68a7fd2e9234899298cf80fae7ad) Importer(2089858483,192608db42251d675da83286b1cce702) (ScriptedImporter) -> (artifact id: '26ea5bf6fb4299cb4935e53e23e190f1') in 0.0525704 seconds
Number of updated asset objects reloaded before import = 0Number of asset objects unloaded after import = 49

========================================================================
Received Import Request.
  Time since last request: 0.000019 seconds.
  path: Assets/Oculus/VR/Editor/Icons/ovr_icon_error.png
  artifactKey: Guid(e4212f189ce27314d85dab2f7a791639) Importer(2089858483,192608db42251d675da83286b1cce702)
Start importing Assets/Oculus/VR/Editor/Icons/ovr_icon_error.png using Guid(e4212f189ce27314d85dab2f7a791639) Importer(2089858483,192608db42251d675da83286b1cce702) (ScriptedImporter) -> (artifact id: 'c85a30e8dbe333f4e63103137239ad8d') in 0.0249198 seconds
Number of updated asset objects reloaded before import = 0Number of asset objects unloaded after import = 1

========================================================================
Received Import Request.
  Time since last request: 0.000017 seconds.
  path: Assets/Oculus/Voice/Samples/Chess/Chess.unity
  artifactKey: Guid(bc6c1dc4788d56e40bd6ed2286344a1b) Importer(2089858483,192608db42251d675da83286b1cce702)
Start importing Assets/Oculus/Voice/Samples/Chess/Chess.unity using Guid(bc6c1dc4788d56e40bd6ed2286344a1b) Importer(2089858483,192608db42251d675da83286b1cce702) (ScriptedImporter) -> (artifact id: 'd5e07a0cebd38ada5eba9d70ecdb9afa') in 0.0178936 seconds
Number of updated asset objects reloaded before import = 0Number of asset objects unloaded after import = 1

========================================================================
Received Import Request.
  Time since last request: 0.000024 seconds.
  path: Assets/Oculus/VR/Scripts/Util/OVRSkeletonRenderer.cs
  artifactKey: Guid(54c16b381e28e8d479237771d234dbae) Importer(2089858483,192608db42251d675da83286b1cce702)
Start importing Assets/Oculus/VR/Scripts/Util/OVRSkeletonRenderer.cs using Guid(54c16b381e28e8d479237771d234dbae) Importer(2089858483,192608db42251d675da83286b1cce702) (ScriptedImporter) -> (artifact id: '7234262260b8cdce27ac6652a82dbf86') in 0.0154742 seconds
Number of updated asset objects reloaded before import = 0Number of asset objects unloaded after import = 0

========================================================================
Received Import Request.
  Time since last request: 0.000017 seconds.
  path: Assets/Oculus/Voice/Samples/ShapesConduit/ShapesConduit.unity
  artifactKey: Guid(5aa24c94acb775043bd5c44d48c21d68) Importer(2089858483,192608db42251d675da83286b1cce702)
Start importing Assets/Oculus/Voice/Samples/ShapesConduit/ShapesConduit.unity using Guid(5aa24c94acb775043bd5c44d48c21d68) Importer(2089858483,192608db42251d675da83286b1cce702) (ScriptedImporter) -> (artifact id: 'a8253c4cb72444388ac38654d482a665') in 0.0182207 seconds
Number of updated asset objects reloaded before import = 0Number of asset objects unloaded after import = 1

========================================================================
Received Import Request.
  Time since last request: 0.000025 seconds.
  path: Assets/Oculus/VR/Meshes/OculusTouchForQuest2/OculusTouchForQuest2_Right.fbx
  artifactKey: Guid(25b5eb0761edb6346b0b3444af76b55e) Importer(2089858483,192608db42251d675da83286b1cce702)
Start importing Assets/Oculus/VR/Meshes/OculusTouchForQuest2/OculusTouchForQuest2_Right.fbx using Guid(25b5eb0761edb6346b0b3444af76b55e) Importer(2089858483,192608db42251d675da83286b1cce702) (ScriptedImporter) -> (artifact id: '75a7235c9fd84c4186a3c791d8345b98') in 0.063859 seconds
Number of updated asset objects reloaded before import = 0Number of asset objects unloaded after import = 47

========================================================================
Received Import Request.
  Time since last request: 0.000018 seconds.
  path: Assets/Oculus/Voice/Samples/TTSVoices/TTSVoices.unity
  artifactKey: Guid(e99baad8337e84a4f93e76c76b8ce49b) Importer(2089858483,192608db42251d675da83286b1cce702)
Start importing Assets/Oculus/Voice/Samples/TTSVoices/TTSVoices.unity using Guid(e99baad8337e84a4f93e76c76b8ce49b) Importer(2089858483,192608db42251d675da83286b1cce702) (ScriptedImporter) -> (artifact id: '5254460f2e4af5f44b36edad04c14c03') in 0.0209172 seconds
Number of updated asset objects reloaded before import = 0Number of asset objects unloaded after import = 1

========================================================================
Received Import Request.
  Time since last request: 0.000020 seconds.
  path: Assets/Oculus/VR/Editor/BuildingBlocks/BlocksWindow.cs
  artifactKey: Guid(a4a6e6133d64cb74a8cec10632340901) Importer(2089858483,192608db42251d675da83286b1cce702)
Start importing Assets/Oculus/VR/Editor/BuildingBlocks/BlocksWindow.cs using Guid(a4a6e6133d64cb74a8cec10632340901) Importer(2089858483,192608db42251d675da83286b1cce702) (ScriptedImporter) -> (artifact id: 'a8845be4e0cbf6b2202c77467b462240') in 0.0155204 seconds
Number of updated asset objects reloaded before import = 0Number of asset objects unloaded after import = 0

========================================================================
Received Import Request.
  Time since last request: 0.000035 seconds.
  path: Assets/Oculus/VR/Scripts/OVRAnchor/OVRAnchor.cs
  artifactKey: Guid(5f2967bab93d4b57ab8d2b9799ca6de9) Importer(2089858483,192608db42251d675da83286b1cce702)
Start importing Assets/Oculus/VR/Scripts/OVRAnchor/OVRAnchor.cs using Guid(5f2967bab93d4b57ab8d2b9799ca6de9) Importer(2089858483,192608db42251d675da83286b1cce702) (ScriptedImporter) -> (artifact id: '0e7050d30fb59950173f8bb8a49b19be') in 0.0162032 seconds
Number of updated asset objects reloaded before import = 0Number of asset objects unloaded after import = 0

========================================================================
Received Import Request.
  Time since last request: 0.000018 seconds.
  path: Assets/Oculus/VR/Scripts/Util/OVRGazePointer.cs
  artifactKey: Guid(30530ad0e40d0a64ea26d753ee4996ea) Importer(2089858483,192608db42251d675da83286b1cce702)
Start importing Assets/Oculus/VR/Scripts/Util/OVRGazePointer.cs using Guid(30530ad0e40d0a64ea26d753ee4996ea) Importer(2089858483,192608db42251d675da83286b1cce702) (ScriptedImporter) -> (artifact id: '284394cafcc45c345616df96a9f2c3d5') in 0.0159139 seconds
Number of updated asset objects reloaded before import = 0Number of asset objects unloaded after import = 0

========================================================================
Received Import Request.
  Time since last request: 0.000025 seconds.
  path: Assets/Oculus/VR/Scripts/Editor/OVROverlayEditor.cs
  artifactKey: Guid(fde3aeb28643f6c48a48f926ac7207e0) Importer(2089858483,192608db42251d675da83286b1cce702)
Start importing Assets/Oculus/VR/Scripts/Editor/OVROverlayEditor.cs using Guid(fde3aeb28643f6c48a48f926ac7207e0) Importer(2089858483,192608db42251d675da83286b1cce702) (ScriptedImporter) -> (artifact id: '50722ac29ae35b9066a711c68c33fd66') in 0.0154874 seconds
Number of updated asset objects reloaded before import = 0Number of asset objects unloaded after import = 0

========================================================================
Received Import Request.
  Time since last request: 0.000039 seconds.
  path: Assets/Oculus/VR/Scripts/Util/OVRReadOnlyAttribute.cs
  artifactKey: Guid(7ab0aaa927d24aa40b4e2a6dc41aaa35) Importer(2089858483,192608db42251d675da83286b1cce702)
Start importing Assets/Oculus/VR/Scripts/Util/OVRReadOnlyAttribute.cs using Guid(7ab0aaa927d24aa40b4e2a6dc41aaa35) Importer(2089858483,192608db42251d675da83286b1cce702) (ScriptedImporter) -> (artifact id: '78007fb2bbc64b7b6565f5f033f5102f') in 0.0139652 seconds
Number of updated asset objects reloaded before import = 0Number of asset objects unloaded after import = 0

========================================================================
Received Import Request.
  Time since last request: 0.000012 seconds.
  path: Assets/Oculus/AudioManager/Scripts/Audio/Editor/AudioManagerInspector.cs
  artifactKey: Guid(9f04a80514947486d9793cab0005447f) Importer(2089858483,192608db42251d675da83286b1cce702)
Start importing Assets/Oculus/AudioManager/Scripts/Audio/Editor/AudioManagerInspector.cs using Guid(9f04a80514947486d9793cab0005447f) Importer(2089858483,192608db42251d675da83286b1cce702) (ScriptedImporter) -> (artifact id: '64ccdc3b1faf7c4b16f1af67b5173e38') in 0.0158789 seconds
Number of updated asset objects reloaded before import = 0Number of asset objects unloaded after import = 0

========================================================================
Received Import Request.
  Time since last request: 0.000014 seconds.
  path: Assets/Oculus/Spatializer/scenes/sounds/noise.wav
  artifactKey: Guid(460d9a446cc128e4787c47d09d4af2bc) Importer(2089858483,192608db42251d675da83286b1cce702)
Start importing Assets/Oculus/Spatializer/scenes/sounds/noise.wav using Guid(460d9a446cc128e4787c47d09d4af2bc) Importer(2089858483,192608db42251d675da83286b1cce702) (ScriptedImporter) -> (artifact id: '21e04180d900f520d73190883d1b224b') in 0.0259888 seconds
Number of updated asset objects reloaded before import = 0Number of asset objects unloaded after import = 1

========================================================================
Received Import Request.
  Time since last request: 0.000014 seconds.
  path: Assets/Oculus/VR/Scripts/Util/OVRMesh.cs
  artifactKey: Guid(5cc5c234723e3a54d8dd09b131117743) Importer(2089858483,192608db42251d675da83286b1cce702)
Start importing Assets/Oculus/VR/Scripts/Util/OVRMesh.cs using Guid(5cc5c234723e3a54d8dd09b131117743) Importer(2089858483,192608db42251d675da83286b1cce702) (ScriptedImporter) -> (artifact id: '4f43edbf7e005afdb730361ee4bcf8e6') in 0.0158197 seconds
Number of updated asset objects reloaded before import = 0Number of asset objects unloaded after import = 0

========================================================================
Received Import Request.
  Time since last request: 0.000018 seconds.
  path: Assets/Oculus/VR/Scripts/Util/OVRGrabbable.cs
  artifactKey: Guid(02d61468f8b77ae4b92c344bc9a600fb) Importer(2089858483,192608db42251d675da83286b1cce702)
Start importing Assets/Oculus/VR/Scripts/Util/OVRGrabbable.cs using Guid(02d61468f8b77ae4b92c344bc9a600fb) Importer(2089858483,192608db42251d675da83286b1cce702) (ScriptedImporter) -> (artifact id: 'e8fdc42507a1c67506f222399e4a493b') in 0.0144287 seconds
Number of updated asset objects reloaded before import = 0Number of asset objects unloaded after import = 0

========================================================================
Received Import Request.
  Time since last request: 0.000028 seconds.
  path: Assets/Oculus/Voice/Scripts/Runtime/VoiceSDKConstants.cs
  artifactKey: Guid(e004e2206f7b45a4abcb75148bcccbd8) Importer(2089858483,192608db42251d675da83286b1cce702)
Start importing Assets/Oculus/Voice/Scripts/Runtime/VoiceSDKConstants.cs using Guid(e004e2206f7b45a4abcb75148bcccbd8) Importer(2089858483,192608db42251d675da83286b1cce702) (ScriptedImporter) -> (artifact id: '7324b1e024e6dcbb8b21c96df4a0c6f4') in 0.0145955 seconds
Number of updated asset objects reloaded before import = 0Number of asset objects unloaded after import = 0

========================================================================
Received Import Request.
  Time since last request: 0.000029 seconds.
  path: Assets/Oculus/VR/Scripts/Util/OVRPhysicsRaycaster.cs
  artifactKey: Guid(f8e7ff1cdf4c4e74db00c3684108bc9a) Importer(2089858483,192608db42251d675da83286b1cce702)
Start importing Assets/Oculus/VR/Scripts/Util/OVRPhysicsRaycaster.cs using Guid(f8e7ff1cdf4c4e74db00c3684108bc9a) Importer(2089858483,192608db42251d675da83286b1cce702) (ScriptedImporter) -> (artifact id: '201ce6ae12fa5d42c54d3d76a7e2e631') in 0.0141836 seconds
Number of updated asset objects reloaded before import = 0Number of asset objects unloaded after import = 0

========================================================================
Received Import Request.
  Time since last request: 0.000018 seconds.
  path: Assets/Oculus/VR/Scripts/BuildingBlocks/Telemetry.cs
  artifactKey: Guid(d93bbab64ed50ea45b9bc8df3d334c0d) Importer(2089858483,192608db42251d675da83286b1cce702)
Start importing Assets/Oculus/VR/Scripts/BuildingBlocks/Telemetry.cs using Guid(d93bbab64ed50ea45b9bc8df3d334c0d) Importer(2089858483,192608db42251d675da83286b1cce702) (ScriptedImporter) -> (artifact id: 'adc241abc5e1c4e2729e00e50d90e3d5') in 0.0166815 seconds
Number of updated asset objects reloaded before import = 0Number of asset objects unloaded after import = 0

========================================================================
Received Import Request.
  Time since last request: 0.000016 seconds.
  path: Assets/Oculus/VR/Scripts/Util/OVRMixedRealityCaptureConfiguration.cs
  artifactKey: Guid(3daa35105ec74ccb94bc0756d34b2d55) Importer(2089858483,192608db42251d675da83286b1cce702)
Start importing Assets/Oculus/VR/Scripts/Util/OVRMixedRealityCaptureConfiguration.cs using Guid(3daa35105ec74ccb94bc0756d34b2d55) Importer(2089858483,192608db42251d675da83286b1cce702) (ScriptedImporter) -> (artifact id: '015c3ec69ea038a5d39394509ee8c3a0') in 0.0168202 seconds
Number of updated asset objects reloaded before import = 0Number of asset objects unloaded after import = 0

========================================================================
Received Import Request.
  Time since last request: 0.000023 seconds.
  path: Assets/Oculus/Voice/Samples/Shapes/Shapes.unity
  artifactKey: Guid(e2afa732d18be6e43943396fdcda205d) Importer(2089858483,192608db42251d675da83286b1cce702)
Start importing Assets/Oculus/Voice/Samples/Shapes/Shapes.unity using Guid(e2afa732d18be6e43943396fdcda205d) Importer(2089858483,192608db42251d675da83286b1cce702) (ScriptedImporter) -> (artifact id: '8e0f663f20661f1ffc077db453152cef') in 0.0172736 seconds
Number of updated asset objects reloaded before import = 0Number of asset objects unloaded after import = 1

========================================================================
Received Import Request.
  Time since last request: 0.000015 seconds.
  path: Assets/Oculus/VR/Meshes/HandTracking/OculusHand_L.fbx
  artifactKey: Guid(442d5b4503ed83c4897ef44659446587) Importer(2089858483,192608db42251d675da83286b1cce702)
Start importing Assets/Oculus/VR/Meshes/HandTracking/OculusHand_L.fbx using Guid(442d5b4503ed83c4897ef44659446587) Importer(2089858483,192608db42251d675da83286b1cce702) (ScriptedImporter) -> (artifact id: 'b0e4d2d44e9762cbf35ed8c95c26811c') in 0.0332006 seconds
Number of updated asset objects reloaded before import = 0Number of asset objects unloaded after import = 167

========================================================================
Received Import Request.
  Time since last request: 0.000028 seconds.
  path: Assets/Oculus/VR/Editor/Settings/OVRRuntimeSettingsBuildProcessor.cs
  artifactKey: Guid(15752626be7644e4095a2ee64512af92) Importer(2089858483,192608db42251d675da83286b1cce702)
Start importing Assets/Oculus/VR/Editor/Settings/OVRRuntimeSettingsBuildProcessor.cs using Guid(15752626be7644e4095a2ee64512af92) Importer(2089858483,192608db42251d675da83286b1cce702) (ScriptedImporter) -> (artifact id: '22e55475adaf3d5c3b54472e23442b17') in 0.0159109 seconds
Number of updated asset objects reloaded before import = 0Number of asset objects unloaded after import = 0

========================================================================
Received Import Request.
  Time since last request: 0.000018 seconds.
  path: Assets/Oculus/VR/Editor/BuildingBlocks/BlockBaseData.cs
  artifactKey: Guid(1780035368273fe41aee25e63916b5d2) Importer(2089858483,192608db42251d675da83286b1cce702)
Start importing Assets/Oculus/VR/Editor/BuildingBlocks/BlockBaseData.cs using Guid(1780035368273fe41aee25e63916b5d2) Importer(2089858483,192608db42251d675da83286b1cce702) (ScriptedImporter) -> (artifact id: '07fe58d8e50af4a5602d41a8ee6f1209') in 0.0158371 seconds
Number of updated asset objects reloaded before import = 0Number of asset objects unloaded after import = 0

========================================================================
Received Import Request.
  Time since last request: 0.036644 seconds.
  path: Assets/Oculus/AudioManager/Scripts/Audio/Editor/OSPPropsPropertyDrawer.cs
  artifactKey: Guid(9fc79251b168140d68851f1e8c283514) Importer(2089858483,192608db42251d675da83286b1cce702)
Start importing Assets/Oculus/AudioManager/Scripts/Audio/Editor/OSPPropsPropertyDrawer.cs using Guid(9fc79251b168140d68851f1e8c283514) Importer(2089858483,192608db42251d675da83286b1cce702) (ScriptedImporter) -> (artifact id: '9d4b246e77b9d478458b34a2f7111b87') in 0.014257 seconds
Number of updated asset objects reloaded before import = 0Number of asset objects unloaded after import = 0

========================================================================
Received Import Request.
  Time since last request: 0.000018 seconds.
  path: Assets/Oculus/Interaction/Runtime/Plugins/MacArm/InteractionSdk.dylib
  artifactKey: Guid(0f1a99c28e629440d9e6e21deb4039ce) Importer(2089858483,192608db42251d675da83286b1cce702)
Start importing Assets/Oculus/Interaction/Runtime/Plugins/MacArm/InteractionSdk.dylib using Guid(0f1a99c28e629440d9e6e21deb4039ce) Importer(2089858483,192608db42251d675da83286b1cce702) (ScriptedImporter) -> (artifact id: '3f55fb5ff6f168f236a60352c1e358ef') in 0.0165334 seconds
Number of updated asset objects reloaded before import = 0Number of asset objects unloaded after import = 0

========================================================================
Received Import Request.
  Time since last request: 0.000027 seconds.
  path: Assets/Oculus/Interaction/Samples/Audio/Content/Interaction_BasicPoke_Keypad_02.wav
  artifactKey: Guid(9e6b15717caa4bd4c89c44dc2ae6108c) Importer(2089858483,192608db42251d675da83286b1cce702)
Start importing Assets/Oculus/Interaction/Samples/Audio/Content/Interaction_BasicPoke_Keypad_02.wav using Guid(9e6b15717caa4bd4c89c44dc2ae6108c) Importer(2089858483,192608db42251d675da83286b1cce702) (ScriptedImporter) -> (artifact id: 'fc23e37498a8f9e9b166ffb643e13c60') in 0.0267097 seconds
Number of updated asset objects reloaded before import = 0Number of asset objects unloaded after import = 1

========================================================================
Received Import Request.
  Time since last request: 0.000030 seconds.
  path: Assets/Oculus/Interaction/Editor/Selection/Hands/ConicalFrustumEditor.cs
  artifactKey: Guid(f7a5cb795adad5546a86a929a3211ab3) Importer(2089858483,192608db42251d675da83286b1cce702)
Start importing Assets/Oculus/Interaction/Editor/Selection/Hands/ConicalFrustumEditor.cs using Guid(f7a5cb795adad5546a86a929a3211ab3) Importer(2089858483,192608db42251d675da83286b1cce702) (ScriptedImporter) -> (artifact id: '573cbf8cc0994244162dc3a854c0c3cd') in 0.0162629 seconds
Number of updated asset objects reloaded before import = 0Number of asset objects unloaded after import = 0

========================================================================
Received Import Request.
  Time since last request: 0.000013 seconds.
  path: Assets/Oculus/Interaction/Runtime/Prefabs/Debug/FingerFeatureSkeletalDebugVisual.prefab
  artifactKey: Guid(072f28eaf071f834e82a66e5843572c9) Importer(2089858483,192608db42251d675da83286b1cce702)
Start importing Assets/Oculus/Interaction/Runtime/Prefabs/Debug/FingerFeatureSkeletalDebugVisual.prefab using Guid(072f28eaf071f834e82a66e5843572c9) Importer(2089858483,192608db42251d675da83286b1cce702) (ScriptedImporter) -> (artifact id: '83b44137977e5b8b63935bcd05e8e6ca') in 0.040417 seconds
Number of updated asset objects reloaded before import = 0Number of asset objects unloaded after import = 7

========================================================================
Received Import Request.
  Time since last request: 0.000015 seconds.
  path: Assets/Oculus/Interaction/Runtime/Scripts/PoseDetection/FingerShapes.cs
  artifactKey: Guid(b35099b781e8a9a449c26d6df610d496) Importer(2089858483,192608db42251d675da83286b1cce702)
Start importing Assets/Oculus/Interaction/Runtime/Scripts/PoseDetection/FingerShapes.cs using Guid(b35099b781e8a9a449c26d6df610d496) Importer(2089858483,192608db42251d675da83286b1cce702) (ScriptedImporter) -> (artifact id: 'e850b35812f0ac7d6c611dfa1494afaf') in 0.0140583 seconds
Number of updated asset objects reloaded before import = 0Number of asset objects unloaded after import = 0

========================================================================
Received Import Request.
  Time since last request: 0.000013 seconds.
  path: Assets/Oculus/Interaction/Runtime/Scripts/PoseDetection/JointDeltaProvider.cs
  artifactKey: Guid(645a8b39ed56176499370c5bfaf13d63) Importer(2089858483,192608db42251d675da83286b1cce702)
Start importing Assets/Oculus/Interaction/Runtime/Scripts/PoseDetection/JointDeltaProvider.cs using Guid(645a8b39ed56176499370c5bfaf13d63) Importer(2089858483,192608db42251d675da83286b1cce702) (ScriptedImporter) -> (artifact id: '25fae93f1964a8c623970a4e9a07799b') in 0.0150373 seconds
Number of updated asset objects reloaded before import = 0Number of asset objects unloaded after import = 0

========================================================================
Received Import Request.
  Time since last request: 0.000016 seconds.
  path: Assets/Oculus/Interaction/Runtime/Scripts/Input/IAxis2D.cs
  artifactKey: Guid(67f59c05da2420f459585127dd9eeb33) Importer(2089858483,192608db42251d675da83286b1cce702)
Start importing Assets/Oculus/Interaction/Runtime/Scripts/Input/IAxis2D.cs using Guid(67f59c05da2420f459585127dd9eeb33) Importer(2089858483,192608db42251d675da83286b1cce702) (ScriptedImporter) -> (artifact id: '5d1fba8dce7d63ff8db746ddc04fec85') in 0.0156547 seconds
Number of updated asset objects reloaded before import = 0Number of asset objects unloaded after import = 0

========================================================================
Received Import Request.
  Time since last request: 0.000026 seconds.
  path: Assets/Oculus/Interaction/Runtime/Scripts/PoseDetection/SequenceActiveState.cs
  artifactKey: Guid(d2a8d5cf844b463aabaed6d6db3da8c0) Importer(2089858483,192608db42251d675da83286b1cce702)
Start importing Assets/Oculus/Interaction/Runtime/Scripts/PoseDetection/SequenceActiveState.cs using Guid(d2a8d5cf844b463aabaed6d6db3da8c0) Importer(2089858483,192608db42251d675da83286b1cce702) (ScriptedImporter) -> (artifact id: '56192af4ebba15642bcc1fbf37dea784') in 0.0158706 seconds
Number of updated asset objects reloaded before import = 0Number of asset objects unloaded after import = 0

========================================================================
Received Import Request.
  Time since last request: 0.000026 seconds.
  path: Assets/Oculus/Interaction/OVRIntegration/Runtime/Prefabs/OVRHands.prefab
  artifactKey: Guid(ea16c3c8c1688234fa81a4f39339bf1b) Importer(2089858483,192608db42251d675da83286b1cce702)
Start importing Assets/Oculus/Interaction/OVRIntegration/Runtime/Prefabs/OVRHands.prefab using Guid(ea16c3c8c1688234fa81a4f39339bf1b) Importer(2089858483,192608db42251d675da83286b1cce702) (ScriptedImporter) -> (artifact id: 'e2aaf8d6a66b3c9b9be46bbc4f96c03f') in 0.026557 seconds
Number of updated asset objects reloaded before import = 0Number of asset objects unloaded after import = 413

========================================================================
Received Import Request.
  Time since last request: 0.000043 seconds.
  path: Assets/Oculus/Interaction/Runtime/Scripts/Grab/FingerPinchAPI.cs
  artifactKey: Guid(e3f7f90a7ae2f724a95dec4e1b39559e) Importer(2089858483,192608db42251d675da83286b1cce702)
Start importing Assets/Oculus/Interaction/Runtime/Scripts/Grab/FingerPinchAPI.cs using Guid(e3f7f90a7ae2f724a95dec4e1b39559e) Importer(2089858483,192608db42251d675da83286b1cce702) (ScriptedImporter) -> (artifact id: '20650d01b69feaa6f4b652d278c6ee6e') in 0.0138034 seconds
Number of updated asset objects reloaded before import = 0Number of asset objects unloaded after import = 0

========================================================================
Received Import Request.
  Time since last request: 0.000021 seconds.
  path: Assets/Oculus/Interaction/Runtime/Animations/Hands/HandMidFist_r_.anim
  artifactKey: Guid(239acd9cecc4aaf4f98ec5420ef26571) Importer(2089858483,192608db42251d675da83286b1cce702)
Start importing Assets/Oculus/Interaction/Runtime/Animations/Hands/HandMidFist_r_.anim using Guid(239acd9cecc4aaf4f98ec5420ef26571) Importer(2089858483,192608db42251d675da83286b1cce702) (ScriptedImporter) -> (artifact id: 'f2576eb99ff8edf860d08727e48d34e4') in 0.0181537 seconds
Number of updated asset objects reloaded before import = 0Number of asset objects unloaded after import = 1

========================================================================
Received Import Request.
  Time since last request: 0.000029 seconds.
  path: Assets/Oculus/Interaction/Runtime/Prefabs/Ray/HandRayInteractor.prefab
  artifactKey: Guid(d27ac1ffd4cdd7c40a39dcfa6012355c) Importer(2089858483,192608db42251d675da83286b1cce702)
Start importing Assets/Oculus/Interaction/Runtime/Prefabs/Ray/HandRayInteractor.prefab using Guid(d27ac1ffd4cdd7c40a39dcfa6012355c) Importer(2089858483,192608db42251d675da83286b1cce702) (ScriptedImporter) -> (artifact id: 'f59c81bea168882f0fb0f636aaf45657') in 0.0303948 seconds
Number of updated asset objects reloaded before import = 0Number of asset objects unloaded after import = 44

========================================================================
Received Import Request.
  Time since last request: 0.000064 seconds.
  path: Assets/Oculus/Interaction/Runtime/DefaultSettings/PoseDetection/IndexFingerFeatureStateThresholds.asset
  artifactKey: Guid(29b0a95ffa0254044901c8c821379040) Importer(2089858483,192608db42251d675da83286b1cce702)
Start importing Assets/Oculus/Interaction/Runtime/DefaultSettings/PoseDetection/IndexFingerFeatureStateThresholds.asset using Guid(29b0a95ffa0254044901c8c821379040) Importer(2089858483,192608db42251d675da83286b1cce702) (ScriptedImporter) -> (artifact id: '81e3286f8036721d38c87b27cd4b0e3d') in 0.0167919 seconds
Number of updated asset objects reloaded before import = 0Number of asset objects unloaded after import = 1

========================================================================
Received Import Request.
  Time since last request: 0.000027 seconds.
  path: Assets/Oculus/Interaction/Runtime/DefaultSettings/Locomotion/LShape.asset
  artifactKey: Guid(1ed4391cde522cb4bb2833bbbcc1137f) Importer(2089858483,192608db42251d675da83286b1cce702)
Start importing Assets/Oculus/Interaction/Runtime/DefaultSettings/Locomotion/LShape.asset using Guid(1ed4391cde522cb4bb2833bbbcc1137f) Importer(2089858483,192608db42251d675da83286b1cce702) (ScriptedImporter) -> (artifact id: 'd0df0a61fdddf76dd4333c42ad6dbf38') in 0.0219579 seconds
Number of updated asset objects reloaded before import = 0Number of asset objects unloaded after import = 1

========================================================================
Received Import Request.
  Time since last request: 0.000017 seconds.
  path: Assets/Oculus/Interaction/Runtime/Scripts/Unity/SelectorUnityEventWrapper.cs
  artifactKey: Guid(de76f7169412b8f4896235a1585d8939) Importer(2089858483,192608db42251d675da83286b1cce702)
Start importing Assets/Oculus/Interaction/Runtime/Scripts/Unity/SelectorUnityEventWrapper.cs using Guid(de76f7169412b8f4896235a1585d8939) Importer(2089858483,192608db42251d675da83286b1cce702) (ScriptedImporter) -> (artifact id: '0f3d162c09dd0a67163ef880cf8cd570') in 0.018357 seconds
Number of updated asset objects reloaded before import = 0Number of asset objects unloaded after import = 0

========================================================================
Received Import Request.
  Time since last request: 0.000017 seconds.
  path: Assets/Oculus/Interaction/Runtime/Scripts/Attributes/SectionAttribute.cs
  artifactKey: Guid(4c8ae2e66f5d90a4f8887d11f590497c) Importer(2089858483,192608db42251d675da83286b1cce702)
Start importing Assets/Oculus/Interaction/Runtime/Scripts/Attributes/SectionAttribute.cs using Guid(4c8ae2e66f5d90a4f8887d11f590497c) Importer(2089858483,192608db42251d675da83286b1cce702) (ScriptedImporter) -> (artifact id: '98896187f53f7860f11a28af0f3ce66d') in 0.01743 seconds
Number of updated asset objects reloaded before import = 0Number of asset objects unloaded after import = 0

========================================================================
Received Import Request.
  Time since last request: 0.000025 seconds.
  path: Assets/Oculus/Interaction/Samples/Audio/Content/Interaction_BasicGrab_Release_01.wav
  artifactKey: Guid(01ee74389d1a6844c9250d4230e734d3) Importer(2089858483,192608db42251d675da83286b1cce702)
Start importing Assets/Oculus/Interaction/Samples/Audio/Content/Interaction_BasicGrab_Release_01.wav using Guid(01ee74389d1a6844c9250d4230e734d3) Importer(2089858483,192608db42251d675da83286b1cce702) (ScriptedImporter) -> (artifact id: 'cbae91fb4585572f43df45f5c1943666') in 0.0390113 seconds
Number of updated asset objects reloaded before import = 0Number of asset objects unloaded after import = 1

========================================================================
Received Import Request.
  Time since last request: 0.000027 seconds.
  path: Assets/Oculus/Interaction/Runtime/Scripts/PoseDetection/TransformFeatureStateProviderRef.cs
  artifactKey: Guid(e9485329571269f41ba05b864b35f1cb) Importer(2089858483,192608db42251d675da83286b1cce702)
Start importing Assets/Oculus/Interaction/Runtime/Scripts/PoseDetection/TransformFeatureStateProviderRef.cs using Guid(e9485329571269f41ba05b864b35f1cb) Importer(2089858483,192608db42251d675da83286b1cce702) (ScriptedImporter) -> (artifact id: 'ff4422791b4cfd1ce996e58c49e44d1e') in 0.0301837 seconds
Number of updated asset objects reloaded before import = 0Number of asset objects unloaded after import = 0

========================================================================
Received Import Request.
  Time since last request: 0.000052 seconds.
  path: Assets/Oculus/Interaction/Samples/Audio/Content/Interaction_Object_Impact_08.wav
  artifactKey: Guid(b52bcbc955bfb7b4b866604115d42e9c) Importer(2089858483,192608db42251d675da83286b1cce702)
Start importing Assets/Oculus/Interaction/Samples/Audio/Content/Interaction_Object_Impact_08.wav using Guid(b52bcbc955bfb7b4b866604115d42e9c) Importer(2089858483,192608db42251d675da83286b1cce702) (ScriptedImporter) -> (artifact id: 'e40650b3b52e8e329a7d3bbe62bd04cd') in 0.0268448 seconds
Number of updated asset objects reloaded before import = 0Number of asset objects unloaded after import = 1

========================================================================
Received Import Request.
  Time since last request: 0.000016 seconds.
  path: Assets/Oculus/Interaction/Runtime/DefaultSettings/HandFilter/MediumSmoothing.asset
  artifactKey: Guid(f7af6363ca0613144af4a8bc60517754) Importer(2089858483,192608db42251d675da83286b1cce702)
Start importing Assets/Oculus/Interaction/Runtime/DefaultSettings/HandFilter/MediumSmoothing.asset using Guid(f7af6363ca0613144af4a8bc60517754) Importer(2089858483,192608db42251d675da83286b1cce702) (ScriptedImporter) -> (artifact id: 'fbd3279463df8ab5e7584cff56f194cd') in 0.0181787 seconds
Number of updated asset objects reloaded before import = 0Number of asset objects unloaded after import = 1

========================================================================
Received Import Request.
  Time since last request: 0.000015 seconds.
  path: Assets/Oculus/Interaction/Runtime/Prefabs/Debug/HandShapeDebugVisual.prefab
  artifactKey: Guid(b9f92cc57e42b0f4fb1b6ed7c31feab1) Importer(2089858483,192608db42251d675da83286b1cce702)
Start importing Assets/Oculus/Interaction/Runtime/Prefabs/Debug/HandShapeDebugVisual.prefab using Guid(b9f92cc57e42b0f4fb1b6ed7c31feab1) Importer(2089858483,192608db42251d675da83286b1cce702) (ScriptedImporter) -> (artifact id: '3f419b30100e88042edb13f5d5f75d78') in 0.0307111 seconds
Number of updated asset objects reloaded before import = 0Number of asset objects unloaded after import = 33

========================================================================
Received Import Request.
  Time since last request: 0.000018 seconds.
  path: Assets/Oculus/Interaction/Runtime/DefaultSettings/HandFilter/LowSmoothing.asset
  artifactKey: Guid(06c2776d4890a1440bf2f7e38dc16f50) Importer(2089858483,192608db42251d675da83286b1cce702)
Start importing Assets/Oculus/Interaction/Runtime/DefaultSettings/HandFilter/LowSmoothing.asset using Guid(06c2776d4890a1440bf2f7e38dc16f50) Importer(2089858483,192608db42251d675da83286b1cce702) (ScriptedImporter) -> (artifact id: '8be09339e8e0a0bffb850a9821e6500e') in 0.0198863 seconds
Number of updated asset objects reloaded before import = 0Number of asset objects unloaded after import = 1

========================================================================
Received Import Request.
  Time since last request: 0.000017 seconds.
  path: Assets/Oculus/Interaction/Samples/Audio/Content/Interaction_Locomotion_SnapTurn.wav
  artifactKey: Guid(73b1216fbe8e8c7408f4269715da6d86) Importer(2089858483,192608db42251d675da83286b1cce702)
Start importing Assets/Oculus/Interaction/Samples/Audio/Content/Interaction_Locomotion_SnapTurn.wav using Guid(73b1216fbe8e8c7408f4269715da6d86) Importer(2089858483,192608db42251d675da83286b1cce702) (ScriptedImporter) -> (artifact id: 'ff9029e307d3ebe04b5b91e1bc21f617') in 0.0264039 seconds
Number of updated asset objects reloaded before import = 0Number of asset objects unloaded after import = 1

========================================================================
Received Import Request.
  Time since last request: 0.000029 seconds.
  path: Assets/Oculus/Interaction/Editor/Grab/SnapSurfaces/BoxEditor.cs
  artifactKey: Guid(baf3d860debef0947b62cdebdd94cb75) Importer(2089858483,192608db42251d675da83286b1cce702)
Start importing Assets/Oculus/Interaction/Editor/Grab/SnapSurfaces/BoxEditor.cs using Guid(baf3d860debef0947b62cdebdd94cb75) Importer(2089858483,192608db42251d675da83286b1cce702) (ScriptedImporter) -> (artifact id: 'b884feaa656b06a42c3740d35e52ab57') in 0.0144455 seconds
Number of updated asset objects reloaded before import = 0Number of asset objects unloaded after import = 0

========================================================================
Received Import Request.
  Time since last request: 0.000068 seconds.
  path: Assets/Oculus/Interaction/Runtime/Scripts/Throw/HandPoseInputDevice.cs
  artifactKey: Guid(3fb913c9e194da6449a32f1bf3cc991b) Importer(2089858483,192608db42251d675da83286b1cce702)
Start importing Assets/Oculus/Interaction/Runtime/Scripts/Throw/HandPoseInputDevice.cs using Guid(3fb913c9e194da6449a32f1bf3cc991b) Importer(2089858483,192608db42251d675da83286b1cce702) (ScriptedImporter) -> (artifact id: 'c9b8058ce31e8cd74f0c0167badd67e7') in 0.0135184 seconds
Number of updated asset objects reloaded before import = 0Number of asset objects unloaded after import = 0

========================================================================
Received Import Request.
  Time since last request: 0.000014 seconds.
  path: Assets/Oculus/Interaction/Runtime/Prefabs/Locomotion/TeleportHandInteractor.prefab
  artifactKey: Guid(7554c31b8982af447ace36d015744ef2) Importer(2089858483,192608db42251d675da83286b1cce702)
Start importing Assets/Oculus/Interaction/Runtime/Prefabs/Locomotion/TeleportHandInteractor.prefab using Guid(7554c31b8982af447ace36d015744ef2) Importer(2089858483,192608db42251d675da83286b1cce702) (ScriptedImporter) -> (artifact id: '517caabefb695fecb4cad1d00ca5fb9e') in 0.0348676 seconds
Number of updated asset objects reloaded before import = 0Number of asset objects unloaded after import = 51

========================================================================
Received Import Request.
  Time since last request: 0.000014 seconds.
  path: Assets/Oculus/Interaction/Runtime/Scripts/MaterialProperties/RoundedBoxProperties.cs
  artifactKey: Guid(0a0ad4ecf30771d44bf163058922924b) Importer(2089858483,192608db42251d675da83286b1cce702)
Start importing Assets/Oculus/Interaction/Runtime/Scripts/MaterialProperties/RoundedBoxProperties.cs using Guid(0a0ad4ecf30771d44bf163058922924b) Importer(2089858483,192608db42251d675da83286b1cce702) (ScriptedImporter) -> (artifact id: '7687bc6d468bc1dcd615fb392c08d789') in 0.0161922 seconds
Number of updated asset objects reloaded before import = 0Number of asset objects unloaded after import = 0

========================================================================
Received Import Request.
  Time since last request: 0.000015 seconds.
  path: Assets/Oculus/Interaction/Samples/Audio/Content/Interaction_ComplexGrab_BoxOpen_03.wav
  artifactKey: Guid(2a3a28423ef0779459533afedeee12cf) Importer(2089858483,192608db42251d675da83286b1cce702)
Start importing Assets/Oculus/Interaction/Samples/Audio/Content/Interaction_ComplexGrab_BoxOpen_03.wav using Guid(2a3a28423ef0779459533afedeee12cf) Importer(2089858483,192608db42251d675da83286b1cce702) (ScriptedImporter) -> (artifact id: '6e2d672d39abea781c5056b31d4544f4') in 0.0271876 seconds
Number of updated asset objects reloaded before import = 0Number of asset objects unloaded after import = 1

========================================================================
Received Import Request.
  Time since last request: 0.000022 seconds.
  path: Assets/Oculus/Interaction/Runtime/Animations/Hands/HandFist_l_.anim
  artifactKey: Guid(86c200927e07323488de63f1cbcf1907) Importer(2089858483,192608db42251d675da83286b1cce702)
Start importing Assets/Oculus/Interaction/Runtime/Animations/Hands/HandFist_l_.anim using Guid(86c200927e07323488de63f1cbcf1907) Importer(2089858483,192608db42251d675da83286b1cce702) (ScriptedImporter) -> (artifact id: '735da76f26a5a77ec4e015323292dc51') in 0.0163847 seconds
Number of updated asset objects reloaded before import = 0Number of asset objects unloaded after import = 1

========================================================================
Received Import Request.
  Time since last request: 0.000024 seconds.
  path: Assets/Oculus/Interaction/Samples/Audio/Content/Interaction_BasicPoke_ToyButton_Press_02.wav
  artifactKey: Guid(2ed5105a8954bb84186243c8ac778daf) Importer(2089858483,192608db42251d675da83286b1cce702)
Start importing Assets/Oculus/Interaction/Samples/Audio/Content/Interaction_BasicPoke_ToyButton_Press_02.wav using Guid(2ed5105a8954bb84186243c8ac778daf) Importer(2089858483,192608db42251d675da83286b1cce702) (ScriptedImporter) -> (artifact id: 'a9c35a9808af32f2cb15391580059c39') in 0.0285881 seconds
Number of updated asset objects reloaded before import = 0Number of asset objects unloaded after import = 1

========================================================================
Received Import Request.
  Time since last request: 0.000015 seconds.
  path: Assets/Oculus/Interaction/Samples/Audio/Content/Interaction_BasicRay_Back.wav
  artifactKey: Guid(4393389c4e9969940bfda2dc7f786204) Importer(2089858483,192608db42251d675da83286b1cce702)
Start importing Assets/Oculus/Interaction/Samples/Audio/Content/Interaction_BasicRay_Back.wav using Guid(4393389c4e9969940bfda2dc7f786204) Importer(2089858483,192608db42251d675da83286b1cce702) (ScriptedImporter) -> (artifact id: '94f190a023a28f77c0cd37d454eefdd0') in 0.023111 seconds
Number of updated asset objects reloaded before import = 0Number of asset objects unloaded after import = 1

========================================================================
Received Import Request.
  Time since last request: 0.000015 seconds.
  path: Assets/Oculus/Interaction/Editor/Grab/SnapSurfaces/CylinderGrabSurfaceEditor.cs
  artifactKey: Guid(69099ed7427360a4ab3734573c188647) Importer(2089858483,192608db42251d675da83286b1cce702)
Start importing Assets/Oculus/Interaction/Editor/Grab/SnapSurfaces/CylinderGrabSurfaceEditor.cs using Guid(69099ed7427360a4ab3734573c188647) Importer(2089858483,192608db42251d675da83286b1cce702) (ScriptedImporter) -> (artifact id: 'aa1de212a807002089ecbf363aaa0748') in 0.0157314 seconds
Number of updated asset objects reloaded before import = 0Number of asset objects unloaded after import = 0

========================================================================
Received Import Request.
  Time since last request: 0.000015 seconds.
  path: Assets/Oculus/Interaction/Runtime/Scripts/Unity/ActiveStateUnityEventWrapper.cs
  artifactKey: Guid(1d2705674196dfc4da9c25fbacda72d8) Importer(2089858483,192608db42251d675da83286b1cce702)
Start importing Assets/Oculus/Interaction/Runtime/Scripts/Unity/ActiveStateUnityEventWrapper.cs using Guid(1d2705674196dfc4da9c25fbacda72d8) Importer(2089858483,192608db42251d675da83286b1cce702) (ScriptedImporter) -> (artifact id: '470a681e4c85abab83f3b15ee378f5ca') in 0.0141286 seconds
Number of updated asset objects reloaded before import = 0Number of asset objects unloaded after import = 0

========================================================================
Received Import Request.
  Time since last request: 0.000014 seconds.
  path: Assets/Oculus/Interaction/Runtime/Scripts/Attributes/ConditionalHideAttribute.cs
  artifactKey: Guid(1def61d70ea1cd64ebbf612ff7b0b2f3) Importer(2089858483,192608db42251d675da83286b1cce702)
Start importing Assets/Oculus/Interaction/Runtime/Scripts/Attributes/ConditionalHideAttribute.cs using Guid(1def61d70ea1cd64ebbf612ff7b0b2f3) Importer(2089858483,192608db42251d675da83286b1cce702) (ScriptedImporter) -> (artifact id: '9a955045d210813acce7d0f61dec356b') in 0.0177369 seconds
Number of updated asset objects reloaded before import = 0Number of asset objects unloaded after import = 0

========================================================================
Received Import Request.
  Time since last request: 0.000046 seconds.
  path: Assets/Oculus/Interaction/Samples/Audio/Content/Interaction_BasicRay_Hover.wav
  artifactKey: Guid(1310bd00360df084e96ccc9a42f601b7) Importer(2089858483,192608db42251d675da83286b1cce702)
Start importing Assets/Oculus/Interaction/Samples/Audio/Content/Interaction_BasicRay_Hover.wav using Guid(1310bd00360df084e96ccc9a42f601b7) Importer(2089858483,192608db42251d675da83286b1cce702) (ScriptedImporter) -> (artifact id: 'ff1513e5dc20073226075cb1058409e8') in 0.0231939 seconds
Number of updated asset objects reloaded before import = 0Number of asset objects unloaded after import = 1

========================================================================
Received Import Request.
  Time since last request: 0.000027 seconds.
  path: Assets/Oculus/Interaction/OVRIntegration/Runtime/Prefabs/OVRHmd.prefab
  artifactKey: Guid(46b60c6fd5ee4fb4eb2aab6fc3de5c50) Importer(2089858483,192608db42251d675da83286b1cce702)
Start importing Assets/Oculus/Interaction/OVRIntegration/Runtime/Prefabs/OVRHmd.prefab using Guid(46b60c6fd5ee4fb4eb2aab6fc3de5c50) Importer(2089858483,192608db42251d675da83286b1cce702) (ScriptedImporter) -> (artifact id: '08f1773e74a8590ec0cc9829c98bd16c') in 0.0197501 seconds
Number of updated asset objects reloaded before import = 0Number of asset objects unloaded after import = 13

========================================================================
Received Import Request.
  Time since last request: 0.000012 seconds.
  path: Assets/Oculus/Interaction/Samples/Audio/Content/Interaction_Locomotion_Enter.wav
  artifactKey: Guid(4f4594d3823cc9e4ea68ebb1e27310da) Importer(2089858483,192608db42251d675da83286b1cce702)
Start importing Assets/Oculus/Interaction/Samples/Audio/Content/Interaction_Locomotion_Enter.wav using Guid(4f4594d3823cc9e4ea68ebb1e27310da) Importer(2089858483,192608db42251d675da83286b1cce702) (ScriptedImporter) -> (artifact id: 'ac13bd17b578111a3c5613f0eb9ba382') in 0.0247326 seconds
Number of updated asset objects reloaded before import = 0Number of asset objects unloaded after import = 1

========================================================================
Received Import Request.
  Time since last request: 0.000014 seconds.
  path: Assets/Oculus/Interaction/Samples/Audio/Content/Interaction_BasicGestures_SwipeForward_01.wav
  artifactKey: Guid(152aafa4bc75a894f80f0da543555c4b) Importer(2089858483,192608db42251d675da83286b1cce702)
Start importing Assets/Oculus/Interaction/Samples/Audio/Content/Interaction_BasicGestures_SwipeForward_01.wav using Guid(152aafa4bc75a894f80f0da543555c4b) Importer(2089858483,192608db42251d675da83286b1cce702) (ScriptedImporter) -> (artifact id: 'fa752fafaba24757f6263fe752209c43') in 0.0271918 seconds
Number of updated asset objects reloaded before import = 0Number of asset objects unloaded after import = 1

========================================================================
Received Import Request.
  Time since last request: 0.000014 seconds.
  path: Assets/Oculus/Interaction/Runtime/Scripts/PoseDetection/TransformFeatureStateThresholds.cs
  artifactKey: Guid(ac666f23650b94b4ea891467ab3677e5) Importer(2089858483,192608db42251d675da83286b1cce702)
Start importing Assets/Oculus/Interaction/Runtime/Scripts/PoseDetection/TransformFeatureStateThresholds.cs using Guid(ac666f23650b94b4ea891467ab3677e5) Importer(2089858483,192608db42251d675da83286b1cce702) (ScriptedImporter) -> (artifact id: '6ebf080e94e5fe50a3c0c6f33d179809') in 0.0128145 seconds
Number of updated asset objects reloaded before import = 0Number of asset objects unloaded after import = 0

========================================================================
Received Import Request.
  Time since last request: 0.000031 seconds.
  path: Assets/Oculus/Interaction/Runtime/Scripts/Unity/PointableUnityEventWrapper.cs
  artifactKey: Guid(e2f8f6e9e6f3e114b9bf9a57c2160615) Importer(2089858483,192608db42251d675da83286b1cce702)
Start importing Assets/Oculus/Interaction/Runtime/Scripts/Unity/PointableUnityEventWrapper.cs using Guid(e2f8f6e9e6f3e114b9bf9a57c2160615) Importer(2089858483,192608db42251d675da83286b1cce702) (ScriptedImporter) -> (artifact id: 'ea81d5913a49aaa7275e1792884864fe') in 0.0148217 seconds
Number of updated asset objects reloaded before import = 0Number of asset objects unloaded after import = 0

========================================================================
Received Import Request.
  Time since last request: 0.000017 seconds.
  path: Assets/Oculus/Interaction/Runtime/DefaultSettings/Locomotion/RelaxedCurl.asset
  artifactKey: Guid(db019d1c26a99c1468a7d3faca85ae26) Importer(2089858483,192608db42251d675da83286b1cce702)
Start importing Assets/Oculus/Interaction/Runtime/DefaultSettings/Locomotion/RelaxedCurl.asset using Guid(db019d1c26a99c1468a7d3faca85ae26) Importer(2089858483,192608db42251d675da83286b1cce702) (ScriptedImporter) -> (artifact id: '812ac6349b7149fc60063e17035dbee9') in 0.0145082 seconds
Number of updated asset objects reloaded before import = 0Number of asset objects unloaded after import = 1

========================================================================
Received Import Request.
  Time since last request: 0.000024 seconds.
  path: Assets/Oculus/Interaction/Runtime/Scripts/Utils/VersionTextVisual.cs
  artifactKey: Guid(a6e92325d3f262043b29d3fb96464192) Importer(2089858483,192608db42251d675da83286b1cce702)
Start importing Assets/Oculus/Interaction/Runtime/Scripts/Utils/VersionTextVisual.cs using Guid(a6e92325d3f262043b29d3fb96464192) Importer(2089858483,192608db42251d675da83286b1cce702) (ScriptedImporter) -> (artifact id: 'b6d72c6c97185b6b7e48157c44236a73') in 0.0156372 seconds
Number of updated asset objects reloaded before import = 0Number of asset objects unloaded after import = 0

========================================================================
Received Import Request.
  Time since last request: 0.000016 seconds.
  path: Assets/Oculus/Interaction/Samples/Audio/Content/Interaction_Object_Impact_05.wav
  artifactKey: Guid(07b5938cd1fd49c4999aa1b2b6b398eb) Importer(2089858483,192608db42251d675da83286b1cce702)
Start importing Assets/Oculus/Interaction/Samples/Audio/Content/Interaction_Object_Impact_05.wav using Guid(07b5938cd1fd49c4999aa1b2b6b398eb) Importer(2089858483,192608db42251d675da83286b1cce702) (ScriptedImporter) -> (artifact id: '575961f0631d81a67c57c80fa09cef19') in 0.0263968 seconds
Number of updated asset objects reloaded before import = 0Number of asset objects unloaded after import = 1

========================================================================
Received Import Request.
  Time since last request: 0.000018 seconds.
  path: Assets/Oculus/Interaction/Runtime/Scripts/PoseDetection/TransformFeatureStateProvider.cs
  artifactKey: Guid(bffe606b408599b4fad696ddc889a943) Importer(2089858483,192608db42251d675da83286b1cce702)
Start importing Assets/Oculus/Interaction/Runtime/Scripts/PoseDetection/TransformFeatureStateProvider.cs using Guid(bffe606b408599b4fad696ddc889a943) Importer(2089858483,192608db42251d675da83286b1cce702) (ScriptedImporter) -> (artifact id: '664e3440017f305df3c43428e56b6694') in 0.0138803 seconds
Number of updated asset objects reloaded before import = 0Number of asset objects unloaded after import = 0

========================================================================
Received Import Request.
  Time since last request: 0.000015 seconds.
  path: Assets/Oculus/Interaction/Runtime/Scripts/Body/SkeletonDebugGizmos.cs
  artifactKey: Guid(179ced13df8b20443aaf9b57fdee24ee) Importer(2089858483,192608db42251d675da83286b1cce702)
Start importing Assets/Oculus/Interaction/Runtime/Scripts/Body/SkeletonDebugGizmos.cs using Guid(179ced13df8b20443aaf9b57fdee24ee) Importer(2089858483,192608db42251d675da83286b1cce702) (ScriptedImporter) -> (artifact id: '8e021b67673c2d5de1e9a0d74a1908f6') in 0.0143331 seconds
Number of updated asset objects reloaded before import = 0Number of asset objects unloaded after import = 0

========================================================================
Received Import Request.
  Time since last request: 0.000034 seconds.
  path: Assets/Oculus/Interaction/Runtime/Animations/Hands/thumbMask_l_.anim
  artifactKey: Guid(0f5a40b1c760daa49bb2861fd39edb59) Importer(2089858483,192608db42251d675da83286b1cce702)
Start importing Assets/Oculus/Interaction/Runtime/Animations/Hands/thumbMask_l_.anim using Guid(0f5a40b1c760daa49bb2861fd39edb59) Importer(2089858483,192608db42251d675da83286b1cce702) (ScriptedImporter) -> (artifact id: 'c072e61699c29e0c162c5123b676a482') in 0.0142384 seconds
Number of updated asset objects reloaded before import = 0Number of asset objects unloaded after import = 1

========================================================================
Received Import Request.
  Time since last request: 0.000018 seconds.
  path: Assets/Oculus/Interaction/Samples/Audio/Content/Interaction_BasicPoke_ButtonPress.wav
  artifactKey: Guid(56fe077fa3d84f24c951589f5d187be2) Importer(2089858483,192608db42251d675da83286b1cce702)
Start importing Assets/Oculus/Interaction/Samples/Audio/Content/Interaction_BasicPoke_ButtonPress.wav using Guid(56fe077fa3d84f24c951589f5d187be2) Importer(2089858483,192608db42251d675da83286b1cce702) (ScriptedImporter) -> (artifact id: 'f31a45c43bea4ee12853dec0ecd847ad') in 0.0230607 seconds
Number of updated asset objects reloaded before import = 0Number of asset objects unloaded after import = 1

========================================================================
Received Import Request.
  Time since last request: 0.000028 seconds.
  path: Assets/Oculus/Interaction/Runtime/Prefabs/Locomotion/ArcVisual.prefab
  artifactKey: Guid(4e7d2a6b56b563649aaa9dc60da71aaa) Importer(2089858483,192608db42251d675da83286b1cce702)
Start importing Assets/Oculus/Interaction/Runtime/Prefabs/Locomotion/ArcVisual.prefab using Guid(4e7d2a6b56b563649aaa9dc60da71aaa) Importer(2089858483,192608db42251d675da83286b1cce702) (ScriptedImporter) -> (artifact id: '3a595409143f507f2c83b9d12fc63b18') in 0.0226156 seconds
Number of updated asset objects reloaded before import = 0Number of asset objects unloaded after import = 24

========================================================================
Received Import Request.
  Time since last request: 0.000016 seconds.
  path: Assets/Oculus/Interaction/Runtime/Scripts/Collisions/ColliderGroup.cs
  artifactKey: Guid(08918bb687dee3143a956803427ad287) Importer(2089858483,192608db42251d675da83286b1cce702)
Start importing Assets/Oculus/Interaction/Runtime/Scripts/Collisions/ColliderGroup.cs using Guid(08918bb687dee3143a956803427ad287) Importer(2089858483,192608db42251d675da83286b1cce702) (ScriptedImporter) -> (artifact id: '22335aa0b95280464518134e3274b6e8') in 0.014721 seconds
Number of updated asset objects reloaded before import = 0Number of asset objects unloaded after import = 0

========================================================================
Received Import Request.
  Time since last request: 0.000015 seconds.
  path: Assets/Oculus/Interaction/Runtime/Scripts/PoseDetection/FingerFeatureStateProvider.cs
  artifactKey: Guid(b942c16a6d6a4edaad7c18c7d5762cdf) Importer(2089858483,192608db42251d675da83286b1cce702)
Start importing Assets/Oculus/Interaction/Runtime/Scripts/PoseDetection/FingerFeatureStateProvider.cs using Guid(b942c16a6d6a4edaad7c18c7d5762cdf) Importer(2089858483,192608db42251d675da83286b1cce702) (ScriptedImporter) -> (artifact id: '80770b115f23c8c8a7760b55db78235c') in 0.0165879 seconds
Number of updated asset objects reloaded before import = 0Number of asset objects unloaded after import = 0

========================================================================
Received Import Request.
  Time since last request: 0.000020 seconds.
  path: Assets/Oculus/Interaction/Runtime/Animations/Hands/ThumbUp_r_.anim
  artifactKey: Guid(06e5790983e91714d83eb62bd6d24071) Importer(2089858483,192608db42251d675da83286b1cce702)
Start importing Assets/Oculus/Interaction/Runtime/Animations/Hands/ThumbUp_r_.anim using Guid(06e5790983e91714d83eb62bd6d24071) Importer(2089858483,192608db42251d675da83286b1cce702) (ScriptedImporter) -> (artifact id: 'a3fcec15b73df120fa91814787fca2a7') in 0.0156591 seconds
Number of updated asset objects reloaded before import = 0Number of asset objects unloaded after import = 1

========================================================================
Received Import Request.
  Time since last request: 0.000016 seconds.
  path: Assets/Oculus/Interaction/Samples/Audio/Content/Interaction_Object_Impact_03.wav
  artifactKey: Guid(7f1459cc291cebf46b6a654b2530e93f) Importer(2089858483,192608db42251d675da83286b1cce702)
Start importing Assets/Oculus/Interaction/Samples/Audio/Content/Interaction_Object_Impact_03.wav using Guid(7f1459cc291cebf46b6a654b2530e93f) Importer(2089858483,192608db42251d675da83286b1cce702) (ScriptedImporter) -> (artifact id: 'a732b8c61d67c19bd934960939e3273d') in 0.0266042 seconds
Number of updated asset objects reloaded before import = 0Number of asset objects unloaded after import = 1

========================================================================
Received Import Request.
  Time since last request: 0.000019 seconds.
  path: Assets/Oculus/Interaction/Runtime/Scripts/PoseDetection/JointRotationActiveState.cs
  artifactKey: Guid(d74f6b51a9292b9409651b36d6d9aad7) Importer(2089858483,192608db42251d675da83286b1cce702)
Start importing Assets/Oculus/Interaction/Runtime/Scripts/PoseDetection/JointRotationActiveState.cs using Guid(d74f6b51a9292b9409651b36d6d9aad7) Importer(2089858483,192608db42251d675da83286b1cce702) (ScriptedImporter) -> (artifact id: 'fea995f74b490a26acb2bb553b69ca94') in 0.0155789 seconds
Number of updated asset objects reloaded before import = 0Number of asset objects unloaded after import = 0

========================================================================
Received Import Request.
  Time since last request: 0.000027 seconds.
  path: Assets/Oculus/Interaction/Runtime/Scripts/Movements/AutoMoveTowardsTargetProvider.cs
  artifactKey: Guid(c4c6cba82e9f3c84f80041e0d2741ef6) Importer(2089858483,192608db42251d675da83286b1cce702)
Start importing Assets/Oculus/Interaction/Runtime/Scripts/Movements/AutoMoveTowardsTargetProvider.cs using Guid(c4c6cba82e9f3c84f80041e0d2741ef6) Importer(2089858483,192608db42251d675da83286b1cce702) (ScriptedImporter) -> (artifact id: '49fa9df4a08881d1212cf45b880aa0ec') in 0.0154075 seconds
Number of updated asset objects reloaded before import = 0Number of asset objects unloaded after import = 0

========================================================================
Received Import Request.
  Time since last request: 0.000013 seconds.
  path: Assets/Oculus/Interaction/Runtime/Scripts/PoseDetection/Sequence.cs
  artifactKey: Guid(7e7ab4178b1f98e40bc6baf2176709df) Importer(2089858483,192608db42251d675da83286b1cce702)
Start importing Assets/Oculus/Interaction/Runtime/Scripts/PoseDetection/Sequence.cs using Guid(7e7ab4178b1f98e40bc6baf2176709df) Importer(2089858483,192608db42251d675da83286b1cce702) (ScriptedImporter) -> (artifact id: '12e07c37f7aa29ccbd549a31e6b1c131') in 0.0149716 seconds
Number of updated asset objects reloaded before import = 0Number of asset objects unloaded after import = 0

========================================================================
Received Import Request.
  Time since last request: 0.000014 seconds.
  path: Assets/Oculus/Interaction/Samples/Audio/Content/Interaction_BasicRay_Release.wav
  artifactKey: Guid(2786b7a027507264ebaad5d1bf1cd1dd) Importer(2089858483,192608db42251d675da83286b1cce702)
Start importing Assets/Oculus/Interaction/Samples/Audio/Content/Interaction_BasicRay_Release.wav using Guid(2786b7a027507264ebaad5d1bf1cd1dd) Importer(2089858483,192608db42251d675da83286b1cce702) (ScriptedImporter) -> (artifact id: '898b761ab471ed3b87a0c3239864022a') in 0.0279799 seconds
Number of updated asset objects reloaded before import = 0Number of asset objects unloaded after import = 1

========================================================================
Received Import Request.
  Time since last request: 0.000012 seconds.
  path: Assets/Oculus/Interaction/Runtime/Scripts/Input/PoseOrigin.cs
  artifactKey: Guid(3dfaf230e6b59cf45ae73e7cb6b9f817) Importer(2089858483,192608db42251d675da83286b1cce702)
Start importing Assets/Oculus/Interaction/Runtime/Scripts/Input/PoseOrigin.cs using Guid(3dfaf230e6b59cf45ae73e7cb6b9f817) Importer(2089858483,192608db42251d675da83286b1cce702) (ScriptedImporter) -> (artifact id: 'c9f93fb1f289a91be31bc2c290c995bc') in 0.0154559 seconds
Number of updated asset objects reloaded before import = 0Number of asset objects unloaded after import = 0

========================================================================
Received Import Request.
  Time since last request: 0.000016 seconds.
  path: Assets/Oculus/Interaction/Samples/Audio/Content/Interaction_Object_Impact_01.wav
  artifactKey: Guid(f9d3d78b93262df46b15e931d171f693) Importer(2089858483,192608db42251d675da83286b1cce702)
Start importing Assets/Oculus/Interaction/Samples/Audio/Content/Interaction_Object_Impact_01.wav using Guid(f9d3d78b93262df46b15e931d171f693) Importer(2089858483,192608db42251d675da83286b1cce702) (ScriptedImporter) -> (artifact id: 'f5641a46a077dd1c57ae7e8d39f6a096') in 0.0266566 seconds
Number of updated asset objects reloaded before import = 0Number of asset objects unloaded after import = 1

========================================================================
Received Import Request.
  Time since last request: 0.000016 seconds.
  path: Assets/Oculus/Interaction/Samples/Audio/Prefabs/ComplexGrabBoxReleaseAudio.prefab
  artifactKey: Guid(942501ee80499174ab7ba1ca4e8de385) Importer(2089858483,192608db42251d675da83286b1cce702)
Start importing Assets/Oculus/Interaction/Samples/Audio/Prefabs/ComplexGrabBoxReleaseAudio.prefab using Guid(942501ee80499174ab7ba1ca4e8de385) Importer(2089858483,192608db42251d675da83286b1cce702) (ScriptedImporter) -> (artifact id: 'f8ebec66b927778dc24880090732f28b') in 0.0377594 seconds
Number of updated asset objects reloaded before import = 0Number of asset objects unloaded after import = 11

========================================================================
Received Import Request.
  Time since last request: 0.000024 seconds.
  path: Assets/Oculus/Interaction/Samples/Scripts/Locomotion/LocomotionTutorialTurnVisual.cs
  artifactKey: Guid(4c1459b1323037f40adf896ae60f0a57) Importer(2089858483,192608db42251d675da83286b1cce702)
Start importing Assets/Oculus/Interaction/Samples/Scripts/Locomotion/LocomotionTutorialTurnVisual.cs using Guid(4c1459b1323037f40adf896ae60f0a57) Importer(2089858483,192608db42251d675da83286b1cce702) (ScriptedImporter) -> (artifact id: '88bf3f44841149a2a6b7ed6867f227f2') in 0.0146618 seconds
Number of updated asset objects reloaded before import = 0Number of asset objects unloaded after import = 0

========================================================================
Received Import Request.
  Time since last request: 0.000047 seconds.
  path: Assets/Oculus/Platform/Samples/VrBoardGame/Scripts/PlatformManager.cs
  artifactKey: Guid(46b8fed8b150a8c4688eae89457bd466) Importer(2089858483,192608db42251d675da83286b1cce702)
Start importing Assets/Oculus/Platform/Samples/VrBoardGame/Scripts/PlatformManager.cs using Guid(46b8fed8b150a8c4688eae89457bd466) Importer(2089858483,192608db42251d675da83286b1cce702) (ScriptedImporter) -> (artifact id: '112388936f83e8f102948fc7b002b862') in 0.0116201 seconds
Number of updated asset objects reloaded before import = 0Number of asset objects unloaded after import = 0

========================================================================
Received Import Request.
  Time since last request: 0.000015 seconds.
  path: Assets/Oculus/Interaction/Samples/Scenes/Examples/SnapExamples.unity
  artifactKey: Guid(01ca63189b69e00488487d660224a315) Importer(2089858483,192608db42251d675da83286b1cce702)
Start importing Assets/Oculus/Interaction/Samples/Scenes/Examples/SnapExamples.unity using Guid(01ca63189b69e00488487d660224a315) Importer(2089858483,192608db42251d675da83286b1cce702) (ScriptedImporter) -> (artifact id: 'b6cdaa83e4f5727f771ff31c138f72f1') in 0.0306332 seconds
Number of updated asset objects reloaded before import = 0Number of asset objects unloaded after import = 1

========================================================================
Received Import Request.
  Time since last request: 0.000015 seconds.
  path: Assets/Oculus/SampleFramework/Core/CustomHands/Animations/r_hand_cap_touch_anim.fbx
  artifactKey: Guid(e20fcbe7f2c351b4096e9fc3f6a320ae) Importer(2089858483,192608db42251d675da83286b1cce702)
Start importing Assets/Oculus/SampleFramework/Core/CustomHands/Animations/r_hand_cap_touch_anim.fbx using Guid(e20fcbe7f2c351b4096e9fc3f6a320ae) Importer(2089858483,192608db42251d675da83286b1cce702) (ScriptedImporter) -> (artifact id: '23482863542f9d830ede60b0a13a3ed6') in 0.0210866 seconds
Number of updated asset objects reloaded before import = 0Number of asset objects unloaded after import = 55

========================================================================
Received Import Request.
  Time since last request: 0.000020 seconds.
  path: Assets/Oculus/SampleFramework/Core/CustomHands/Animations/l_hand_fist_anim.fbx
  artifactKey: Guid(7cb2e1480bb51ce4282f540ea3f41d4f) Importer(2089858483,192608db42251d675da83286b1cce702)
Start importing Assets/Oculus/SampleFramework/Core/CustomHands/Animations/l_hand_fist_anim.fbx using Guid(7cb2e1480bb51ce4282f540ea3f41d4f) Importer(2089858483,192608db42251d675da83286b1cce702) (ScriptedImporter) -> (artifact id: '4705ad397e1f9875d73103b87e213c6d') in 0.0225583 seconds
Number of updated asset objects reloaded before import = 0Number of asset objects unloaded after import = 55

========================================================================
Received Import Request.
  Time since last request: 0.000021 seconds.
  path: Assets/Oculus/Interaction/Samples/Audio/Prefabs/ObjectResizeUpAudio.prefab
  artifactKey: Guid(e35c14d64fd3af744baab6342ffa5d15) Importer(2089858483,192608db42251d675da83286b1cce702)
Start importing Assets/Oculus/Interaction/Samples/Audio/Prefabs/ObjectResizeUpAudio.prefab using Guid(e35c14d64fd3af744baab6342ffa5d15) Importer(2089858483,192608db42251d675da83286b1cce702) (ScriptedImporter) -> (artifact id: '663d4f49e5290d9bc7b3a9d24a834035') in 0.020644 seconds
Number of updated asset objects reloaded before import = 0Number of asset objects unloaded after import = 7

========================================================================
Received Import Request.
  Time since last request: 0.000024 seconds.
  path: Assets/Oculus/SampleFramework/Core/CustomHands/Animations/l_hand_cap_touch_thumb_mask_anim.fbx
  artifactKey: Guid(73af2d5eb4aa5f84c9489fec88acb742) Importer(2089858483,192608db42251d675da83286b1cce702)
Start importing Assets/Oculus/SampleFramework/Core/CustomHands/Animations/l_hand_cap_touch_thumb_mask_anim.fbx using Guid(73af2d5eb4aa5f84c9489fec88acb742) Importer(2089858483,192608db42251d675da83286b1cce702) (ScriptedImporter) -> (artifact id: 'ac61fbe59b2980fdce25196866bd380d') in 0.0211272 seconds
Number of updated asset objects reloaded before import = 0Number of asset objects unloaded after import = 55

========================================================================
Received Import Request.
  Time since last request: 0.000014 seconds.
  path: Assets/Oculus/Interaction/Samples/Scenes/Features/DebugBodyJoints.unity
  artifactKey: Guid(abd747a5d8c82d5439ad2453550edbaf) Importer(2089858483,192608db42251d675da83286b1cce702)
Start importing Assets/Oculus/Interaction/Samples/Scenes/Features/DebugBodyJoints.unity using Guid(abd747a5d8c82d5439ad2453550edbaf) Importer(2089858483,192608db42251d675da83286b1cce702) (ScriptedImporter) -> (artifact id: '8f1583ce25d485ba54dfa3e17bff7497') in 0.0154479 seconds
Number of updated asset objects reloaded before import = 0Number of asset objects unloaded after import = 1

========================================================================
Received Import Request.
  Time since last request: 0.000052 seconds.
  path: Assets/Oculus/Interaction/Samples/Audio/Prefabs/BasicPokeToyButtonReleaseAudio.prefab
  artifactKey: Guid(08eeff844ea75dc4192675890988e004) Importer(2089858483,192608db42251d675da83286b1cce702)
Start importing Assets/Oculus/Interaction/Samples/Audio/Prefabs/BasicPokeToyButtonReleaseAudio.prefab using Guid(08eeff844ea75dc4192675890988e004) Importer(2089858483,192608db42251d675da83286b1cce702) (ScriptedImporter) -> (artifact id: 'd6dd7e745c531a8c4b92ae98b7a900e1') in 0.0205979 seconds
Number of updated asset objects reloaded before import = 0Number of asset objects unloaded after import = 9

========================================================================
Received Import Request.
  Time since last request: 0.000035 seconds.
  path: Assets/Oculus/Platform/Samples/VrBoardGame/Scripts/GameController.cs
  artifactKey: Guid(e8e18544645909d4ca3288d03cc2bb95) Importer(2089858483,192608db42251d675da83286b1cce702)
Start importing Assets/Oculus/Platform/Samples/VrBoardGame/Scripts/GameController.cs using Guid(e8e18544645909d4ca3288d03cc2bb95) Importer(2089858483,192608db42251d675da83286b1cce702) (ScriptedImporter) -> (artifact id: 'f49072e05e481a4e6afb518149445fe3') in 0.0145921 seconds
Number of updated asset objects reloaded before import = 0Number of asset objects unloaded after import = 0

========================================================================
Received Import Request.
  Time since last request: 0.000012 seconds.
  path: Assets/Oculus/SampleFramework/Core/CustomHands/Materials/Hands_DiffBump.shader
  artifactKey: Guid(1fe91a423ce814160aefef165e8ea6e0) Importer(2089858483,192608db42251d675da83286b1cce702)
Start importing Assets/Oculus/SampleFramework/Core/CustomHands/Materials/Hands_DiffBump.shader using Guid(1fe91a423ce814160aefef165e8ea6e0) Importer(2089858483,192608db42251d675da83286b1cce702) (ScriptedImporter) -> (artifact id: '16403aa06129cbc2a5a3f49ae66ecdf9') in 0.0149548 seconds
Number of updated asset objects reloaded before import = 0Number of asset objects unloaded after import = 1

========================================================================
Received Import Request.
  Time since last request: 0.000017 seconds.
  path: Assets/Oculus/LipSync/Models/FemaleHead_Morph/Materials/eyelashes.mat
  artifactKey: Guid(e906d4c6bf3304d5dac06eee4fe24c54) Importer(2089858483,192608db42251d675da83286b1cce702)
Start importing Assets/Oculus/LipSync/Models/FemaleHead_Morph/Materials/eyelashes.mat using Guid(e906d4c6bf3304d5dac06eee4fe24c54) Importer(2089858483,192608db42251d675da83286b1cce702) (ScriptedImporter) -> (artifact id: '9e7874f030fad1312446692a64e139d5') in 0.0525737 seconds
Number of updated asset objects reloaded before import = 0Number of asset objects unloaded after import = 3

========================================================================
Received Import Request.
  Time since last request: 0.000031 seconds.
  path: Assets/Oculus/Interaction/Samples/Poses/Shapes/ThumbUp.asset
  artifactKey: Guid(b24bfe58d749d144d98a6d242b74fff2) Importer(2089858483,192608db42251d675da83286b1cce702)
Start importing Assets/Oculus/Interaction/Samples/Poses/Shapes/ThumbUp.asset using Guid(b24bfe58d749d144d98a6d242b74fff2) Importer(2089858483,192608db42251d675da83286b1cce702) (ScriptedImporter) -> (artifact id: '5493c46d2eb0b280fc2d2d3b93321daa') in 0.015078 seconds
Number of updated asset objects reloaded before import = 0Number of asset objects unloaded after import = 1

========================================================================
Received Import Request.
  Time since last request: 0.000015 seconds.
  path: Assets/Oculus/Platform/Samples/VrHoops/Scripts/AIPlayer.cs
  artifactKey: Guid(71702635af79217469ed41ba39db8d5a) Importer(2089858483,192608db42251d675da83286b1cce702)
Start importing Assets/Oculus/Platform/Samples/VrHoops/Scripts/AIPlayer.cs using Guid(71702635af79217469ed41ba39db8d5a) Importer(2089858483,192608db42251d675da83286b1cce702) (ScriptedImporter) -> (artifact id: '712f2db72c07666df31415e820c7ed4f') in 0.014055 seconds
Number of updated asset objects reloaded before import = 0Number of asset objects unloaded after import = 0

========================================================================
Received Import Request.
  Time since last request: 0.000014 seconds.
  path: Assets/Oculus/Platform/Samples/VrBoardGame/Scripts/IAPManager.cs
  artifactKey: Guid(3e54f4e408fb12842b72b24ac5dcbcf6) Importer(2089858483,192608db42251d675da83286b1cce702)
Start importing Assets/Oculus/Platform/Samples/VrBoardGame/Scripts/IAPManager.cs using Guid(3e54f4e408fb12842b72b24ac5dcbcf6) Importer(2089858483,192608db42251d675da83286b1cce702) (ScriptedImporter) -> (artifact id: 'dbc0f49ca7719e075446b4e41ce649a1') in 0.0119164 seconds
Number of updated asset objects reloaded before import = 0Number of asset objects unloaded after import = 0

========================================================================
Received Import Request.
  Time since last request: 0.000016 seconds.
  path: Assets/Oculus/Interaction/Samples/Textures/OCUIIconSet/OCUI_24_Filled_2x.png
  artifactKey: Guid(64f884351318b694f942625580e64a8b) Importer(2089858483,192608db42251d675da83286b1cce702)
Start importing Assets/Oculus/Interaction/Samples/Textures/OCUIIconSet/OCUI_24_Filled_2x.png using Guid(64f884351318b694f942625580e64a8b) Importer(2089858483,192608db42251d675da83286b1cce702) (ScriptedImporter) -> (artifact id: 'f4b38086b5aae7de3c798b0410648f22') in 0.466429 seconds
Number of updated asset objects reloaded before import = 0Number of asset objects unloaded after import = 371

========================================================================
Received Import Request.
  Time since last request: 0.000018 seconds.
  path: Assets/Oculus/Platform/Samples/VrHoops/Scripts/BallEjector.cs
  artifactKey: Guid(b4164fa75939f1e46a3e36dfbdc7f821) Importer(2089858483,192608db42251d675da83286b1cce702)
Start importing Assets/Oculus/Platform/Samples/VrHoops/Scripts/BallEjector.cs using Guid(b4164fa75939f1e46a3e36dfbdc7f821) Importer(2089858483,192608db42251d675da83286b1cce702) (ScriptedImporter) -> (artifact id: '1e31eeb7b6638333d66601d54cb05285') in 0.014337 seconds
Number of updated asset objects reloaded before import = 0Number of asset objects unloaded after import = 0

========================================================================
Received Import Request.
  Time since last request: 0.000024 seconds.
  path: Assets/Oculus/Interaction/Samples/Scripts/UseGrabPressure/PressureSquishable.cs
  artifactKey: Guid(54fded3df46624841b86fa6c09c95936) Importer(2089858483,192608db42251d675da83286b1cce702)
Start importing Assets/Oculus/Interaction/Samples/Scripts/UseGrabPressure/PressureSquishable.cs using Guid(54fded3df46624841b86fa6c09c95936) Importer(2089858483,192608db42251d675da83286b1cce702) (ScriptedImporter) -> (artifact id: '6290a24730621f99045f698054d83363') in 0.0176518 seconds
Number of updated asset objects reloaded before import = 0Number of asset objects unloaded after import = 0

========================================================================
Received Import Request.
  Time since last request: 0.000015 seconds.
  path: Assets/Oculus/Interaction/Samples/Scenes/Examples/RayExamples.unity
  artifactKey: Guid(1b2d3f90c0f50b94cb910c66c773d00d) Importer(2089858483,192608db42251d675da83286b1cce702)
Start importing Assets/Oculus/Interaction/Samples/Scenes/Examples/RayExamples.unity using Guid(1b2d3f90c0f50b94cb910c66c773d00d) Importer(2089858483,192608db42251d675da83286b1cce702) (ScriptedImporter) -> (artifact id: '0d8fdac5a35c0411bbc249a33ef27aec') in 0.0210105 seconds
Number of updated asset objects reloaded before import = 0Number of asset objects unloaded after import = 1

========================================================================
Received Import Request.
  Time since last request: 0.000019 seconds.
  path: Assets/Oculus/Platform/Samples/VrHoops/Scripts/FlyText.cs
  artifactKey: Guid(dc96f5380d7d743d9ae91f11379eb85b) Importer(2089858483,192608db42251d675da83286b1cce702)
Start importing Assets/Oculus/Platform/Samples/VrHoops/Scripts/FlyText.cs using Guid(dc96f5380d7d743d9ae91f11379eb85b) Importer(2089858483,192608db42251d675da83286b1cce702) (ScriptedImporter) -> (artifact id: '43054dd98135eeca38ae0aac6e21b279') in 0.0158078 seconds
Number of updated asset objects reloaded before import = 0Number of asset objects unloaded after import = 0

========================================================================
Received Import Request.
  Time since last request: 0.000017 seconds.
  path: Assets/Oculus/LipSync/Models/FemaleHead_Morph/Female.fbm/melinda_DIFF.png
  artifactKey: Guid(1a8724f1d20039d4e9d7a0ddf97dedca) Importer(2089858483,192608db42251d675da83286b1cce702)
Start importing Assets/Oculus/LipSync/Models/FemaleHead_Morph/Female.fbm/melinda_DIFF.png using Guid(1a8724f1d20039d4e9d7a0ddf97dedca) Importer(2089858483,192608db42251d675da83286b1cce702) (ScriptedImporter) -> (artifact id: '1a8df6d2b85c9bc120cfd71c3c977ccf') in 0.0210403 seconds
Number of updated asset objects reloaded before import = 0Number of asset objects unloaded after import = 1

========================================================================
Received Import Request.
  Time since last request: 0.000015 seconds.
  path: Assets/Oculus/Interaction/Samples/Poses/Shapes/FingersScissors.asset
  artifactKey: Guid(8c50ac09b966a6c41a742e54e91506c3) Importer(2089858483,192608db42251d675da83286b1cce702)
Start importing Assets/Oculus/Interaction/Samples/Poses/Shapes/FingersScissors.asset using Guid(8c50ac09b966a6c41a742e54e91506c3) Importer(2089858483,192608db42251d675da83286b1cce702) (ScriptedImporter) -> (artifact id: '1b77dc92a4db5adde4936db77e1cb368') in 0.0161773 seconds
Number of updated asset objects reloaded before import = 0Number of asset objects unloaded after import = 1

========================================================================
Received Import Request.
  Time since last request: 0.000015 seconds.
  path: Assets/Oculus/Platform/Samples/VrVoiceChat/Scripts/VREyeRaycaster.cs
  artifactKey: Guid(5a66c6bd0ba312c4b8c6fd2a08491521) Importer(2089858483,192608db42251d675da83286b1cce702)
Start importing Assets/Oculus/Platform/Samples/VrVoiceChat/Scripts/VREyeRaycaster.cs using Guid(5a66c6bd0ba312c4b8c6fd2a08491521) Importer(2089858483,192608db42251d675da83286b1cce702) (ScriptedImporter) -> (artifact id: '7c54c988306b7c9300239df3f5d2e63d') in 0.0145492 seconds
Number of updated asset objects reloaded before import = 0Number of asset objects unloaded after import = 0

========================================================================
Received Import Request.
  Time since last request: 0.000028 seconds.
  path: Assets/Oculus/Interaction/Samples/Audio/Prefabs/BasicPokeToyButtonPressAudio.prefab
  artifactKey: Guid(2c388bdb963a363418437ef4347b4522) Importer(2089858483,192608db42251d675da83286b1cce702)
Start importing Assets/Oculus/Interaction/Samples/Audio/Prefabs/BasicPokeToyButtonPressAudio.prefab using Guid(2c388bdb963a363418437ef4347b4522) Importer(2089858483,192608db42251d675da83286b1cce702) (ScriptedImporter) -> (artifact id: 'ab94694a68e5a8e30c75c7e0843c2ba4') in 0.0240044 seconds
Number of updated asset objects reloaded before import = 0Number of asset objects unloaded after import = 9

========================================================================
Received Import Request.
  Time since last request: 0.000020 seconds.
  path: Assets/Oculus/Interaction/Samples/Scripts/Locomotion/AdjustableAudio.cs
  artifactKey: Guid(c686f13208596eb4b8272d78e582aec9) Importer(2089858483,192608db42251d675da83286b1cce702)
Start importing Assets/Oculus/Interaction/Samples/Scripts/Locomotion/AdjustableAudio.cs using Guid(c686f13208596eb4b8272d78e582aec9) Importer(2089858483,192608db42251d675da83286b1cce702) (ScriptedImporter) -> (artifact id: '94b9624bbf894313191ed226bddcb758') in 0.0141752 seconds
Number of updated asset objects reloaded before import = 0Number of asset objects unloaded after import = 0

========================================================================
Received Import Request.
  Time since last request: 0.000024 seconds.
  path: Assets/Oculus/Interaction/Samples/Prefabs/HandPose/PaperPose.prefab
  artifactKey: Guid(6c55e6853bbc1a6488fad71f420edffa) Importer(2089858483,192608db42251d675da83286b1cce702)
Start importing Assets/Oculus/Interaction/Samples/Prefabs/HandPose/PaperPose.prefab using Guid(6c55e6853bbc1a6488fad71f420edffa) Importer(2089858483,192608db42251d675da83286b1cce702) (ScriptedImporter) -> (artifact id: 'ee920146e39890e5aef90cabfe0fb3aa') in 0.0249403 seconds
Number of updated asset objects reloaded before import = 0Number of asset objects unloaded after import = 13

========================================================================
Received Import Request.
  Time since last request: 0.000021 seconds.
  path: Assets/Oculus/Interaction/Samples/Scripts/PalmMenu/DominantHandGameObjectFilter.cs
  artifactKey: Guid(7f87c900294bbee44b7f74920f84bb29) Importer(2089858483,192608db42251d675da83286b1cce702)
Start importing Assets/Oculus/Interaction/Samples/Scripts/PalmMenu/DominantHandGameObjectFilter.cs using Guid(7f87c900294bbee44b7f74920f84bb29) Importer(2089858483,192608db42251d675da83286b1cce702) (ScriptedImporter) -> (artifact id: '8a375db12f9444e159782064aa379245') in 0.0158848 seconds
Number of updated asset objects reloaded before import = 0Number of asset objects unloaded after import = 0

========================================================================
Received Import Request.
  Time since last request: 0.000015 seconds.
  path: Assets/Oculus/Interaction/Samples/Audio/Prefabs/PoseDetectionRockAudio.prefab
  artifactKey: Guid(888b294c3b3fba740abcb51ad7388e9d) Importer(2089858483,192608db42251d675da83286b1cce702)
Start importing Assets/Oculus/Interaction/Samples/Audio/Prefabs/PoseDetectionRockAudio.prefab using Guid(888b294c3b3fba740abcb51ad7388e9d) Importer(2089858483,192608db42251d675da83286b1cce702) (ScriptedImporter) -> (artifact id: '62cdc1922abc95a99f886033749ccbfe') in 0.0246646 seconds
Number of updated asset objects reloaded before import = 0Number of asset objects unloaded after import = 9

========================================================================
Received Import Request.
  Time since last request: 0.000016 seconds.
  path: Assets/Oculus/Interaction/Samples/Scripts/PalmMenu/PalmMenuExample.cs
  artifactKey: Guid(c8ecef668d3a67a469961fc24349d6df) Importer(2089858483,192608db42251d675da83286b1cce702)
Start importing Assets/Oculus/Interaction/Samples/Scripts/PalmMenu/PalmMenuExample.cs using Guid(c8ecef668d3a67a469961fc24349d6df) Importer(2089858483,192608db42251d675da83286b1cce702) (ScriptedImporter) -> (artifact id: '7d6713a058542ecbdb83148426659a53') in 0.0144279 seconds
Number of updated asset objects reloaded before import = 0Number of asset objects unloaded after import = 0

========================================================================
Received Import Request.
  Time since last request: 0.000025 seconds.
  path: Assets/Oculus/Interaction/Samples/Prefabs/HandPose/StopPose.prefab
  artifactKey: Guid(0e1b2ff3bedb5c0498180178216f13d0) Importer(2089858483,192608db42251d675da83286b1cce702)
Start importing Assets/Oculus/Interaction/Samples/Prefabs/HandPose/StopPose.prefab using Guid(0e1b2ff3bedb5c0498180178216f13d0) Importer(2089858483,192608db42251d675da83286b1cce702) (ScriptedImporter) -> (artifact id: '2452ad9cec2944b98eada6cf61d12392') in 0.0250976 seconds
Number of updated asset objects reloaded before import = 0Number of asset objects unloaded after import = 20

========================================================================
Received Import Request.
  Time since last request: 0.000016 seconds.
  path: Assets/Oculus/Interaction/Samples/Scenes/Features/TouchHandGrab.unity
  artifactKey: Guid(be6ac2db53044a540a337805c97f39df) Importer(2089858483,192608db42251d675da83286b1cce702)
Start importing Assets/Oculus/Interaction/Samples/Scenes/Features/TouchHandGrab.unity using Guid(be6ac2db53044a540a337805c97f39df) Importer(2089858483,192608db42251d675da83286b1cce702) (ScriptedImporter) -> (artifact id: '309bc05dcee0a8cf4092af2838cc8ee4') in 0.0189107 seconds
Number of updated asset objects reloaded before import = 0Number of asset objects unloaded after import = 1

========================================================================
Received Import Request.
  Time since last request: 0.000015 seconds.
  path: Assets/Oculus/Platform/Samples/VrHoops/Scripts/Camera2DController.cs
  artifactKey: Guid(7ebf96caaf397684b86c4ff4d566798f) Importer(2089858483,192608db42251d675da83286b1cce702)
Start importing Assets/Oculus/Platform/Samples/VrHoops/Scripts/Camera2DController.cs using Guid(7ebf96caaf397684b86c4ff4d566798f) Importer(2089858483,192608db42251d675da83286b1cce702) (ScriptedImporter) -> (artifact id: '29f0f02bfbfd63cc17a2bff9471307d5') in 0.0141424 seconds
Number of updated asset objects reloaded before import = 0Number of asset objects unloaded after import = 0

========================================================================
Received Import Request.
  Time since last request: 0.000015 seconds.
  path: Assets/Oculus/Interaction/Samples/Scenes/Examples/TransformerExamples.unity
  artifactKey: Guid(7475942f60c376744ba1ec487d140105) Importer(2089858483,192608db42251d675da83286b1cce702)
Start importing Assets/Oculus/Interaction/Samples/Scenes/Examples/TransformerExamples.unity using Guid(7475942f60c376744ba1ec487d140105) Importer(2089858483,192608db42251d675da83286b1cce702) (ScriptedImporter) -> (artifact id: '4148a8854aae31ccd322cab411ec9bdf') in 0.0188806 seconds
Number of updated asset objects reloaded before import = 0Number of asset objects unloaded after import = 1

========================================================================
Received Import Request.
  Time since last request: 0.000015 seconds.
  path: Assets/Oculus/SampleFramework/Core/CustomHands/Animations/l_hand_hold_billiard_ball_anim.fbx
  artifactKey: Guid(bca4c48c730914fff8cceefbcaa0c11f) Importer(2089858483,192608db42251d675da83286b1cce702)
Start importing Assets/Oculus/SampleFramework/Core/CustomHands/Animations/l_hand_hold_billiard_ball_anim.fbx using Guid(bca4c48c730914fff8cceefbcaa0c11f) Importer(2089858483,192608db42251d675da83286b1cce702) (ScriptedImporter) -> (artifact id: '1b5b96dd7feac60668337ccdb6250f93') in 0.0188742 seconds
Number of updated asset objects reloaded before import = 0Number of asset objects unloaded after import = 57

========================================================================
Received Import Request.
  Time since last request: 0.000018 seconds.
  path: Assets/Oculus/Platform/Samples/ReportingCallbackSample/Scripts/ReportingCallbackSample.cs
  artifactKey: Guid(9624dfcd1f9ea4397bc9a264da738b61) Importer(2089858483,192608db42251d675da83286b1cce702)
Start importing Assets/Oculus/Platform/Samples/ReportingCallbackSample/Scripts/ReportingCallbackSample.cs using Guid(9624dfcd1f9ea4397bc9a264da738b61) Importer(2089858483,192608db42251d675da83286b1cce702) (ScriptedImporter) -> (artifact id: '5a4bbec2f32a3aacb7f623dc0ff71d1a') in 0.0167036 seconds
Number of updated asset objects reloaded before import = 0Number of asset objects unloaded after import = 0

========================================================================
Received Import Request.
  Time since last request: 0.000030 seconds.
  path: Assets/Oculus/Platform/Samples/VrVoiceChat/Scripts/PlatformManager.cs
  artifactKey: Guid(ffdbd4c8c89d94aae95321b8d5850c7a) Importer(2089858483,192608db42251d675da83286b1cce702)
Start importing Assets/Oculus/Platform/Samples/VrVoiceChat/Scripts/PlatformManager.cs using Guid(ffdbd4c8c89d94aae95321b8d5850c7a) Importer(2089858483,192608db42251d675da83286b1cce702) (ScriptedImporter) -> (artifact id: '58e09e75adf8d300d6df4418b6a5722c') in 0.0172487 seconds
Number of updated asset objects reloaded before import = 0Number of asset objects unloaded after import = 0

========================================================================
Received Import Request.
  Time since last request: 0.000015 seconds.
  path: Assets/Oculus/Interaction/Samples/Objects/Props/SampleCanvas.prefab
  artifactKey: Guid(a9cf11e13b54579409527dfbfd718499) Importer(2089858483,192608db42251d675da83286b1cce702)
Start importing Assets/Oculus/Interaction/Samples/Objects/Props/SampleCanvas.prefab using Guid(a9cf11e13b54579409527dfbfd718499) Importer(2089858483,192608db42251d675da83286b1cce702) (ScriptedImporter) -> (artifact id: '737b797472c9fc19c7e5646ba112cbcb') in 0.0291003 seconds
Number of updated asset objects reloaded before import = 0Number of asset objects unloaded after import = 125

========================================================================
Received Import Request.
  Time since last request: 0.000014 seconds.
  path: Assets/Oculus/Interaction/Samples/Audio/Content/Interaction_PoseDetection_Stop_03.wav
  artifactKey: Guid(05069c5421bd2de43aaae9a9d2df1099) Importer(2089858483,192608db42251d675da83286b1cce702)
Start importing Assets/Oculus/Interaction/Samples/Audio/Content/Interaction_PoseDetection_Stop_03.wav using Guid(05069c5421bd2de43aaae9a9d2df1099) Importer(2089858483,192608db42251d675da83286b1cce702) (ScriptedImporter) -> (artifact id: 'f69828b66119a81587bcc70e3df7b379') in 0.0232441 seconds
Number of updated asset objects reloaded before import = 0Number of asset objects unloaded after import = 1

========================================================================
Received Import Request.
  Time since last request: 0.000015 seconds.
  path: Assets/Oculus/Platform/Samples/VrVoiceChat/Scripts/RoomManager.cs
  artifactKey: Guid(ea89826bdbe52462fb0102692abb3032) Importer(2089858483,192608db42251d675da83286b1cce702)
Start importing Assets/Oculus/Platform/Samples/VrVoiceChat/Scripts/RoomManager.cs using Guid(ea89826bdbe52462fb0102692abb3032) Importer(2089858483,192608db42251d675da83286b1cce702) (ScriptedImporter) -> (artifact id: '14177ddafe14b217270366c4b966e8dd') in 0.0136264 seconds
Number of updated asset objects reloaded before import = 0Number of asset objects unloaded after import = 0

========================================================================
Received Import Request.
  Time since last request: 0.000044 seconds.
  path: Assets/Oculus/Interaction/Samples/Audio/Prefabs/ObjectReappearAudio.prefab
  artifactKey: Guid(a067db1b6411ce944a12ad8815474543) Importer(2089858483,192608db42251d675da83286b1cce702)
Start importing Assets/Oculus/Interaction/Samples/Audio/Prefabs/ObjectReappearAudio.prefab using Guid(a067db1b6411ce944a12ad8815474543) Importer(2089858483,192608db42251d675da83286b1cce702) (ScriptedImporter) -> (artifact id: 'ed599a0db03e0994273a2831072668b1') in 0.0190231 seconds
Number of updated asset objects reloaded before import = 0Number of asset objects unloaded after import = 7

========================================================================
Received Import Request.
  Time since last request: 0.000021 seconds.
  path: Assets/Oculus/Interaction/Samples/Audio/Content/Interaction_Object_Impact_10.wav
  artifactKey: Guid(f454930b04fc250499041f61ada9e39f) Importer(2089858483,192608db42251d675da83286b1cce702)
Start importing Assets/Oculus/Interaction/Samples/Audio/Content/Interaction_Object_Impact_10.wav using Guid(f454930b04fc250499041f61ada9e39f) Importer(2089858483,192608db42251d675da83286b1cce702) (ScriptedImporter) -> (artifact id: 'aeeef09cdec545d4832edb2d983f65f6') in 0.0225608 seconds
Number of updated asset objects reloaded before import = 0Number of asset objects unloaded after import = 1

========================================================================
Received Import Request.
  Time since last request: 0.000027 seconds.
  path: Assets/Oculus/Interaction/Samples/Audio/Prefabs/BasicRayPressAudio.prefab
  artifactKey: Guid(0212822be96f68142aafa96fbc13bec0) Importer(2089858483,192608db42251d675da83286b1cce702)
Start importing Assets/Oculus/Interaction/Samples/Audio/Prefabs/BasicRayPressAudio.prefab using Guid(0212822be96f68142aafa96fbc13bec0) Importer(2089858483,192608db42251d675da83286b1cce702) (ScriptedImporter) -> (artifact id: '5a9e0143cdffe0a91e0d61fe2de27d66') in 0.0196848 seconds
Number of updated asset objects reloaded before import = 0Number of asset objects unloaded after import = 7

========================================================================
Received Import Request.
  Time since last request: 0.000013 seconds.
  path: Assets/Oculus/Interaction/Runtime/Animations/Hands/thumbMask_r_.anim
  artifactKey: Guid(b2d37b44e3ecc304f931c7d0b08304a5) Importer(2089858483,192608db42251d675da83286b1cce702)
Start importing Assets/Oculus/Interaction/Runtime/Animations/Hands/thumbMask_r_.anim using Guid(b2d37b44e3ecc304f931c7d0b08304a5) Importer(2089858483,192608db42251d675da83286b1cce702) (ScriptedImporter) -> (artifact id: '86663338baabdf91dd18e6892f361c87') in 0.0173612 seconds
Number of updated asset objects reloaded before import = 0Number of asset objects unloaded after import = 1

========================================================================
Received Import Request.
  Time since last request: 0.000018 seconds.
  path: Assets/Oculus/Interaction/Runtime/Scripts/Collisions/ClosestPointToColliders.cs
  artifactKey: Guid(bd30b3e03b097864ba1f2119b21e222e) Importer(2089858483,192608db42251d675da83286b1cce702)
Start importing Assets/Oculus/Interaction/Runtime/Scripts/Collisions/ClosestPointToColliders.cs using Guid(bd30b3e03b097864ba1f2119b21e222e) Importer(2089858483,192608db42251d675da83286b1cce702) (ScriptedImporter) -> (artifact id: '44e63e44e8ce81f4b38b1c229f31c93e') in 0.0164074 seconds
Number of updated asset objects reloaded before import = 0Number of asset objects unloaded after import = 0

========================================================================
Received Import Request.
  Time since last request: 0.000016 seconds.
  path: Assets/Oculus/Interaction/Samples/Audio/Content/Interaction_BasicPoke_Keypad_01.wav
  artifactKey: Guid(b684caa52b59fdf4a8b0b0436f92268a) Importer(2089858483,192608db42251d675da83286b1cce702)
Start importing Assets/Oculus/Interaction/Samples/Audio/Content/Interaction_BasicPoke_Keypad_01.wav using Guid(b684caa52b59fdf4a8b0b0436f92268a) Importer(2089858483,192608db42251d675da83286b1cce702) (ScriptedImporter) -> (artifact id: 'e6ef4705b78160c5dbf46f810bbbff7c') in 0.0238652 seconds
Number of updated asset objects reloaded before import = 0Number of asset objects unloaded after import = 1

========================================================================
Received Import Request.
  Time since last request: 0.000014 seconds.
  path: Assets/Oculus/Interaction/Samples/Audio/Prefabs/PoseDetectionThumbsUpAudio.prefab
  artifactKey: Guid(e41dda0e6564ae74f8d1d1e1a555975b) Importer(2089858483,192608db42251d675da83286b1cce702)
Start importing Assets/Oculus/Interaction/Samples/Audio/Prefabs/PoseDetectionThumbsUpAudio.prefab using Guid(e41dda0e6564ae74f8d1d1e1a555975b) Importer(2089858483,192608db42251d675da83286b1cce702) (ScriptedImporter) -> (artifact id: '3cffafd4b970c9f457b51c560902c560') in 0.0225198 seconds
Number of updated asset objects reloaded before import = 0Number of asset objects unloaded after import = 9

========================================================================
Received Import Request.
  Time since last request: 0.000025 seconds.
  path: Assets/Oculus/SampleFramework/Core/DebugUI/Textures/radio_off.png
  artifactKey: Guid(9a7a1aee5662d8e439db9465d2c3e3fe) Importer(2089858483,192608db42251d675da83286b1cce702)
Start importing Assets/Oculus/SampleFramework/Core/DebugUI/Textures/radio_off.png using Guid(9a7a1aee5662d8e439db9465d2c3e3fe) Importer(2089858483,192608db42251d675da83286b1cce702) (ScriptedImporter) -> (artifact id: '71ddb44e780fe7318d219d77810a6946') in 0.0210732 seconds
Number of updated asset objects reloaded before import = 0Number of asset objects unloaded after import = 3

========================================================================
Received Import Request.
  Time since last request: 0.000027 seconds.
  path: Assets/Oculus/SampleFramework/Core/DistanceGrab/Scripts/ColorGrabbable.cs
  artifactKey: Guid(1c470fb7e491d744eb9c02e6920182d4) Importer(2089858483,192608db42251d675da83286b1cce702)
Start importing Assets/Oculus/SampleFramework/Core/DistanceGrab/Scripts/ColorGrabbable.cs using Guid(1c470fb7e491d744eb9c02e6920182d4) Importer(2089858483,192608db42251d675da83286b1cce702) (ScriptedImporter) -> (artifact id: '6150c741404f7861d11924343ab6032b') in 0.0131257 seconds
Number of updated asset objects reloaded before import = 0Number of asset objects unloaded after import = 0

========================================================================
Received Import Request.
  Time since last request: 0.000033 seconds.
  path: Assets/Oculus/SampleFramework/Core/TouchControllers/Animations/l_controller_grip_button_anim.fbx
  artifactKey: Guid(11c5fdfc76258564e8e9e635d76d99b1) Importer(2089858483,192608db42251d675da83286b1cce702)
Start importing Assets/Oculus/SampleFramework/Core/TouchControllers/Animations/l_controller_grip_button_anim.fbx using Guid(11c5fdfc76258564e8e9e635d76d99b1) Importer(2089858483,192608db42251d675da83286b1cce702) (ScriptedImporter) -> (artifact id: 'd8f8610c13b4af499e5786645bfa01f2') in 0.0202316 seconds
Number of updated asset objects reloaded before import = 0Number of asset objects unloaded after import = 22

========================================================================
Received Import Request.
  Time since last request: 0.000016 seconds.
  path: Assets/Oculus/SampleFramework/Core/Locomotion/Scripts/SimpleCapsuleWithStickMovement.cs
  artifactKey: Guid(847d8b0d968d4a14c89d7508f54c0db7) Importer(2089858483,192608db42251d675da83286b1cce702)
Start importing Assets/Oculus/SampleFramework/Core/Locomotion/Scripts/SimpleCapsuleWithStickMovement.cs using Guid(847d8b0d968d4a14c89d7508f54c0db7) Importer(2089858483,192608db42251d675da83286b1cce702) (ScriptedImporter) -> (artifact id: 'e8762e57d7431229f96b760ccf1cfcf6') in 0.0151406 seconds
Number of updated asset objects reloaded before import = 0Number of asset objects unloaded after import = 0

========================================================================
Received Import Request.
  Time since last request: 0.000035 seconds.
  path: Assets/Oculus/SampleFramework/Core/Locomotion/Materials/ColumnGlow.mat
  artifactKey: Guid(5e53c7a8c2e563c4c90a8fa620eebc2c) Importer(2089858483,192608db42251d675da83286b1cce702)
Start importing Assets/Oculus/SampleFramework/Core/Locomotion/Materials/ColumnGlow.mat using Guid(5e53c7a8c2e563c4c90a8fa620eebc2c) Importer(2089858483,192608db42251d675da83286b1cce702) (ScriptedImporter) -> (artifact id: '146d1c37a9e8cb443fd2f275e9974ffb') in 0.0180339 seconds
Number of updated asset objects reloaded before import = 0Number of asset objects unloaded after import = 1

========================================================================
Received Import Request.
  Time since last request: 0.000014 seconds.
  path: Assets/Oculus/SampleFramework/Core/DebugUI/Textures/radio_PSD.psd
  artifactKey: Guid(e18f01d9439b38045b70e908d6f06d82) Importer(2089858483,192608db42251d675da83286b1cce702)
Start importing Assets/Oculus/SampleFramework/Core/DebugUI/Textures/radio_PSD.psd using Guid(e18f01d9439b38045b70e908d6f06d82) Importer(2089858483,192608db42251d675da83286b1cce702) (ScriptedImporter) -> (artifact id: 'a7f80f7a64ad2bcf81dc8f6d1246bc12') in 0.0259629 seconds
Number of updated asset objects reloaded before import = 0Number of asset objects unloaded after import = 1

========================================================================
Received Import Request.
  Time since last request: 0.000025 seconds.
  path: Assets/Oculus/SampleFramework/Core/TouchControllers/Animations/r_controller_trigger_pull_anim.fbx
  artifactKey: Guid(5faf591de3a357443b21365d82dff689) Importer(2089858483,192608db42251d675da83286b1cce702)
Start importing Assets/Oculus/SampleFramework/Core/TouchControllers/Animations/r_controller_trigger_pull_anim.fbx using Guid(5faf591de3a357443b21365d82dff689) Importer(2089858483,192608db42251d675da83286b1cce702) (ScriptedImporter) -> (artifact id: '22f6e00c4665fb5ea2b97389040d5fd4') in 0.0223707 seconds
Number of updated asset objects reloaded before import = 0Number of asset objects unloaded after import = 22

========================================================================
Received Import Request.
  Time since last request: 0.000059 seconds.
  path: Assets/Oculus/SampleFramework/Core/Locomotion/Scripts/TeleportOrientationHandlerThumbstick.cs
  artifactKey: Guid(2bb0f5a590bee8641b2298ad4ad21c1c) Importer(2089858483,192608db42251d675da83286b1cce702)
Start importing Assets/Oculus/SampleFramework/Core/Locomotion/Scripts/TeleportOrientationHandlerThumbstick.cs using Guid(2bb0f5a590bee8641b2298ad4ad21c1c) Importer(2089858483,192608db42251d675da83286b1cce702) (ScriptedImporter) -> (artifact id: '6c5e76257e005ec803c4d798d8e8e9c1') in 0.0148248 seconds
Number of updated asset objects reloaded before import = 0Number of asset objects unloaded after import = 0

========================================================================
Received Import Request.
  Time since last request: 0.000020 seconds.
  path: Assets/Oculus/SampleFramework/Core/TouchControllers/Animations/l_controller_neutral_grip_button_mask_anim.fbx
  artifactKey: Guid(4961dc65df2786046be6f0e39b28da7e) Importer(2089858483,192608db42251d675da83286b1cce702)
Start importing Assets/Oculus/SampleFramework/Core/TouchControllers/Animations/l_controller_neutral_grip_button_mask_anim.fbx using Guid(4961dc65df2786046be6f0e39b28da7e) Importer(2089858483,192608db42251d675da83286b1cce702) (ScriptedImporter) -> (artifact id: '9f92f6be47b05fb2306a2f5fad54a4a9') in 0.0227541 seconds
Number of updated asset objects reloaded before import = 0Number of asset objects unloaded after import = 22

========================================================================
Received Import Request.
  Time since last request: 0.000028 seconds.
  path: Assets/Oculus/SampleFramework/Core/TouchControllers/Animations/l_controller_joy_NW_anim.fbx
  artifactKey: Guid(6d531050a1c3232488732b68dad24643) Importer(2089858483,192608db42251d675da83286b1cce702)
Start importing Assets/Oculus/SampleFramework/Core/TouchControllers/Animations/l_controller_joy_NW_anim.fbx using Guid(6d531050a1c3232488732b68dad24643) Importer(2089858483,192608db42251d675da83286b1cce702) (ScriptedImporter) -> (artifact id: 'd6d3865aec2844ffecf4bfa231ce73d4') in 0.0213181 seconds
Number of updated asset objects reloaded before import = 0Number of asset objects unloaded after import = 22

========================================================================
Received Import Request.
  Time since last request: 0.000016 seconds.
  path: Assets/Oculus/SampleFramework/Core/Locomotion/Scripts/TeleportInputHandlerHMD.cs
  artifactKey: Guid(810484434e07d83468e261ce07d92106) Importer(2089858483,192608db42251d675da83286b1cce702)
Start importing Assets/Oculus/SampleFramework/Core/Locomotion/Scripts/TeleportInputHandlerHMD.cs using Guid(810484434e07d83468e261ce07d92106) Importer(2089858483,192608db42251d675da83286b1cce702) (ScriptedImporter) -> (artifact id: '3798e849af034d337e0460aa8e7d0710') in 0.0162565 seconds
Number of updated asset objects reloaded before import = 0Number of asset objects unloaded after import = 0

========================================================================
Received Import Request.
  Time since last request: 0.000049 seconds.
  path: Assets/Oculus/SampleFramework/Core/TouchControllers/Animations/r_controller_joy_S_anim.fbx
  artifactKey: Guid(b86d0f11b32f9e44ab4211604fda16a5) Importer(2089858483,192608db42251d675da83286b1cce702)
Start importing Assets/Oculus/SampleFramework/Core/TouchControllers/Animations/r_controller_joy_S_anim.fbx using Guid(b86d0f11b32f9e44ab4211604fda16a5) Importer(2089858483,192608db42251d675da83286b1cce702) (ScriptedImporter) -> (artifact id: 'e13f035b2a84fc2032e5fcb5c5307970') in 0.0220559 seconds
Number of updated asset objects reloaded before import = 0Number of asset objects unloaded after import = 22

========================================================================
Received Import Request.
  Time since last request: 0.000092 seconds.
  path: Assets/Oculus/SampleFramework/Core/TouchControllers/Animations/r_controller_joy_NW_anim.fbx
  artifactKey: Guid(7cfa2096bbea1744884339f2cdca3788) Importer(2089858483,192608db42251d675da83286b1cce702)
Start importing Assets/Oculus/SampleFramework/Core/TouchControllers/Animations/r_controller_joy_NW_anim.fbx using Guid(7cfa2096bbea1744884339f2cdca3788) Importer(2089858483,192608db42251d675da83286b1cce702) (ScriptedImporter) -> (artifact id: '1213e4f12dd3f9d1ccc11602a265a725') in 0.0288053 seconds
Number of updated asset objects reloaded before import = 0Number of asset objects unloaded after import = 22

========================================================================
Received Import Request.
  Time since last request: 0.000018 seconds.
  path: Assets/Oculus/SampleFramework/Core/TouchControllers/Materials/L_controller_gloss_MAT.mat
  artifactKey: Guid(165c00e6a6441ba4c928870ca72b6395) Importer(2089858483,192608db42251d675da83286b1cce702)
Start importing Assets/Oculus/SampleFramework/Core/TouchControllers/Materials/L_controller_gloss_MAT.mat using Guid(165c00e6a6441ba4c928870ca72b6395) Importer(2089858483,192608db42251d675da83286b1cce702) (ScriptedImporter) -> (artifact id: '5b43ce10d8e7ed88b9b31abf1c55c0a6') in 0.0213822 seconds
Number of updated asset objects reloaded before import = 0Number of asset objects unloaded after import = 2

========================================================================
Received Import Request.
  Time since last request: 0.000019 seconds.
  path: Assets/Oculus/SampleFramework/Core/Video/Editor/MediaPlayerImageEditor.cs
  artifactKey: Guid(8782cb0bdeb9f2843bc9d9b19ed4d05a) Importer(2089858483,192608db42251d675da83286b1cce702)
Start importing Assets/Oculus/SampleFramework/Core/Video/Editor/MediaPlayerImageEditor.cs using Guid(8782cb0bdeb9f2843bc9d9b19ed4d05a) Importer(2089858483,192608db42251d675da83286b1cce702) (ScriptedImporter) -> (artifact id: '074861d0a6cae7513da23b6e72a184b3') in 0.0212258 seconds
Number of updated asset objects reloaded before import = 0Number of asset objects unloaded after import = 0

========================================================================
Received Import Request.
  Time since last request: 0.000021 seconds.
  path: Assets/Oculus/SampleFramework/Usage/DistanceGrab/Materials/SoccerWhiteWithOutline.mat
  artifactKey: Guid(1b2c77624612445c59f6e3ed3e4c9638) Importer(2089858483,192608db42251d675da83286b1cce702)
Start importing Assets/Oculus/SampleFramework/Usage/DistanceGrab/Materials/SoccerWhiteWithOutline.mat using Guid(1b2c77624612445c59f6e3ed3e4c9638) Importer(2089858483,192608db42251d675da83286b1cce702) (ScriptedImporter) -> (artifact id: '3e02519da52c1e3141006e323f7332ae') in 0.0185054 seconds
Number of updated asset objects reloaded before import = 0Number of asset objects unloaded after import = 2

========================================================================
Received Import Request.
  Time since last request: 0.000024 seconds.
  path: Assets/Oculus/SampleFramework/Core/DebugUI/Textures/radio_on.png
  artifactKey: Guid(5aeca7df47eecc94bb7fbb5d79cf2036) Importer(2089858483,192608db42251d675da83286b1cce702)
Start importing Assets/Oculus/SampleFramework/Core/DebugUI/Textures/radio_on.png using Guid(5aeca7df47eecc94bb7fbb5d79cf2036) Importer(2089858483,192608db42251d675da83286b1cce702) (ScriptedImporter) -> (artifact id: '371d7804e23af16e8ad5b99f97e006a4') in 0.0266446 seconds
Number of updated asset objects reloaded before import = 0Number of asset objects unloaded after import = 3

========================================================================
Received Import Request.
  Time since last request: 0.000063 seconds.
  path: Assets/Oculus/SampleFramework/Core/TouchControllers/Animations/l_controller_neutral_anim.fbx
  artifactKey: Guid(1bbe91ce7bea2ba4ea9a1d8e71dccffc) Importer(2089858483,192608db42251d675da83286b1cce702)
Start importing Assets/Oculus/SampleFramework/Core/TouchControllers/Animations/l_controller_neutral_anim.fbx using Guid(1bbe91ce7bea2ba4ea9a1d8e71dccffc) Importer(2089858483,192608db42251d675da83286b1cce702) (ScriptedImporter) -> (artifact id: 'c0814bbecc4177fd407c7f14c72915f8') in 0.0232441 seconds
Number of updated asset objects reloaded before import = 0Number of asset objects unloaded after import = 22

========================================================================
Received Import Request.
  Time since last request: 0.000020 seconds.
  path: Assets/Oculus/SampleFramework/Core/TouchControllers/Animations/l_controller_joy_SE_anim.fbx
  artifactKey: Guid(983c3f6cea2a3ea4fad3e697bea1746f) Importer(2089858483,192608db42251d675da83286b1cce702)
Start importing Assets/Oculus/SampleFramework/Core/TouchControllers/Animations/l_controller_joy_SE_anim.fbx using Guid(983c3f6cea2a3ea4fad3e697bea1746f) Importer(2089858483,192608db42251d675da83286b1cce702) (ScriptedImporter) -> (artifact id: '1e621db16d82caaa7f5871161828c32a') in 0.0224988 seconds
Number of updated asset objects reloaded before import = 0Number of asset objects unloaded after import = 22

========================================================================
Received Import Request.
  Time since last request: 0.000019 seconds.
  path: Assets/Oculus/SampleFramework/Core/DebugUI/Prefabs/DebugUITestCanvas.prefab
  artifactKey: Guid(fd91514fcd2ef484c8fbdbb2e2b504c0) Importer(2089858483,192608db42251d675da83286b1cce702)
Start importing Assets/Oculus/SampleFramework/Core/DebugUI/Prefabs/DebugUITestCanvas.prefab using Guid(fd91514fcd2ef484c8fbdbb2e2b504c0) Importer(2089858483,192608db42251d675da83286b1cce702) (ScriptedImporter) -> (artifact id: '8337f9a529416b1a4cc7e57c50898eee') in 0.0610314 seconds
Number of updated asset objects reloaded before import = 0Number of asset objects unloaded after import = 126

========================================================================
Received Import Request.
  Time since last request: 0.000048 seconds.
  path: Assets/Oculus/SampleFramework/Core/TouchControllers/Animations/l_controller_neutral_button03_mask_anim.fbx
  artifactKey: Guid(0a0d4a0431d8f1247b902263d54324d6) Importer(2089858483,192608db42251d675da83286b1cce702)
Start importing Assets/Oculus/SampleFramework/Core/TouchControllers/Animations/l_controller_neutral_button03_mask_anim.fbx using Guid(0a0d4a0431d8f1247b902263d54324d6) Importer(2089858483,192608db42251d675da83286b1cce702) (ScriptedImporter) -> (artifact id: 'e3e3455f81158b0d557a5bead1599542') in 0.0247691 seconds
Number of updated asset objects reloaded before import = 0Number of asset objects unloaded after import = 23

========================================================================
Received Import Request.
  Time since last request: 0.000026 seconds.
  path: Assets/Oculus/SampleFramework/Core/HandsInteraction/Materials/SystemGestureSkeletonBoneMaterial.mat
  artifactKey: Guid(a3aacb3bb3e11b948899db3fbefc6fe1) Importer(2089858483,192608db42251d675da83286b1cce702)
Start importing Assets/Oculus/SampleFramework/Core/HandsInteraction/Materials/SystemGestureSkeletonBoneMaterial.mat using Guid(a3aacb3bb3e11b948899db3fbefc6fe1) Importer(2089858483,192608db42251d675da83286b1cce702) (ScriptedImporter) -> (artifact id: 'be43e0e07f428ee28a0b2d43c246645b') in 0.0168341 seconds
Number of updated asset objects reloaded before import = 0Number of asset objects unloaded after import = 1

========================================================================
Received Import Request.
  Time since last request: 0.000054 seconds.
  path: Assets/Oculus/SampleFramework/Core/Locomotion/Scripts/LocomotionTeleport.cs
  artifactKey: Guid(dfcbed738e5f16548bc6b4284038f7d2) Importer(2089858483,192608db42251d675da83286b1cce702)
Start importing Assets/Oculus/SampleFramework/Core/Locomotion/Scripts/LocomotionTeleport.cs using Guid(dfcbed738e5f16548bc6b4284038f7d2) Importer(2089858483,192608db42251d675da83286b1cce702) (ScriptedImporter) -> (artifact id: '9752aa963d02c4703817554007903c58') in 0.0171594 seconds
Number of updated asset objects reloaded before import = 0Number of asset objects unloaded after import = 0

========================================================================
Received Import Request.
  Time since last request: 0.000021 seconds.
  path: Assets/Oculus/SampleFramework/Core/CustomHands/Shaders/Hands_01.shader
  artifactKey: Guid(e78db4fab1ac74627bc038fe6c3edef8) Importer(2089858483,192608db42251d675da83286b1cce702)
Start importing Assets/Oculus/SampleFramework/Core/CustomHands/Shaders/Hands_01.shader using Guid(e78db4fab1ac74627bc038fe6c3edef8) Importer(2089858483,192608db42251d675da83286b1cce702) (ScriptedImporter) -> (artifact id: 'd706d7018dbd7b2037b7ca9b8d50e734') in 0.0220885 seconds
Number of updated asset objects reloaded before import = 0Number of asset objects unloaded after import = 1

========================================================================
Received Import Request.
  Time since last request: 0.000025 seconds.
  path: Assets/Oculus/SampleFramework/Usage/DistanceGrab/Materials/ToyCubeWithOutline.shader
  artifactKey: Guid(05483dbea409e4cc8853dced3eb9f5dc) Importer(2089858483,192608db42251d675da83286b1cce702)
Start importing Assets/Oculus/SampleFramework/Usage/DistanceGrab/Materials/ToyCubeWithOutline.shader using Guid(05483dbea409e4cc8853dced3eb9f5dc) Importer(2089858483,192608db42251d675da83286b1cce702) (ScriptedImporter) -> (artifact id: '31b880e40b7aab709d5067dfac33fe11') in 0.0210382 seconds
Number of updated asset objects reloaded before import = 0Number of asset objects unloaded after import = 1

========================================================================
Received Import Request.
  Time since last request: 0.000048 seconds.
  path: Assets/Oculus/SampleFramework/Core/TouchControllers/Materials/R_controller_MAT.mat
  artifactKey: Guid(14179725cf9421448b565469bfc84247) Importer(2089858483,192608db42251d675da83286b1cce702)
Start importing Assets/Oculus/SampleFramework/Core/TouchControllers/Materials/R_controller_MAT.mat using Guid(14179725cf9421448b565469bfc84247) Importer(2089858483,192608db42251d675da83286b1cce702) (ScriptedImporter) -> (artifact id: 'aecdcc5f9a3d926244886e26a41f71d2') in 0.0191836 seconds
Number of updated asset objects reloaded before import = 0Number of asset objects unloaded after import = 1

========================================================================
Received Import Request.
  Time since last request: 0.000031 seconds.
  path: Assets/Oculus/SampleFramework/Core/Video/Scripts/ButtonDownListener.cs
  artifactKey: Guid(7185ca706364c3546a56069a45a679f6) Importer(2089858483,192608db42251d675da83286b1cce702)
Start importing Assets/Oculus/SampleFramework/Core/Video/Scripts/ButtonDownListener.cs using Guid(7185ca706364c3546a56069a45a679f6) Importer(2089858483,192608db42251d675da83286b1cce702) (ScriptedImporter) -> (artifact id: '5063cdb916d6a33c682e7ce6fed02537') in 0.0168108 seconds
Number of updated asset objects reloaded before import = 0Number of asset objects unloaded after import = 0

========================================================================
Received Import Request.
  Time since last request: 0.000034 seconds.
  path: Assets/Oculus/SampleFramework/Core/HandsInteraction/Prefabs/FingerTipPokeToolIndex.prefab
  artifactKey: Guid(54e898404b081ae438d0b5d097aae07a) Importer(2089858483,192608db42251d675da83286b1cce702)
Start importing Assets/Oculus/SampleFramework/Core/HandsInteraction/Prefabs/FingerTipPokeToolIndex.prefab using Guid(54e898404b081ae438d0b5d097aae07a) Importer(2089858483,192608db42251d675da83286b1cce702) (ScriptedImporter) -> (artifact id: '5407d55851c1440dd61fbf69b2186d1d') in 0.0222009 seconds
Number of updated asset objects reloaded before import = 0Number of asset objects unloaded after import = 12

========================================================================
Received Import Request.
  Time since last request: 0.000021 seconds.
  path: Assets/Oculus/SampleFramework/Core/HandsInteraction/Scripts/Interactable.cs
  artifactKey: Guid(eed225a47adda90439d3e20862fff091) Importer(2089858483,192608db42251d675da83286b1cce702)
Start importing Assets/Oculus/SampleFramework/Core/HandsInteraction/Scripts/Interactable.cs using Guid(eed225a47adda90439d3e20862fff091) Importer(2089858483,192608db42251d675da83286b1cce702) (ScriptedImporter) -> (artifact id: 'cdfe2e7588fe5298ad08f7b9ad240462') in 0.0169546 seconds
Number of updated asset objects reloaded before import = 0Number of asset objects unloaded after import = 0

========================================================================
Received Import Request.
  Time since last request: 0.000016 seconds.
  path: Assets/Oculus/SampleFramework/Core/DebugUI/Prefabs/UIHelpers.prefab
  artifactKey: Guid(a9d2de84afb308a4796cc671d3432b4d) Importer(2089858483,192608db42251d675da83286b1cce702)
Start importing Assets/Oculus/SampleFramework/Core/DebugUI/Prefabs/UIHelpers.prefab using Guid(a9d2de84afb308a4796cc671d3432b4d) Importer(2089858483,192608db42251d675da83286b1cce702) (ScriptedImporter) -> (artifact id: '40f94d20e29a10e787de756a80720cff') in 0.0206116 seconds
Number of updated asset objects reloaded before import = 0Number of asset objects unloaded after import = 17

========================================================================
Received Import Request.
  Time since last request: 0.000017 seconds.
  path: Assets/Oculus/SampleFramework/Core/DistanceGrab/Scripts/DistanceGrabber.cs
  artifactKey: Guid(6b388ff4c8d1f3644a143b16d45403ca) Importer(2089858483,192608db42251d675da83286b1cce702)
Start importing Assets/Oculus/SampleFramework/Core/DistanceGrab/Scripts/DistanceGrabber.cs using Guid(6b388ff4c8d1f3644a143b16d45403ca) Importer(2089858483,192608db42251d675da83286b1cce702) (ScriptedImporter) -> (artifact id: 'd5ea4398a72824c7686fe715a442bb8d') in 0.0161591 seconds
Number of updated asset objects reloaded before import = 0Number of asset objects unloaded after import = 0

========================================================================
Received Import Request.
  Time since last request: 0.000020 seconds.
  path: Assets/Oculus/SampleFramework/Core/CustomHands/Textures/Hands_stripes_01.png
  artifactKey: Guid(3eb12af43cd0000409a977bcf35e4d4a) Importer(2089858483,192608db42251d675da83286b1cce702)
Start importing Assets/Oculus/SampleFramework/Core/CustomHands/Textures/Hands_stripes_01.png using Guid(3eb12af43cd0000409a977bcf35e4d4a) Importer(2089858483,192608db42251d675da83286b1cce702) (ScriptedImporter) -> (artifact id: 'd8cd7a59249825ff11d8ecfbb74503cb') in 0.0254978 seconds
Number of updated asset objects reloaded before import = 0Number of asset objects unloaded after import = 1

========================================================================
Received Import Request.
  Time since last request: 0.000029 seconds.
  path: Assets/Oculus/SampleFramework/Core/TouchControllers/Animations/r_controller_joy_N_anim.fbx
  artifactKey: Guid(bd2409cb8478d3942bdcfdb0837280fb) Importer(2089858483,192608db42251d675da83286b1cce702)
Start importing Assets/Oculus/SampleFramework/Core/TouchControllers/Animations/r_controller_joy_N_anim.fbx using Guid(bd2409cb8478d3942bdcfdb0837280fb) Importer(2089858483,192608db42251d675da83286b1cce702) (ScriptedImporter) -> (artifact id: '0fb6b4fef3bb91b3f287cd72ef4bf203') in 0.032498 seconds
Number of updated asset objects reloaded before import = 0Number of asset objects unloaded after import = 22

========================================================================
Received Import Request.
  Time since last request: 0.000027 seconds.
  path: Assets/Oculus/SampleFramework/Core/TouchControllers/Models/touch_controller_MAT.mat
  artifactKey: Guid(d8a202bc350b09c4e808ea37c6929755) Importer(2089858483,192608db42251d675da83286b1cce702)
Start importing Assets/Oculus/SampleFramework/Core/TouchControllers/Models/touch_controller_MAT.mat using Guid(d8a202bc350b09c4e808ea37c6929755) Importer(2089858483,192608db42251d675da83286b1cce702) (ScriptedImporter) -> (artifact id: 'adc0b783bca42e6887cd5fdbd4bfee93') in 0.0265131 seconds
Number of updated asset objects reloaded before import = 0Number of asset objects unloaded after import = 3

========================================================================
Received Import Request.
  Time since last request: 0.000014 seconds.
  path: Assets/Oculus/SampleFramework/Core/TouchControllers/Animations/l_controller_joy_NE_anim.fbx
  artifactKey: Guid(df1d28bcd38b2b54ca4dd1ab1e835271) Importer(2089858483,192608db42251d675da83286b1cce702)
Start importing Assets/Oculus/SampleFramework/Core/TouchControllers/Animations/l_controller_joy_NE_anim.fbx using Guid(df1d28bcd38b2b54ca4dd1ab1e835271) Importer(2089858483,192608db42251d675da83286b1cce702) (ScriptedImporter) -> (artifact id: 'a0f545836d1045ae3ceca4de4d74279e') in 0.0240475 seconds
Number of updated asset objects reloaded before import = 0Number of asset objects unloaded after import = 22

========================================================================
Received Import Request.
  Time since last request: 0.000037 seconds.
  path: Assets/Oculus/SampleFramework/Core/TouchControllers/NewTouchControllers/controller_l.fbx
  artifactKey: Guid(5d44b47caf0eb824bade785d78f776f3) Importer(2089858483,192608db42251d675da83286b1cce702)
Start importing Assets/Oculus/SampleFramework/Core/TouchControllers/NewTouchControllers/controller_l.fbx using Guid(5d44b47caf0eb824bade785d78f776f3) Importer(2089858483,192608db42251d675da83286b1cce702) (ScriptedImporter) -> (artifact id: 'c93adf08a4519c1d5ee3279752667aad') in 0.0284359 seconds
Number of updated asset objects reloaded before import = 0Number of asset objects unloaded after import = 25

========================================================================
Received Import Request.
  Time since last request: 0.000015 seconds.
  path: Assets/Oculus/SampleFramework/Core/CustomHands/Models/l_hand_skeletal_lowres.fbx
  artifactKey: Guid(ca20b3907ff1c794cb89c1ad2cce8282) Importer(2089858483,192608db42251d675da83286b1cce702)
Start importing Assets/Oculus/SampleFramework/Core/CustomHands/Models/l_hand_skeletal_lowres.fbx using Guid(ca20b3907ff1c794cb89c1ad2cce8282) Importer(2089858483,192608db42251d675da83286b1cce702) (ScriptedImporter) -> (artifact id: '4c7d081b2f831cc9e98487a99ce8cfc5') in 0.0279509 seconds
Number of updated asset objects reloaded before import = 0Number of asset objects unloaded after import = 63

========================================================================
Received Import Request.
  Time since last request: 0.000020 seconds.
  path: Assets/Oculus/SampleFramework/Usage/DistanceGrab/Materials/WoodBlockWithOutline.mat
  artifactKey: Guid(3a4cc84819795469da40d14888581e73) Importer(2089858483,192608db42251d675da83286b1cce702)
Start importing Assets/Oculus/SampleFramework/Usage/DistanceGrab/Materials/WoodBlockWithOutline.mat using Guid(3a4cc84819795469da40d14888581e73) Importer(2089858483,192608db42251d675da83286b1cce702) (ScriptedImporter) -> (artifact id: '71d828abbbb885401bc1b8577e79b386') in 0.0205197 seconds
Number of updated asset objects reloaded before import = 0Number of asset objects unloaded after import = 3

========================================================================
Received Import Request.
  Time since last request: 0.000058 seconds.
  path: Assets/Oculus/SampleFramework/Core/Video/Scripts/MoviePlayerSample.cs
  artifactKey: Guid(6b666ca80b3aa42efac718fe4903bff5) Importer(2089858483,192608db42251d675da83286b1cce702)
Start importing Assets/Oculus/SampleFramework/Core/Video/Scripts/MoviePlayerSample.cs using Guid(6b666ca80b3aa42efac718fe4903bff5) Importer(2089858483,192608db42251d675da83286b1cce702) (ScriptedImporter) -> (artifact id: '4129a53f0315e94f38ca07bfa37e106a') in 0.0158004 seconds
Number of updated asset objects reloaded before import = 0Number of asset objects unloaded after import = 0

========================================================================
Received Import Request.
  Time since last request: 0.000024 seconds.
  path: Assets/Oculus/SampleFramework/Usage/DistanceGrab/Materials/ToyBallWithOutline.mat
  artifactKey: Guid(beb3a042b07e94503947a8f63d10c46e) Importer(2089858483,192608db42251d675da83286b1cce702)
Start importing Assets/Oculus/SampleFramework/Usage/DistanceGrab/Materials/ToyBallWithOutline.mat using Guid(beb3a042b07e94503947a8f63d10c46e) Importer(2089858483,192608db42251d675da83286b1cce702) (ScriptedImporter) -> (artifact id: '6836bbdb1c81689e3907d28e988a1691') in 0.019433 seconds
Number of updated asset objects reloaded before import = 0Number of asset objects unloaded after import = 2

========================================================================
Received Import Request.
  Time since last request: 0.000017 seconds.
  path: Assets/Oculus/SampleFramework/Core/TouchControllers/NewTouchControllers/controller_r.fbx
  artifactKey: Guid(a5ff41a7886a0ba429cf9e8b9620d2e9) Importer(2089858483,192608db42251d675da83286b1cce702)
Start importing Assets/Oculus/SampleFramework/Core/TouchControllers/NewTouchControllers/controller_r.fbx using Guid(a5ff41a7886a0ba429cf9e8b9620d2e9) Importer(2089858483,192608db42251d675da83286b1cce702) (ScriptedImporter) -> (artifact id: 'd2d2b7b4faabf86333e48078b58a16f5') in 0.0325504 seconds
Number of updated asset objects reloaded before import = 0Number of asset objects unloaded after import = 25

========================================================================
Received Import Request.
  Time since last request: 0.000017 seconds.
  path: Assets/Oculus/SampleFramework/Core/TouchControllers/Animations/r_controller_button03_anim.fbx
  artifactKey: Guid(d87443f60dbf8e743b0a2469d69e32b7) Importer(2089858483,192608db42251d675da83286b1cce702)
Start importing Assets/Oculus/SampleFramework/Core/TouchControllers/Animations/r_controller_button03_anim.fbx using Guid(d87443f60dbf8e743b0a2469d69e32b7) Importer(2089858483,192608db42251d675da83286b1cce702) (ScriptedImporter) -> (artifact id: '4a8678fed98084d093573083f46c20f8') in 0.0251934 seconds
Number of updated asset objects reloaded before import = 0Number of asset objects unloaded after import = 23

========================================================================
Received Import Request.
  Time since last request: 0.000025 seconds.
  path: Assets/Oculus/SampleFramework/Core/CustomHands/Textures/ramp_bluewhite_02.png
  artifactKey: Guid(ff902dc5c3e264587a8bc6213e64a5e2) Importer(2089858483,192608db42251d675da83286b1cce702)
Start importing Assets/Oculus/SampleFramework/Core/CustomHands/Textures/ramp_bluewhite_02.png using Guid(ff902dc5c3e264587a8bc6213e64a5e2) Importer(2089858483,192608db42251d675da83286b1cce702) (ScriptedImporter) -> (artifact id: 'b2f3d62723a29fe8ef749b513b32043c') in 0.0274381 seconds
Number of updated asset objects reloaded before import = 0Number of asset objects unloaded after import = 1

========================================================================
Received Import Request.
  Time since last request: 0.000028 seconds.
  path: Assets/Oculus/SampleFramework/Core/Video/Scripts/MediaPlayerImage.cs
  artifactKey: Guid(08eed4f8f3d96954a9333eecf0c95cef) Importer(2089858483,192608db42251d675da83286b1cce702)
Start importing Assets/Oculus/SampleFramework/Core/Video/Scripts/MediaPlayerImage.cs using Guid(08eed4f8f3d96954a9333eecf0c95cef) Importer(2089858483,192608db42251d675da83286b1cce702) (ScriptedImporter) -> (artifact id: 'dfc408258891d04d0d72a2a34c650305') in 0.0164057 seconds
Number of updated asset objects reloaded before import = 0Number of asset objects unloaded after import = 0

========================================================================
Received Import Request.
  Time since last request: 0.000016 seconds.
  path: Assets/Oculus/SampleFramework/Usage/HandsTrainExample/TrainScene/Lightmap-28_comp_shadowmask.png
  artifactKey: Guid(19859e0c03452054887ceffabffc3b6f) Importer(2089858483,192608db42251d675da83286b1cce702)
Start importing Assets/Oculus/SampleFramework/Usage/HandsTrainExample/TrainScene/Lightmap-28_comp_shadowmask.png using Guid(19859e0c03452054887ceffabffc3b6f) Importer(2089858483,192608db42251d675da83286b1cce702) (ScriptedImporter) -> (artifact id: 'cac0f4838558006f4f7a6a6ff8693eff') in 0.0249344 seconds
Number of updated asset objects reloaded before import = 0Number of asset objects unloaded after import = 1

========================================================================
Received Import Request.
  Time since last request: 0.000020 seconds.
  path: Assets/Oculus/SampleFramework/Usage/HandsTrainExample/TrainScene/Lightmap-36_comp_dir.png
  artifactKey: Guid(d18780c2136c521429736466124b7bfc) Importer(2089858483,192608db42251d675da83286b1cce702)
Start importing Assets/Oculus/SampleFramework/Usage/HandsTrainExample/TrainScene/Lightmap-36_comp_dir.png using Guid(d18780c2136c521429736466124b7bfc) Importer(2089858483,192608db42251d675da83286b1cce702) (ScriptedImporter) -> (artifact id: '041bed31c69b59adbee763b6a9049172') in 0.0246149 seconds
Number of updated asset objects reloaded before import = 0Number of asset objects unloaded after import = 1

========================================================================
Received Import Request.
  Time since last request: 0.000062 seconds.
  path: Assets/Oculus/SampleFramework/Usage/HandsTrainExample/Textures/selection_cylinder.png
  artifactKey: Guid(2fef2bbdf32555342ad350ddd7e73d46) Importer(2089858483,192608db42251d675da83286b1cce702)
Start importing Assets/Oculus/SampleFramework/Usage/HandsTrainExample/Textures/selection_cylinder.png using Guid(2fef2bbdf32555342ad350ddd7e73d46) Importer(2089858483,192608db42251d675da83286b1cce702) (ScriptedImporter) -> (artifact id: '0cb64b05084ec387f982ccaecaff11c7') in 0.0283292 seconds
Number of updated asset objects reloaded before import = 0Number of asset objects unloaded after import = 1

========================================================================
Received Import Request.
  Time since last request: 0.000028 seconds.
  path: Assets/Oculus/SampleFramework/Usage/HandsTrainExample/Shaders/XingLightShader.shader
  artifactKey: Guid(20db1f0dad220cf4e8e49b6e6db7b68c) Importer(2089858483,192608db42251d675da83286b1cce702)
Start importing Assets/Oculus/SampleFramework/Usage/HandsTrainExample/Shaders/XingLightShader.shader using Guid(20db1f0dad220cf4e8e49b6e6db7b68c) Importer(2089858483,192608db42251d675da83286b1cce702) (ScriptedImporter) -> (artifact id: 'e29ac2a0dcd9d270d2d20fd3e575c9c6') in 0.0181595 seconds
Number of updated asset objects reloaded before import = 0Number of asset objects unloaded after import = 1

========================================================================
Received Import Request.
  Time since last request: 0.000045 seconds.
  path: Assets/Oculus/SampleFramework/Usage/HandsTrainExample/Scripts/TrainCrossingController.cs
  artifactKey: Guid(2a7acab7bf364b344bf233c928f66c16) Importer(2089858483,192608db42251d675da83286b1cce702)
Start importing Assets/Oculus/SampleFramework/Usage/HandsTrainExample/Scripts/TrainCrossingController.cs using Guid(2a7acab7bf364b344bf233c928f66c16) Importer(2089858483,192608db42251d675da83286b1cce702) (ScriptedImporter) -> (artifact id: '2c93deaff009558afd8ed121cc4a4a6c') in 0.0176226 seconds
Number of updated asset objects reloaded before import = 0Number of asset objects unloaded after import = 0

========================================================================
Received Import Request.
  Time since last request: 0.000020 seconds.
  path: Assets/Oculus/SampleFramework/Usage/HandsTrainExample/TrainScene/Lightmap-27_comp_shadowmask.png
  artifactKey: Guid(9e5e0737552048c4a898f585d179fc13) Importer(2089858483,192608db42251d675da83286b1cce702)
Start importing Assets/Oculus/SampleFramework/Usage/HandsTrainExample/TrainScene/Lightmap-27_comp_shadowmask.png using Guid(9e5e0737552048c4a898f585d179fc13) Importer(2089858483,192608db42251d675da83286b1cce702) (ScriptedImporter) -> (artifact id: '02e11051ae7bea7c5fa593ad965771e4') in 0.0347785 seconds
Number of updated asset objects reloaded before import = 0Number of asset objects unloaded after import = 1

========================================================================
Received Import Request.
  Time since last request: 0.000024 seconds.
  path: Assets/Oculus/SampleFramework/Usage/HandsTrainExample/TrainScene/Lightmap-24_comp_shadowmask.png
  artifactKey: Guid(2308cff0ff828ff49a2518a84cf02d5b) Importer(2089858483,192608db42251d675da83286b1cce702)
Start importing Assets/Oculus/SampleFramework/Usage/HandsTrainExample/TrainScene/Lightmap-24_comp_shadowmask.png using Guid(2308cff0ff828ff49a2518a84cf02d5b) Importer(2089858483,192608db42251d675da83286b1cce702) (ScriptedImporter) -> (artifact id: 'c478b00d31ac27576073b27aced23261') in 0.0256537 seconds
Number of updated asset objects reloaded before import = 0Number of asset objects unloaded after import = 1

========================================================================
Received Import Request.
  Time since last request: 0.000023 seconds.
  path: Assets/Oculus/SampleFramework/Usage/HandsTrainExample/Materials/SkyboxForRealtime.mat
  artifactKey: Guid(799432b58386306488cfd7a19e7ff4d7) Importer(2089858483,192608db42251d675da83286b1cce702)
Start importing Assets/Oculus/SampleFramework/Usage/HandsTrainExample/Materials/SkyboxForRealtime.mat using Guid(799432b58386306488cfd7a19e7ff4d7) Importer(2089858483,192608db42251d675da83286b1cce702) (ScriptedImporter) -> (artifact id: 'aac19ec8754cae9b19b2d57510625e07') in 0.0170997 seconds
Number of updated asset objects reloaded before import = 0Number of asset objects unloaded after import = 1

========================================================================
Received Import Request.
  Time since last request: 0.000022 seconds.
  path: Assets/Oculus/SampleFramework/Usage/HandsTrainExample/Audio/Moo_Cow.wav
  artifactKey: Guid(5ac6fe579e904064b92a0c15d2cc1222) Importer(2089858483,192608db42251d675da83286b1cce702)
Start importing Assets/Oculus/SampleFramework/Usage/HandsTrainExample/Audio/Moo_Cow.wav using Guid(5ac6fe579e904064b92a0c15d2cc1222) Importer(2089858483,192608db42251d675da83286b1cce702) (ScriptedImporter) -> (artifact id: '87411fc0c697ee7fa48c057a55591a93') in 0.032286 seconds
Number of updated asset objects reloaded before import = 0Number of asset objects unloaded after import = 1

========================================================================
Received Import Request.
  Time since last request: 0.000032 seconds.
  path: Assets/Oculus/SampleFramework/Usage/HandsTrainExample/Models/TrainPalette.FBX
  artifactKey: Guid(bd0bb729cb6159b4ab21c5f62cad24ee) Importer(2089858483,192608db42251d675da83286b1cce702)
Start importing Assets/Oculus/SampleFramework/Usage/HandsTrainExample/Models/TrainPalette.FBX using Guid(bd0bb729cb6159b4ab21c5f62cad24ee) Importer(2089858483,192608db42251d675da83286b1cce702) (ScriptedImporter) -> (artifact id: '51781f54716cd0fd05d0bceaaf0d40a5') in 0.194323 seconds
Number of updated asset objects reloaded before import = 0Number of asset objects unloaded after import = 578

========================================================================
Received Import Request.
  Time since last request: 0.000028 seconds.
  path: Assets/Oculus/SampleFramework/Usage/HandsTrainExample/Shaders/OculusSampleTrainSmokeShader.shader
  artifactKey: Guid(cc74b8c94f33483478bd98d895293fd7) Importer(2089858483,192608db42251d675da83286b1cce702)
Start importing Assets/Oculus/SampleFramework/Usage/HandsTrainExample/Shaders/OculusSampleTrainSmokeShader.shader using Guid(cc74b8c94f33483478bd98d895293fd7) Importer(2089858483,192608db42251d675da83286b1cce702) (ScriptedImporter) -> (artifact id: '7f23fba630947f9c54de3ddd43ac1a0f') in 0.0178468 seconds
Number of updated asset objects reloaded before import = 0Number of asset objects unloaded after import = 1

========================================================================
Received Import Request.
  Time since last request: 0.000030 seconds.
  path: Assets/Oculus/SampleFramework/Usage/HandsTrainExample/TrainScene/Lightmap-12_comp_shadowmask.png
  artifactKey: Guid(a3dc0a4fa96ecd5499e315d093abe479) Importer(2089858483,192608db42251d675da83286b1cce702)
Start importing Assets/Oculus/SampleFramework/Usage/HandsTrainExample/TrainScene/Lightmap-12_comp_shadowmask.png using Guid(a3dc0a4fa96ecd5499e315d093abe479) Importer(2089858483,192608db42251d675da83286b1cce702) (ScriptedImporter) -> (artifact id: '87ecf94c3d74a743c8cd749666384802') in 0.0215818 seconds
Number of updated asset objects reloaded before import = 0Number of asset objects unloaded after import = 1

========================================================================
Received Import Request.
  Time since last request: 0.000016 seconds.
  path: Assets/Oculus/SampleFramework/Usage/HandsTrainExample/Shaders/OculusSampleTrainPropsShader.shader
  artifactKey: Guid(f4b0404f9d6f0f745a9d6caa997ff40d) Importer(2089858483,192608db42251d675da83286b1cce702)
Start importing Assets/Oculus/SampleFramework/Usage/HandsTrainExample/Shaders/OculusSampleTrainPropsShader.shader using Guid(f4b0404f9d6f0f745a9d6caa997ff40d) Importer(2089858483,192608db42251d675da83286b1cce702) (ScriptedImporter) -> (artifact id: '746276ec81cf18262f7846471441e003') in 0.0155566 seconds
Number of updated asset objects reloaded before import = 0Number of asset objects unloaded after import = 1

========================================================================
Received Import Request.
  Time since last request: 0.000015 seconds.
  path: Assets/Oculus/SampleFramework/Core/CustomHands/Models/LeftHandAnimator.controller
  artifactKey: Guid(17cc85983dec7534ab8d35297a9f9f05) Importer(2089858483,192608db42251d675da83286b1cce702)
Start importing Assets/Oculus/SampleFramework/Core/CustomHands/Models/LeftHandAnimator.controller using Guid(17cc85983dec7534ab8d35297a9f9f05) Importer(2089858483,192608db42251d675da83286b1cce702) (ScriptedImporter) -> (artifact id: '20b2d8f1c5e0176270d8d61e423ec92f') in 0.0252814 seconds
Number of updated asset objects reloaded before import = 0Number of asset objects unloaded after import = 31

========================================================================
Received Import Request.
  Time since last request: 0.000058 seconds.
  path: Assets/Oculus/SampleFramework/Core/DebugUI/Prefabs/CanvasWithDebug.prefab
  artifactKey: Guid(ddb963bcde7d8a04a88b3ee4709f46c7) Importer(2089858483,192608db42251d675da83286b1cce702)
Start importing Assets/Oculus/SampleFramework/Core/DebugUI/Prefabs/CanvasWithDebug.prefab using Guid(ddb963bcde7d8a04a88b3ee4709f46c7) Importer(2089858483,192608db42251d675da83286b1cce702) (ScriptedImporter) -> (artifact id: '7472865f57cb902c7fd86595fd8a44ff') in 0.035397 seconds
Number of updated asset objects reloaded before import = 0Number of asset objects unloaded after import = 143

========================================================================
Received Import Request.
  Time since last request: 0.000021 seconds.
  path: Assets/Oculus/Interaction/Samples/ThirdParty/GradientSkybox/ThreeColorGradient.shader
  artifactKey: Guid(87d58b1c0db8a6947bca68a506c1b428) Importer(2089858483,192608db42251d675da83286b1cce702)
Start importing Assets/Oculus/Interaction/Samples/ThirdParty/GradientSkybox/ThreeColorGradient.shader using Guid(87d58b1c0db8a6947bca68a506c1b428) Importer(2089858483,192608db42251d675da83286b1cce702) (ScriptedImporter) -> (artifact id: 'c2971d09bf008c58ac79a7ab30032f07') in 0.0167124 seconds
Number of updated asset objects reloaded before import = 0Number of asset objects unloaded after import = 1

========================================================================
Received Import Request.
  Time since last request: 0.000034 seconds.
  path: Assets/Oculus/SampleFramework/Usage/HandsTrainExample/TrainScene/Lightmap-15_comp_shadowmask.png
  artifactKey: Guid(ea192a2124ab1b442ab8230899d1f4e2) Importer(2089858483,192608db42251d675da83286b1cce702)
Start importing Assets/Oculus/SampleFramework/Usage/HandsTrainExample/TrainScene/Lightmap-15_comp_shadowmask.png using Guid(ea192a2124ab1b442ab8230899d1f4e2) Importer(2089858483,192608db42251d675da83286b1cce702) (ScriptedImporter) -> (artifact id: '376f18336164a1a3494a0708f9b0d0e1') in 0.0233932 seconds
Number of updated asset objects reloaded before import = 0Number of asset objects unloaded after import = 1

========================================================================
Received Import Request.
  Time since last request: 0.000023 seconds.
  path: Assets/Oculus/SampleFramework/Core/CustomHands/Animations/r_hand_point_anim.fbx
  artifactKey: Guid(a00bb4e2a48d6b04f9a9865f78869df2) Importer(2089858483,192608db42251d675da83286b1cce702)
Start importing Assets/Oculus/SampleFramework/Core/CustomHands/Animations/r_hand_point_anim.fbx using Guid(a00bb4e2a48d6b04f9a9865f78869df2) Importer(2089858483,192608db42251d675da83286b1cce702) (ScriptedImporter) -> (artifact id: 'fad1deafd3c148db0b95182ce34b5f0b') in 0.0217312 seconds
Number of updated asset objects reloaded before import = 0Number of asset objects unloaded after import = 55

========================================================================
Received Import Request.
  Time since last request: 0.000018 seconds.
  path: Assets/Oculus/SampleFramework/Usage/HandsTrainExample/TrainScene/Lightmap-38_comp_shadowmask.png
  artifactKey: Guid(1ef35304c37043044a0d217e94fb2cb3) Importer(2089858483,192608db42251d675da83286b1cce702)
Start importing Assets/Oculus/SampleFramework/Usage/HandsTrainExample/TrainScene/Lightmap-38_comp_shadowmask.png using Guid(1ef35304c37043044a0d217e94fb2cb3) Importer(2089858483,192608db42251d675da83286b1cce702) (ScriptedImporter) -> (artifact id: '9bf0b924159a72f9050cc4fff52f966e') in 0.021859 seconds
Number of updated asset objects reloaded before import = 0Number of asset objects unloaded after import = 1

========================================================================
Received Import Request.
  Time since last request: 0.000015 seconds.
  path: Assets/Oculus/Interaction/Samples/Audio/Prefabs/BasicRayBackAudio.prefab
  artifactKey: Guid(1d7be4acb4bd00648841123ed349dc57) Importer(2089858483,192608db42251d675da83286b1cce702)
Start importing Assets/Oculus/Interaction/Samples/Audio/Prefabs/BasicRayBackAudio.prefab using Guid(1d7be4acb4bd00648841123ed349dc57) Importer(2089858483,192608db42251d675da83286b1cce702) (ScriptedImporter) -> (artifact id: 'd00c836e90fd640d6a5ad9f3e1356ccb') in 0.0215708 seconds
Number of updated asset objects reloaded before import = 0Number of asset objects unloaded after import = 7

========================================================================
Received Import Request.
  Time since last request: 0.000029 seconds.
  path: Assets/Oculus/SampleFramework/Core/CustomHands/Textures/noise_01.png
  artifactKey: Guid(8316c649b12f4485c811d707f6316577) Importer(2089858483,192608db42251d675da83286b1cce702)
Start importing Assets/Oculus/SampleFramework/Core/CustomHands/Textures/noise_01.png using Guid(8316c649b12f4485c811d707f6316577) Importer(2089858483,192608db42251d675da83286b1cce702) (ScriptedImporter) -> (artifact id: '48e2968aeb1f46b6609964dc777bc2d5') in 0.0318271 seconds
Number of updated asset objects reloaded before import = 0Number of asset objects unloaded after import = 1

========================================================================
Received Import Request.
  Time since last request: 0.000024 seconds.
  path: Assets/Oculus/Interaction/Editor/Grab/SnapSurfaces/CylinderEditor.cs
  artifactKey: Guid(69099ed7427360a4ab3734573c188648) Importer(2089858483,192608db42251d675da83286b1cce702)
Start importing Assets/Oculus/Interaction/Editor/Grab/SnapSurfaces/CylinderEditor.cs using Guid(69099ed7427360a4ab3734573c188648) Importer(2089858483,192608db42251d675da83286b1cce702) (ScriptedImporter) -> (artifact id: 'e286b40f9785968a5cdfb961fe749419') in 0.0214274 seconds
Number of updated asset objects reloaded before import = 0Number of asset objects unloaded after import = 0

========================================================================
Received Import Request.
  Time since last request: 0.000022 seconds.
  path: Assets/Oculus/Interaction/Runtime/Scripts/Polyline/PolylineGizmos.cs
  artifactKey: Guid(660b106ba297243439a94203e7357cca) Importer(2089858483,192608db42251d675da83286b1cce702)
Start importing Assets/Oculus/Interaction/Runtime/Scripts/Polyline/PolylineGizmos.cs using Guid(660b106ba297243439a94203e7357cca) Importer(2089858483,192608db42251d675da83286b1cce702) (ScriptedImporter) -> (artifact id: 'aba67775168ae58b7c3fdfdc67e40f33') in 0.0176228 seconds
Number of updated asset objects reloaded before import = 0Number of asset objects unloaded after import = 0

========================================================================
Received Import Request.
  Time since last request: 0.000021 seconds.
  path: Assets/Oculus/SampleFramework/Usage/HandsTrainExample/Textures/grid_10x10_v4.png
  artifactKey: Guid(f2660f35c6546224e87dd8e9822a3531) Importer(2089858483,192608db42251d675da83286b1cce702)
Start importing Assets/Oculus/SampleFramework/Usage/HandsTrainExample/Textures/grid_10x10_v4.png using Guid(f2660f35c6546224e87dd8e9822a3531) Importer(2089858483,192608db42251d675da83286b1cce702) (ScriptedImporter) -> (artifact id: 'd2d718330ca38ed527db80e44ba89b2a') in 0.0253776 seconds
Number of updated asset objects reloaded before import = 0Number of asset objects unloaded after import = 1

========================================================================
Received Import Request.
  Time since last request: 0.000017 seconds.
  path: Assets/Oculus/Interaction/Runtime/Scripts/Extensions/MonoBehaviourStartExtensions.cs
  artifactKey: Guid(7e905110e6125b442b02d7a80ba72015) Importer(2089858483,192608db42251d675da83286b1cce702)
Start importing Assets/Oculus/Interaction/Runtime/Scripts/Extensions/MonoBehaviourStartExtensions.cs using Guid(7e905110e6125b442b02d7a80ba72015) Importer(2089858483,192608db42251d675da83286b1cce702) (ScriptedImporter) -> (artifact id: '002bc28dbf4059035b6ebb5b2c874aed') in 0.0164108 seconds
Number of updated asset objects reloaded before import = 0Number of asset objects unloaded after import = 0

========================================================================
Received Import Request.
  Time since last request: 0.000019 seconds.
  path: Assets/Oculus/Interaction/Runtime/Scripts/Grab/HandGrabAPI.cs
  artifactKey: Guid(ae43f25c06eb2d9408a201216b4c3ed7) Importer(2089858483,192608db42251d675da83286b1cce702)
Start importing Assets/Oculus/Interaction/Runtime/Scripts/Grab/HandGrabAPI.cs using Guid(ae43f25c06eb2d9408a201216b4c3ed7) Importer(2089858483,192608db42251d675da83286b1cce702) (ScriptedImporter) -> (artifact id: 'bff9de1bc2ee350e14574585ea2c84a7') in 0.0166811 seconds
Number of updated asset objects reloaded before import = 0Number of asset objects unloaded after import = 0

========================================================================
Received Import Request.
  Time since last request: 0.000025 seconds.
  path: Assets/Oculus/Interaction/Runtime/Animations/Hands/HandCap_r_.anim
  artifactKey: Guid(6bc7ce953b327f747b7db6b0d87e796b) Importer(2089858483,192608db42251d675da83286b1cce702)
Start importing Assets/Oculus/Interaction/Runtime/Animations/Hands/HandCap_r_.anim using Guid(6bc7ce953b327f747b7db6b0d87e796b) Importer(2089858483,192608db42251d675da83286b1cce702) (ScriptedImporter) -> (artifact id: 'ef14aefc74f9eb6844b5b75287a6893a') in 0.0183818 seconds
Number of updated asset objects reloaded before import = 0Number of asset objects unloaded after import = 1

========================================================================
Received Import Request.
  Time since last request: 0.000019 seconds.
  path: Assets/Oculus/Interaction/Runtime/Scripts/Grab/GrabTypeFlags.cs
  artifactKey: Guid(654ba27bf15ed6b40a251d7b6baafd79) Importer(2089858483,192608db42251d675da83286b1cce702)
Start importing Assets/Oculus/Interaction/Runtime/Scripts/Grab/GrabTypeFlags.cs using Guid(654ba27bf15ed6b40a251d7b6baafd79) Importer(2089858483,192608db42251d675da83286b1cce702) (ScriptedImporter) -> (artifact id: '5635e8d31671e0cf1e006ca3ae585c35') in 0.018178 seconds
Number of updated asset objects reloaded before import = 0Number of asset objects unloaded after import = 0

========================================================================
Received Import Request.
  Time since last request: 0.000026 seconds.
  path: Assets/Oculus/Interaction/Samples/Audio/Content/Interaction_Locomotion_ChangeDirection.wav
  artifactKey: Guid(ef37598b3ebcae346825ac59d4c29671) Importer(2089858483,192608db42251d675da83286b1cce702)
Start importing Assets/Oculus/Interaction/Samples/Audio/Content/Interaction_Locomotion_ChangeDirection.wav using Guid(ef37598b3ebcae346825ac59d4c29671) Importer(2089858483,192608db42251d675da83286b1cce702) (ScriptedImporter) -> (artifact id: 'b9be0e18561214782e4ae5ef66527029') in 0.0292999 seconds
Number of updated asset objects reloaded before import = 0Number of asset objects unloaded after import = 1

========================================================================
Received Import Request.
  Time since last request: 0.000021 seconds.
  path: Assets/Oculus/Platform/Samples/VrHoops/Scripts/GoalMover.cs
  artifactKey: Guid(fbea2c3cb080a064f84d3bd86c2f3a53) Importer(2089858483,192608db42251d675da83286b1cce702)
Start importing Assets/Oculus/Platform/Samples/VrHoops/Scripts/GoalMover.cs using Guid(fbea2c3cb080a064f84d3bd86c2f3a53) Importer(2089858483,192608db42251d675da83286b1cce702) (ScriptedImporter) -> (artifact id: 'c610d46d580afd5e94e0fc7dd86d451a') in 0.0169604 seconds
Number of updated asset objects reloaded before import = 0Number of asset objects unloaded after import = 0

========================================================================
Received Import Request.
  Time since last request: 0.000022 seconds.
  path: Assets/Oculus/Interaction/Samples/Objects/Environment/BasicPoseExamples.prefab
  artifactKey: Guid(a823fe55a7107c04abd21f4ede9425b3) Importer(2089858483,192608db42251d675da83286b1cce702)
Start importing Assets/Oculus/Interaction/Samples/Objects/Environment/BasicPoseExamples.prefab using Guid(a823fe55a7107c04abd21f4ede9425b3) Importer(2089858483,192608db42251d675da83286b1cce702) (ScriptedImporter) -> (artifact id: '91b1668a21779fc94cb09bb3e437d91a') in 0.0491318 seconds
Number of updated asset objects reloaded before import = 0Number of asset objects unloaded after import = 1146

========================================================================
Received Import Request.
  Time since last request: 0.000060 seconds.
  path: Assets/Oculus/Interaction/Runtime/Scripts/Input/Axis1DSwitch.cs
  artifactKey: Guid(a05b4d817add3f44c996755c74db002b) Importer(2089858483,192608db42251d675da83286b1cce702)
Start importing Assets/Oculus/Interaction/Runtime/Scripts/Input/Axis1DSwitch.cs using Guid(a05b4d817add3f44c996755c74db002b) Importer(2089858483,192608db42251d675da83286b1cce702) (ScriptedImporter) -> (artifact id: '6171d91b2f8986de958e2afe25203c5b') in 0.014468 seconds
Number of updated asset objects reloaded before import = 0Number of asset objects unloaded after import = 0

========================================================================
Received Import Request.
  Time since last request: 0.000017 seconds.
  path: Assets/Oculus/Interaction/Samples/Audio/Content/Interaction_DistanceGrab_Hover.wav
  artifactKey: Guid(1ec345b9b29f7be4a9844256d11985e0) Importer(2089858483,192608db42251d675da83286b1cce702)
Start importing Assets/Oculus/Interaction/Samples/Audio/Content/Interaction_DistanceGrab_Hover.wav using Guid(1ec345b9b29f7be4a9844256d11985e0) Importer(2089858483,192608db42251d675da83286b1cce702) (ScriptedImporter) -> (artifact id: '6b00901d90ace88d139b1100b816d354') in 0.0339471 seconds
Number of updated asset objects reloaded before import = 0Number of asset objects unloaded after import = 1

========================================================================
Received Import Request.
  Time since last request: 0.000016 seconds.
  path: Assets/Oculus/Interaction/Runtime/Scripts/Utils/MonoBehaviourEndOfFrameExtensions.cs
  artifactKey: Guid(4963c9479a6c3c341b813b80a8e0fca6) Importer(2089858483,192608db42251d675da83286b1cce702)
Start importing Assets/Oculus/Interaction/Runtime/Scripts/Utils/MonoBehaviourEndOfFrameExtensions.cs using Guid(4963c9479a6c3c341b813b80a8e0fca6) Importer(2089858483,192608db42251d675da83286b1cce702) (ScriptedImporter) -> (artifact id: '8197d65e40210c4f1786c4e7f9dd4af7') in 0.0152266 seconds
Number of updated asset objects reloaded before import = 0Number of asset objects unloaded after import = 0

========================================================================
Received Import Request.
  Time since last request: 0.000017 seconds.
  path: Assets/Oculus/Interaction/Samples/Audio/Prefabs/ComplexGrabStoneGrabAudio.prefab
  artifactKey: Guid(36f9e4d94e3541446b28a1ffc63010c7) Importer(2089858483,192608db42251d675da83286b1cce702)
Start importing Assets/Oculus/Interaction/Samples/Audio/Prefabs/ComplexGrabStoneGrabAudio.prefab using Guid(36f9e4d94e3541446b28a1ffc63010c7) Importer(2089858483,192608db42251d675da83286b1cce702) (ScriptedImporter) -> (artifact id: '548edea193690cc050af179debc0c1c6') in 0.022851 seconds
Number of updated asset objects reloaded before import = 0Number of asset objects unloaded after import = 11

========================================================================
Received Import Request.
  Time since last request: 0.000025 seconds.
  path: Assets/Oculus/Interaction/Runtime/Scripts/Unity/InteractionOVRCameraRig.cs
  artifactKey: Guid(0ec18063db08ecf4c8592a467369925f) Importer(2089858483,192608db42251d675da83286b1cce702)
Start importing Assets/Oculus/Interaction/Runtime/Scripts/Unity/InteractionOVRCameraRig.cs using Guid(0ec18063db08ecf4c8592a467369925f) Importer(2089858483,192608db42251d675da83286b1cce702) (ScriptedImporter) -> (artifact id: '8c72eb2257bcd0b3789d709ba14c621c') in 0.0136668 seconds
Number of updated asset objects reloaded before import = 0Number of asset objects unloaded after import = 0

========================================================================
Received Import Request.
  Time since last request: 0.000027 seconds.
  path: Assets/Oculus/SampleFramework/Usage/Locomotion/Materials/MAT_grid_01_dark.mat
  artifactKey: Guid(e3444642a1d1346ba8683c66e1272378) Importer(2089858483,192608db42251d675da83286b1cce702)
Start importing Assets/Oculus/SampleFramework/Usage/Locomotion/Materials/MAT_grid_01_dark.mat using Guid(e3444642a1d1346ba8683c66e1272378) Importer(2089858483,192608db42251d675da83286b1cce702) (ScriptedImporter) -> (artifact id: '517f8a721eb3bd99e9fee0cc345a2fb3') in 0.0189906 seconds
Number of updated asset objects reloaded before import = 0Number of asset objects unloaded after import = 2

========================================================================
Received Import Request.
  Time since last request: 0.000022 seconds.
  path: Assets/Oculus/SampleFramework/Usage/Locomotion/Models/WedgeFloor_08.fbx
  artifactKey: Guid(9b2d906e356b541488fc78ab4a17243b) Importer(2089858483,192608db42251d675da83286b1cce702)
Start importing Assets/Oculus/SampleFramework/Usage/Locomotion/Models/WedgeFloor_08.fbx using Guid(9b2d906e356b541488fc78ab4a17243b) Importer(2089858483,192608db42251d675da83286b1cce702) (ScriptedImporter) -> (artifact id: '7636eb34297f4d1d684d4320e70ea34f') in 0.019646 seconds
Number of updated asset objects reloaded before import = 0Number of asset objects unloaded after import = 8

========================================================================
Received Import Request.
  Time since last request: 0.000015 seconds.
  path: Assets/Oculus/SampleFramework/Usage/OVROverlay/Prefabs/UIOverlay.prefab
  artifactKey: Guid(e086febeacfefad48b5a9c4dd2eba552) Importer(2089858483,192608db42251d675da83286b1cce702)
Start importing Assets/Oculus/SampleFramework/Usage/OVROverlay/Prefabs/UIOverlay.prefab using Guid(e086febeacfefad48b5a9c4dd2eba552) Importer(2089858483,192608db42251d675da83286b1cce702) (ScriptedImporter) -> (artifact id: 'aff66bb9cb7ada67eb9c3dde77a29f0e') in 0.0216753 seconds
Number of updated asset objects reloaded before import = 0Number of asset objects unloaded after import = 6

========================================================================
Received Import Request.
  Time since last request: 0.000014 seconds.
  path: Assets/Oculus/SampleFramework/Usage/Locomotion/Textures/floor_wood_02_msm.png
  artifactKey: Guid(ed587ec08f0b14bb58a1cd80e8d4fedc) Importer(2089858483,192608db42251d675da83286b1cce702)
Start importing Assets/Oculus/SampleFramework/Usage/Locomotion/Textures/floor_wood_02_msm.png using Guid(ed587ec08f0b14bb58a1cd80e8d4fedc) Importer(2089858483,192608db42251d675da83286b1cce702) (ScriptedImporter) -> (artifact id: '9c52976f2548b99a22d7df7821f9b968') in 0.019886 seconds
Number of updated asset objects reloaded before import = 0Number of asset objects unloaded after import = 1

========================================================================
Received Import Request.
  Time since last request: 0.000017 seconds.
  path: Assets/Oculus/SampleFramework/Usage/OVROverlay/Textures/OverlayRT.renderTexture
  artifactKey: Guid(d1932f239866af3468dfdd2af678a179) Importer(2089858483,192608db42251d675da83286b1cce702)
Start importing Assets/Oculus/SampleFramework/Usage/OVROverlay/Textures/OverlayRT.renderTexture using Guid(d1932f239866af3468dfdd2af678a179) Importer(2089858483,192608db42251d675da83286b1cce702) (ScriptedImporter) -> (artifact id: 'e8cef2d401eae0a9f088ee42ae016361') in 0.0141955 seconds
Number of updated asset objects reloaded before import = 0Number of asset objects unloaded after import = 1

========================================================================
Received Import Request.
  Time since last request: 0.000016 seconds.
  path: Assets/Oculus/SampleFramework/Usage/Locomotion/Prefabs/CeilingWedgesPf.prefab
  artifactKey: Guid(7c69d9ce39cad438e91794f1c0f27778) Importer(2089858483,192608db42251d675da83286b1cce702)
Start importing Assets/Oculus/SampleFramework/Usage/Locomotion/Prefabs/CeilingWedgesPf.prefab using Guid(7c69d9ce39cad438e91794f1c0f27778) Importer(2089858483,192608db42251d675da83286b1cce702) (ScriptedImporter) -> (artifact id: '9bfb93e466ecf0c2519c61bead404256') in 0.0159509 seconds
Number of updated asset objects reloaded before import = 0Number of asset objects unloaded after import = 24

========================================================================
Received Import Request.
  Time since last request: 0.000021 seconds.
  path: Assets/Oculus/SampleFramework/Usage/Locomotion/Textures/concrete_01_nml.png
  artifactKey: Guid(701403c147f7e4788b7fa79df53cc543) Importer(2089858483,192608db42251d675da83286b1cce702)
Start importing Assets/Oculus/SampleFramework/Usage/Locomotion/Textures/concrete_01_nml.png using Guid(701403c147f7e4788b7fa79df53cc543) Importer(2089858483,192608db42251d675da83286b1cce702) (ScriptedImporter) -> (artifact id: '9e93207f00ab2601f6049144731befd5') in 0.022244 seconds
Number of updated asset objects reloaded before import = 0Number of asset objects unloaded after import = 1

========================================================================
Received Import Request.
  Time since last request: 0.000017 seconds.
  path: Assets/Oculus/SampleFramework/Usage/OVROverlay/Textures/OVRDisplayApplicationLayerText.png
  artifactKey: Guid(ddb5f7d8796b2c345bfe283cdc368c73) Importer(2089858483,192608db42251d675da83286b1cce702)
Start importing Assets/Oculus/SampleFramework/Usage/OVROverlay/Textures/OVRDisplayApplicationLayerText.png using Guid(ddb5f7d8796b2c345bfe283cdc368c73) Importer(2089858483,192608db42251d675da83286b1cce702) (ScriptedImporter) -> (artifact id: 'a46b1a05de8979a3bd4885002da1c649') in 0.0301438 seconds
Number of updated asset objects reloaded before import = 0Number of asset objects unloaded after import = 1

========================================================================
Received Import Request.
  Time since last request: 0.000015 seconds.
  path: Assets/Oculus/SampleFramework/Usage/Locomotion/Models/WedgeFloor_04.fbx
  artifactKey: Guid(23c776da7a69844f2a2a8f5d91026225) Importer(2089858483,192608db42251d675da83286b1cce702)
Start importing Assets/Oculus/SampleFramework/Usage/Locomotion/Models/WedgeFloor_04.fbx using Guid(23c776da7a69844f2a2a8f5d91026225) Importer(2089858483,192608db42251d675da83286b1cce702) (ScriptedImporter) -> (artifact id: '2eac53a3011de3d09edf6f1df49dced2') in 0.0226205 seconds
Number of updated asset objects reloaded before import = 0Number of asset objects unloaded after import = 8

========================================================================
Received Import Request.
  Time since last request: 0.000013 seconds.
  path: Assets/Oculus/SampleFramework/Usage/Locomotion/Materials/DebugDrawLine.mat
  artifactKey: Guid(b4fdc20717507cc48b28ef9db82f0d5f) Importer(2089858483,192608db42251d675da83286b1cce702)
Start importing Assets/Oculus/SampleFramework/Usage/Locomotion/Materials/DebugDrawLine.mat using Guid(b4fdc20717507cc48b28ef9db82f0d5f) Importer(2089858483,192608db42251d675da83286b1cce702) (ScriptedImporter) -> (artifact id: 'f52161d80233589bd6b75f7c305b5e02') in 0.0138419 seconds
Number of updated asset objects reloaded before import = 0Number of asset objects unloaded after import = 1

========================================================================
Received Import Request.
  Time since last request: 0.000014 seconds.
  path: Assets/Oculus/SampleFramework/Usage/OVROverlayCanvas/Editor/OVROverlayCanvasEditor.cs
  artifactKey: Guid(98ff563b1c4841849b47889f82138370) Importer(2089858483,192608db42251d675da83286b1cce702)
Start importing Assets/Oculus/SampleFramework/Usage/OVROverlayCanvas/Editor/OVROverlayCanvasEditor.cs using Guid(98ff563b1c4841849b47889f82138370) Importer(2089858483,192608db42251d675da83286b1cce702) (ScriptedImporter) -> (artifact id: '6fe1ee7ddb11311f8dabea2361c4c627') in 0.0138953 seconds
Number of updated asset objects reloaded before import = 0Number of asset objects unloaded after import = 0

========================================================================
Received Import Request.
  Time since last request: 0.000021 seconds.
  path: Assets/Oculus/SampleFramework/Usage/OVROverlay/Materials/OverlayDynamicTexture.mat
  artifactKey: Guid(5365fc7c3d82d4343b1591d8ea4bd539) Importer(2089858483,192608db42251d675da83286b1cce702)
Start importing Assets/Oculus/SampleFramework/Usage/OVROverlay/Materials/OverlayDynamicTexture.mat using Guid(5365fc7c3d82d4343b1591d8ea4bd539) Importer(2089858483,192608db42251d675da83286b1cce702) (ScriptedImporter) -> (artifact id: '65596ebfef050cd86b1019220685f6e5') in 0.0144922 seconds
Number of updated asset objects reloaded before import = 0Number of asset objects unloaded after import = 2

========================================================================
Received Import Request.
  Time since last request: 0.000027 seconds.
  path: Assets/Oculus/SampleFramework/Usage/HandsTrainExample/TrainScene/Lightmap-8_comp_dir.png
  artifactKey: Guid(5c1031c6067a4db45a7bdf1e31c07670) Importer(2089858483,192608db42251d675da83286b1cce702)
Start importing Assets/Oculus/SampleFramework/Usage/HandsTrainExample/TrainScene/Lightmap-8_comp_dir.png using Guid(5c1031c6067a4db45a7bdf1e31c07670) Importer(2089858483,192608db42251d675da83286b1cce702) (ScriptedImporter) -> (artifact id: 'fb5af26cdddc922a7b6d23a69fd8773f') in 0.0177125 seconds
Number of updated asset objects reloaded before import = 0Number of asset objects unloaded after import = 1

========================================================================
Received Import Request.
  Time since last request: 0.000012 seconds.
  path: Assets/Oculus/SampleFramework/Usage/Passthrough/Materials/BackgroundColor.shader
  artifactKey: Guid(43c7ac0d65589e040afaa622faa8842d) Importer(2089858483,192608db42251d675da83286b1cce702)
Start importing Assets/Oculus/SampleFramework/Usage/Passthrough/Materials/BackgroundColor.shader using Guid(43c7ac0d65589e040afaa622faa8842d) Importer(2089858483,192608db42251d675da83286b1cce702) (ScriptedImporter) -> (artifact id: 'dfb7f179c752ddc6f8a370236c093515') in 0.0123009 seconds
Number of updated asset objects reloaded before import = 0Number of asset objects unloaded after import = 1

========================================================================
Received Import Request.
  Time since last request: 0.000012 seconds.
  path: Assets/Oculus/SampleFramework/Usage/OVROverlay/Textures/Loading.png
  artifactKey: Guid(4b1880a5978c2b54ebdf9a22c6f2cabf) Importer(2089858483,192608db42251d675da83286b1cce702)
Start importing Assets/Oculus/SampleFramework/Usage/OVROverlay/Textures/Loading.png using Guid(4b1880a5978c2b54ebdf9a22c6f2cabf) Importer(2089858483,192608db42251d675da83286b1cce702) (ScriptedImporter) -> (artifact id: '25304e3f5bfb986caca094890d8049df') in 0.0208512 seconds
Number of updated asset objects reloaded before import = 0Number of asset objects unloaded after import = 1

========================================================================
Received Import Request.
  Time since last request: 0.000013 seconds.
  path: Assets/Oculus/SampleFramework/Usage/Locomotion/Textures/floor_tile_01_msm.png
  artifactKey: Guid(f9e3086c956ea4e31b9a07c5d9897182) Importer(2089858483,192608db42251d675da83286b1cce702)
Start importing Assets/Oculus/SampleFramework/Usage/Locomotion/Textures/floor_tile_01_msm.png using Guid(f9e3086c956ea4e31b9a07c5d9897182) Importer(2089858483,192608db42251d675da83286b1cce702) (ScriptedImporter) -> (artifact id: 'a334f293cba6e0a317a0658915c2d778') in 0.0190093 seconds
Number of updated asset objects reloaded before import = 0Number of asset objects unloaded after import = 1

========================================================================
Received Import Request.
  Time since last request: 0.000014 seconds.
  path: Assets/Oculus/SampleFramework/Usage/Locomotion/Materials/MAT_grid_01_light.mat
  artifactKey: Guid(1c0889e6c85aa489ca9303bf392110ed) Importer(2089858483,192608db42251d675da83286b1cce702)
Start importing Assets/Oculus/SampleFramework/Usage/Locomotion/Materials/MAT_grid_01_light.mat using Guid(1c0889e6c85aa489ca9303bf392110ed) Importer(2089858483,192608db42251d675da83286b1cce702) (ScriptedImporter) -> (artifact id: '48a95ad4a9b61d3c8a8059e1ba5a3fde') in 0.0177097 seconds
Number of updated asset objects reloaded before import = 0Number of asset objects unloaded after import = 2

========================================================================
Received Import Request.
  Time since last request: 0.000014 seconds.
  path: Assets/Oculus/SampleFramework/Usage/OVROverlay/Textures/Tile_Texture_360Photo.png
  artifactKey: Guid(fe5a451efeac6e642abfb3b54bea554b) Importer(2089858483,192608db42251d675da83286b1cce702)
Start importing Assets/Oculus/SampleFramework/Usage/OVROverlay/Textures/Tile_Texture_360Photo.png using Guid(fe5a451efeac6e642abfb3b54bea554b) Importer(2089858483,192608db42251d675da83286b1cce702) (ScriptedImporter) -> (artifact id: '650dc1b73bcb1bcd3e5cde9ee668e952') in 0.0206138 seconds
Number of updated asset objects reloaded before import = 0Number of asset objects unloaded after import = 1

========================================================================
Received Import Request.
  Time since last request: 0.000025 seconds.
  path: Assets/Oculus/SampleFramework/Usage/Locomotion/Models/Cube_1_8.fbx
  artifactKey: Guid(5e499b0e5bd2f4813ac6a5fc723b3d44) Importer(2089858483,192608db42251d675da83286b1cce702)
Start importing Assets/Oculus/SampleFramework/Usage/Locomotion/Models/Cube_1_8.fbx using Guid(5e499b0e5bd2f4813ac6a5fc723b3d44) Importer(2089858483,192608db42251d675da83286b1cce702) (ScriptedImporter) -> (artifact id: 'b9a15bfa0a48ae0383580dfbe9da1b17') in 0.0264305 seconds
Number of updated asset objects reloaded before import = 0Number of asset objects unloaded after import = 8

========================================================================
Received Import Request.
  Time since last request: 0.000016 seconds.
  path: Assets/Oculus/Interaction/Runtime/Prefabs/Ray/ControllerRayInteractor.prefab
  artifactKey: Guid(44cf50d1a2e68b64791a3e3143ccda19) Importer(2089858483,192608db42251d675da83286b1cce702)
Start importing Assets/Oculus/Interaction/Runtime/Prefabs/Ray/ControllerRayInteractor.prefab using Guid(44cf50d1a2e68b64791a3e3143ccda19) Importer(2089858483,192608db42251d675da83286b1cce702) (ScriptedImporter) -> (artifact id: '398d4d6246ef61371e45368403d74afe') in 0.0232329 seconds
Number of updated asset objects reloaded before import = 0Number of asset objects unloaded after import = 31

========================================================================
Received Import Request.
  Time since last request: 0.000020 seconds.
  path: Assets/Oculus/Interaction/OVRIntegration/Runtime/Prefabs/OVRInteraction.prefab
  artifactKey: Guid(2f94427b8dd14ea498fd92aee3ec9f0f) Importer(2089858483,192608db42251d675da83286b1cce702)
Start importing Assets/Oculus/Interaction/OVRIntegration/Runtime/Prefabs/OVRInteraction.prefab using Guid(2f94427b8dd14ea498fd92aee3ec9f0f) Importer(2089858483,192608db42251d675da83286b1cce702) (ScriptedImporter) -> (artifact id: '809ac62b7660794d300578edcbe03b67') in 0.0249641 seconds
Number of updated asset objects reloaded before import = 0Number of asset objects unloaded after import = 12

========================================================================
Received Import Request.
  Time since last request: 0.000015 seconds.
  path: Assets/Oculus/Interaction/Samples/Objects/Environment/BasicPokeInfoFrames.prefab
  artifactKey: Guid(6a252322fe21bc94986e47f1b97861d3) Importer(2089858483,192608db42251d675da83286b1cce702)
Start importing Assets/Oculus/Interaction/Samples/Objects/Environment/BasicPokeInfoFrames.prefab using Guid(6a252322fe21bc94986e47f1b97861d3) Importer(2089858483,192608db42251d675da83286b1cce702) (ScriptedImporter) -> (artifact id: 'f1b201c58165e7b5cdfbf1bc1f50170e') in 0.0330978 seconds
Number of updated asset objects reloaded before import = 0Number of asset objects unloaded after import = 111

========================================================================
Received Import Request.
  Time since last request: 0.000019 seconds.
  path: Assets/Oculus/Interaction/Samples/Poses/Shapes/FingersAllNotClosed.asset
  artifactKey: Guid(4a3b8e6157d10b6478b98530bd35dcae) Importer(2089858483,192608db42251d675da83286b1cce702)
Start importing Assets/Oculus/Interaction/Samples/Poses/Shapes/FingersAllNotClosed.asset using Guid(4a3b8e6157d10b6478b98530bd35dcae) Importer(2089858483,192608db42251d675da83286b1cce702) (ScriptedImporter) -> (artifact id: 'd3641a975419f5c7c45d38fe888a1de3') in 0.0196274 seconds
Number of updated asset objects reloaded before import = 0Number of asset objects unloaded after import = 1

========================================================================
Received Import Request.
  Time since last request: 0.000030 seconds.
  path: Assets/Oculus/SampleFramework/Usage/HandsTrainExample/TrainScene/Lightmap-7_comp_dir.png
  artifactKey: Guid(a7945d9d9fd1a054dbbef692365c30be) Importer(2089858483,192608db42251d675da83286b1cce702)
Start importing Assets/Oculus/SampleFramework/Usage/HandsTrainExample/TrainScene/Lightmap-7_comp_dir.png using Guid(a7945d9d9fd1a054dbbef692365c30be) Importer(2089858483,192608db42251d675da83286b1cce702) (ScriptedImporter) -> (artifact id: '4b26d405f493e6f5ced7075dd1de930f') in 0.029806 seconds
Number of updated asset objects reloaded before import = 0Number of asset objects unloaded after import = 1

========================================================================
Received Import Request.
  Time since last request: 0.000013 seconds.
  path: Assets/Oculus/Interaction/Runtime/Scripts/PoseDetection/IFeatureStateThresholds.cs
  artifactKey: Guid(a32c5568211a4c8086cbf588996b654b) Importer(2089858483,192608db42251d675da83286b1cce702)
Start importing Assets/Oculus/Interaction/Runtime/Scripts/PoseDetection/IFeatureStateThresholds.cs using Guid(a32c5568211a4c8086cbf588996b654b) Importer(2089858483,192608db42251d675da83286b1cce702) (ScriptedImporter) -> (artifact id: 'bff5a903eee2533eb1a50190be7c9aa9') in 0.0156481 seconds
Number of updated asset objects reloaded before import = 0Number of asset objects unloaded after import = 0

========================================================================
Received Import Request.
  Time since last request: 0.000017 seconds.
  path: Assets/Oculus/SampleFramework/Usage/HandsTrainExample/TrainScene/Lightmap-25_comp_shadowmask.png
  artifactKey: Guid(25539577c72c9d44b9f852ece77f53b7) Importer(2089858483,192608db42251d675da83286b1cce702)
Start importing Assets/Oculus/SampleFramework/Usage/HandsTrainExample/TrainScene/Lightmap-25_comp_shadowmask.png using Guid(25539577c72c9d44b9f852ece77f53b7) Importer(2089858483,192608db42251d675da83286b1cce702) (ScriptedImporter) -> (artifact id: '14aecf870865dd976299405edf3ab6ef') in 0.0221173 seconds
Number of updated asset objects reloaded before import = 0Number of asset objects unloaded after import = 1

========================================================================
Received Import Request.
  Time since last request: 0.000018 seconds.
  path: Assets/Oculus/SampleFramework/Usage/HandsTrainExample/TrainScene/Lightmap-32_comp_light.exr
  artifactKey: Guid(934c36aa5a11e4c44957ccfee109398a) Importer(2089858483,192608db42251d675da83286b1cce702)
Start importing Assets/Oculus/SampleFramework/Usage/HandsTrainExample/TrainScene/Lightmap-32_comp_light.exr using Guid(934c36aa5a11e4c44957ccfee109398a) Importer(2089858483,192608db42251d675da83286b1cce702) (ScriptedImporter) -> (artifact id: '7cdb284d9fa3cc66db2ffe5e4eb27b32') in 0.0236387 seconds
Number of updated asset objects reloaded before import = 0Number of asset objects unloaded after import = 1

========================================================================
Received Import Request.
  Time since last request: 0.000021 seconds.
  path: Assets/Oculus/SampleFramework/Usage/HandsTrainExample/TrainScene/Lightmap-26_comp_shadowmask.png
  artifactKey: Guid(5dbb562af96fff14f8750df12a4a9f32) Importer(2089858483,192608db42251d675da83286b1cce702)
Start importing Assets/Oculus/SampleFramework/Usage/HandsTrainExample/TrainScene/Lightmap-26_comp_shadowmask.png using Guid(5dbb562af96fff14f8750df12a4a9f32) Importer(2089858483,192608db42251d675da83286b1cce702) (ScriptedImporter) -> (artifact id: '917a2a0a6a28e7f3514ec129ee2f312e') in 0.02543 seconds
Number of updated asset objects reloaded before import = 0Number of asset objects unloaded after import = 1

========================================================================
Received Import Request.
  Time since last request: 0.000033 seconds.
  path: Assets/Oculus/SampleFramework/Usage/OVROverlay/Textures/Tile_Texture_Cinema.png
  artifactKey: Guid(bbb53525b0a17364d8b239d5627667e5) Importer(2089858483,192608db42251d675da83286b1cce702)
Start importing Assets/Oculus/SampleFramework/Usage/OVROverlay/Textures/Tile_Texture_Cinema.png using Guid(bbb53525b0a17364d8b239d5627667e5) Importer(2089858483,192608db42251d675da83286b1cce702) (ScriptedImporter) -> (artifact id: 'dd51725fd1beb5a90a81a1a15f6e86a4') in 0.0330603 seconds
Number of updated asset objects reloaded before import = 0Number of asset objects unloaded after import = 1

========================================================================
Received Import Request.
  Time since last request: 0.000022 seconds.
  path: Assets/Oculus/SampleFramework/Usage/HandsTrainExample/TrainScene/Lightmap-38_comp_dir.png
  artifactKey: Guid(fb564ef5cddf2644d9d276fbda430b26) Importer(2089858483,192608db42251d675da83286b1cce702)
Start importing Assets/Oculus/SampleFramework/Usage/HandsTrainExample/TrainScene/Lightmap-38_comp_dir.png using Guid(fb564ef5cddf2644d9d276fbda430b26) Importer(2089858483,192608db42251d675da83286b1cce702) (ScriptedImporter) -> (artifact id: '1bf4ff831bcd960e2d1b1e6894b97a3a') in 0.0284945 seconds
Number of updated asset objects reloaded before import = 0Number of asset objects unloaded after import = 1

========================================================================
Received Import Request.
  Time since last request: 0.000014 seconds.
  path: Assets/Oculus/SampleFramework/Usage/Locomotion/Materials/MAT_floor_wood_01.mat
  artifactKey: Guid(5d1946ce7cee747e6aa39a6ea4350e11) Importer(2089858483,192608db42251d675da83286b1cce702)
Start importing Assets/Oculus/SampleFramework/Usage/Locomotion/Materials/MAT_floor_wood_01.mat using Guid(5d1946ce7cee747e6aa39a6ea4350e11) Importer(2089858483,192608db42251d675da83286b1cce702) (ScriptedImporter) -> (artifact id: 'b444b56a4cde258084e8d85cf9a619f3') in 0.0276401 seconds
Number of updated asset objects reloaded before import = 0Number of asset objects unloaded after import = 4

========================================================================
Received Import Request.
  Time since last request: 0.000012 seconds.
  path: Assets/Oculus/SampleFramework/Usage/OVROverlay/Materials/Tile_Mat_BackgroundHighlight.mat
  artifactKey: Guid(081039a448bec6e48827af5f9b606f83) Importer(2089858483,192608db42251d675da83286b1cce702)
Start importing Assets/Oculus/SampleFramework/Usage/OVROverlay/Materials/Tile_Mat_BackgroundHighlight.mat using Guid(081039a448bec6e48827af5f9b606f83) Importer(2089858483,192608db42251d675da83286b1cce702) (ScriptedImporter) -> (artifact id: 'b359f2325c35938fd50ad6edf0c7aaf5') in 0.0163772 seconds
Number of updated asset objects reloaded before import = 0Number of asset objects unloaded after import = 1

========================================================================
Received Import Request.
  Time since last request: 0.000019 seconds.
  path: Assets/Oculus/SampleFramework/Usage/HandsTrainExample/TrainScene/Lightmap-35_comp_light.exr
  artifactKey: Guid(8de834b7f46603f439c6f72fb642e5aa) Importer(2089858483,192608db42251d675da83286b1cce702)
Start importing Assets/Oculus/SampleFramework/Usage/HandsTrainExample/TrainScene/Lightmap-35_comp_light.exr using Guid(8de834b7f46603f439c6f72fb642e5aa) Importer(2089858483,192608db42251d675da83286b1cce702) (ScriptedImporter) -> (artifact id: 'f03c0a6eb43f758ab8e358961e2d6ca7') in 0.0232164 seconds
Number of updated asset objects reloaded before import = 0Number of asset objects unloaded after import = 1

========================================================================
Received Import Request.
  Time since last request: 0.000028 seconds.
  path: Assets/Oculus/SampleFramework/Usage/Locomotion/Prefabs/FloorWedgesPf.prefab
  artifactKey: Guid(6b318c3c761f24dba9610ec0451cba2b) Importer(2089858483,192608db42251d675da83286b1cce702)
Start importing Assets/Oculus/SampleFramework/Usage/Locomotion/Prefabs/FloorWedgesPf.prefab using Guid(6b318c3c761f24dba9610ec0451cba2b) Importer(2089858483,192608db42251d675da83286b1cce702) (ScriptedImporter) -> (artifact id: 'cd97aa2a122638300c09739463212fa1') in 0.0198652 seconds
Number of updated asset objects reloaded before import = 0Number of asset objects unloaded after import = 64

========================================================================
Received Import Request.
  Time since last request: 0.000017 seconds.
  path: Assets/Oculus/SampleFramework/Usage/HandsTrainExample/TrainScene/Lightmap-22_comp_light.exr
  artifactKey: Guid(22913af06b48e0345b87b22f4b990ed0) Importer(2089858483,192608db42251d675da83286b1cce702)
Start importing Assets/Oculus/SampleFramework/Usage/HandsTrainExample/TrainScene/Lightmap-22_comp_light.exr using Guid(22913af06b48e0345b87b22f4b990ed0) Importer(2089858483,192608db42251d675da83286b1cce702) (ScriptedImporter) -> (artifact id: '6fe4b6b14bf091bccffd8d345e08d835') in 0.0208692 seconds
Number of updated asset objects reloaded before import = 0Number of asset objects unloaded after import = 1

========================================================================
Received Import Request.
  Time since last request: 0.000018 seconds.
  path: Assets/Oculus/SampleFramework/Usage/HandsTrainExample/TrainScene/Lightmap-19_comp_light.exr
  artifactKey: Guid(f2181406b4c6977469197f2bc6ee9e28) Importer(2089858483,192608db42251d675da83286b1cce702)
Start importing Assets/Oculus/SampleFramework/Usage/HandsTrainExample/TrainScene/Lightmap-19_comp_light.exr using Guid(f2181406b4c6977469197f2bc6ee9e28) Importer(2089858483,192608db42251d675da83286b1cce702) (ScriptedImporter) -> (artifact id: '8b238122fe2c3035e0cdd3834560ed7e') in 0.0221268 seconds
Number of updated asset objects reloaded before import = 0Number of asset objects unloaded after import = 1

========================================================================
Received Import Request.
  Time since last request: 0.000015 seconds.
  path: Assets/Oculus/SampleFramework/Usage/HandsTrainExample/Prefabs/Train.prefab
  artifactKey: Guid(4d567a62afb480c49a270e0e4ea252d0) Importer(2089858483,192608db42251d675da83286b1cce702)
Start importing Assets/Oculus/SampleFramework/Usage/HandsTrainExample/Prefabs/Train.prefab using Guid(4d567a62afb480c49a270e0e4ea252d0) Importer(2089858483,192608db42251d675da83286b1cce702) (ScriptedImporter) -> (artifact id: '93b10acd06a0fcf4882b52848356149c') in 0.0800079 seconds
Number of updated asset objects reloaded before import = 0Number of asset objects unloaded after import = 86

========================================================================
Received Import Request.
  Time since last request: 0.000015 seconds.
  path: Assets/Oculus/SampleFramework/Usage/HandsTrainExample/Prefabs/NearFieldItems.prefab
  artifactKey: Guid(ba81d7ad914d196478713b77b78ab653) Importer(2089858483,192608db42251d675da83286b1cce702)
Start importing Assets/Oculus/SampleFramework/Usage/HandsTrainExample/Prefabs/NearFieldItems.prefab using Guid(ba81d7ad914d196478713b77b78ab653) Importer(2089858483,192608db42251d675da83286b1cce702) (ScriptedImporter) -> (artifact id: '4a4c2f7512d09672d9567ecb09d9649c') in 0.0265952 seconds
Number of updated asset objects reloaded before import = 0Number of asset objects unloaded after import = 287

========================================================================
Received Import Request.
  Time since last request: 0.000037 seconds.
  path: Assets/Oculus/SampleFramework/Usage/HandsTrainExample/TrainScene/Lightmap-9_comp_light.exr
  artifactKey: Guid(bfda5fe457ad17047974e4c3e38fe644) Importer(2089858483,192608db42251d675da83286b1cce702)
Start importing Assets/Oculus/SampleFramework/Usage/HandsTrainExample/TrainScene/Lightmap-9_comp_light.exr using Guid(bfda5fe457ad17047974e4c3e38fe644) Importer(2089858483,192608db42251d675da83286b1cce702) (ScriptedImporter) -> (artifact id: '4b104d104e8a4d4e6888df607d205cc4') in 0.025406 seconds
Number of updated asset objects reloaded before import = 0Number of asset objects unloaded after import = 1

========================================================================
Received Import Request.
  Time since last request: 0.000012 seconds.
  path: Assets/Oculus/SampleFramework/Usage/HandsTrainExample/TrainScene/Lightmap-17_comp_dir.png
  artifactKey: Guid(0350be3081c4bb042a4108d90e594585) Importer(2089858483,192608db42251d675da83286b1cce702)
Start importing Assets/Oculus/SampleFramework/Usage/HandsTrainExample/TrainScene/Lightmap-17_comp_dir.png using Guid(0350be3081c4bb042a4108d90e594585) Importer(2089858483,192608db42251d675da83286b1cce702) (ScriptedImporter) -> (artifact id: '82cf020e55ca87bb6c8f53c90303496b') in 0.0196072 seconds
Number of updated asset objects reloaded before import = 0Number of asset objects unloaded after import = 1

========================================================================
Received Import Request.
  Time since last request: 0.000015 seconds.
  path: Assets/Oculus/SampleFramework/Usage/OVROverlay/Textures/QuadOverlayText.png
  artifactKey: Guid(fe0116bd810bd5b438e8737805ce0235) Importer(2089858483,192608db42251d675da83286b1cce702)
Start importing Assets/Oculus/SampleFramework/Usage/OVROverlay/Textures/QuadOverlayText.png using Guid(fe0116bd810bd5b438e8737805ce0235) Importer(2089858483,192608db42251d675da83286b1cce702) (ScriptedImporter) -> (artifact id: 'a79c36cee8a5e4ba73aa09e8b8b145ba') in 0.021096 seconds
Number of updated asset objects reloaded before import = 0Number of asset objects unloaded after import = 1

========================================================================
Received Import Request.
  Time since last request: 0.000014 seconds.
  path: Assets/Oculus/SampleFramework/Usage/HandsTrainExample/Shaders/GradientSkybox.shader
  artifactKey: Guid(a26f6c3a227968248908d2fc42ae06e9) Importer(2089858483,192608db42251d675da83286b1cce702)
Start importing Assets/Oculus/SampleFramework/Usage/HandsTrainExample/Shaders/GradientSkybox.shader using Guid(a26f6c3a227968248908d2fc42ae06e9) Importer(2089858483,192608db42251d675da83286b1cce702) (ScriptedImporter) -> (artifact id: 'ebb9287b72c5146b23c5e107638eee9f') in 0.0138123 seconds
Number of updated asset objects reloaded before import = 0Number of asset objects unloaded after import = 1

========================================================================
Received Import Request.
  Time since last request: 0.000014 seconds.
  path: Assets/Oculus/SampleFramework/Usage/Passthrough/Scripts/PassthroughSurface.cs
  artifactKey: Guid(2c1dad0290b0d40379a1e56a66042be7) Importer(2089858483,192608db42251d675da83286b1cce702)
Start importing Assets/Oculus/SampleFramework/Usage/Passthrough/Scripts/PassthroughSurface.cs using Guid(2c1dad0290b0d40379a1e56a66042be7) Importer(2089858483,192608db42251d675da83286b1cce702) (ScriptedImporter) -> (artifact id: 'a23f67039493d97c9db96c1f78b5604a') in 0.0140522 seconds
Number of updated asset objects reloaded before import = 0Number of asset objects unloaded after import = 0

========================================================================
Received Import Request.
  Time since last request: 0.000017 seconds.
  path: Assets/Oculus/SampleFramework/Usage/SharedAssets/Prefabs/TablePf.prefab
  artifactKey: Guid(ee58b044a94296f4b8b04a34dff2f933) Importer(2089858483,192608db42251d675da83286b1cce702)
Start importing Assets/Oculus/SampleFramework/Usage/SharedAssets/Prefabs/TablePf.prefab using Guid(ee58b044a94296f4b8b04a34dff2f933) Importer(2089858483,192608db42251d675da83286b1cce702) (ScriptedImporter) -> (artifact id: '12aa9e0f0dd9ac30006a9c8ec80bf4ab') in 0.0162746 seconds
Number of updated asset objects reloaded before import = 0Number of asset objects unloaded after import = 10

========================================================================
Received Import Request.
  Time since last request: 0.000045 seconds.
  path: Assets/Oculus/SampleFramework/Usage/Passthrough/Scripts/Flashlight.cs
  artifactKey: Guid(5e39bcbc612bddc4680b924ebcda2dd9) Importer(2089858483,192608db42251d675da83286b1cce702)
Start importing Assets/Oculus/SampleFramework/Usage/Passthrough/Scripts/Flashlight.cs using Guid(5e39bcbc612bddc4680b924ebcda2dd9) Importer(2089858483,192608db42251d675da83286b1cce702) (ScriptedImporter) -> (artifact id: '36a290df1b3a56dd930ec4bc8821db9d') in 0.0136887 seconds
Number of updated asset objects reloaded before import = 0Number of asset objects unloaded after import = 0

========================================================================
Received Import Request.
  Time since last request: 0.000015 seconds.
  path: Assets/Oculus/SampleFramework/Usage/SharedAssets/Materials/Ball03.mat
  artifactKey: Guid(d73f8afe478afde498d6b36047a52c73) Importer(2089858483,192608db42251d675da83286b1cce702)
Start importing Assets/Oculus/SampleFramework/Usage/SharedAssets/Materials/Ball03.mat using Guid(d73f8afe478afde498d6b36047a52c73) Importer(2089858483,192608db42251d675da83286b1cce702) (ScriptedImporter) -> (artifact id: 'c12d7ad8c938deee1a15028355e9080d') in 0.0470162 seconds
Number of updated asset objects reloaded before import = 0Number of asset objects unloaded after import = 2

========================================================================
Received Import Request.
  Time since last request: 0.000013 seconds.
  path: Assets/Oculus/SampleFramework/Usage/SceneManager/Materials/Volume Mesh.mat
  artifactKey: Guid(92560d2023bfad34d83532384d82ae5e) Importer(2089858483,192608db42251d675da83286b1cce702)
Start importing Assets/Oculus/SampleFramework/Usage/SceneManager/Materials/Volume Mesh.mat using Guid(92560d2023bfad34d83532384d82ae5e) Importer(2089858483,192608db42251d675da83286b1cce702) (ScriptedImporter) -> (artifact id: '565d672d88741a259404f087e3e16ccf') in 0.0160941 seconds
Number of updated asset objects reloaded before import = 0Number of asset objects unloaded after import = 1

========================================================================
Received Import Request.
  Time since last request: 0.000011 seconds.
  path: Assets/Oculus/SampleFramework/Usage/SharedAssets/Textures/block_wood_01_dif.png
  artifactKey: Guid(4281f5429a5bbd04da4ccfce25a814d3) Importer(2089858483,192608db42251d675da83286b1cce702)
Start importing Assets/Oculus/SampleFramework/Usage/SharedAssets/Textures/block_wood_01_dif.png using Guid(4281f5429a5bbd04da4ccfce25a814d3) Importer(2089858483,192608db42251d675da83286b1cce702) (ScriptedImporter) -> (artifact id: 'af75e3ba81f1400bd5fd5b088d4322cb') in 0.0190065 seconds
Number of updated asset objects reloaded before import = 0Number of asset objects unloaded after import = 1

========================================================================
Received Import Request.
  Time since last request: 0.000020 seconds.
  path: Assets/Oculus/SampleFramework/Usage/SceneManager/Prefabs/InvisibleVolume.prefab
  artifactKey: Guid(d9e6bf90859da5e4a99697b186a19545) Importer(2089858483,192608db42251d675da83286b1cce702)
Start importing Assets/Oculus/SampleFramework/Usage/SceneManager/Prefabs/InvisibleVolume.prefab using Guid(d9e6bf90859da5e4a99697b186a19545) Importer(2089858483,192608db42251d675da83286b1cce702) (ScriptedImporter) -> (artifact id: 'ad3bc04e4317dba7772c616c9b62e428') in 0.0158297 seconds
Number of updated asset objects reloaded before import = 0Number of asset objects unloaded after import = 10

========================================================================
Received Import Request.
  Time since last request: 0.000023 seconds.
  path: Assets/Oculus/SampleFramework/Usage/SharedAssets/Models/ball_soccer_01.fbx
  artifactKey: Guid(dfd14d25717789f4796c172f0155c366) Importer(2089858483,192608db42251d675da83286b1cce702)
Start importing Assets/Oculus/SampleFramework/Usage/SharedAssets/Models/ball_soccer_01.fbx using Guid(dfd14d25717789f4796c172f0155c366) Importer(2089858483,192608db42251d675da83286b1cce702) (ScriptedImporter) -> (artifact id: 'e22abbb1d9088f1ae5f5a22042b00c14') in 0.0209382 seconds
Number of updated asset objects reloaded before import = 0Number of asset objects unloaded after import = 9

========================================================================
Received Import Request.
  Time since last request: 0.000030 seconds.
  path: Assets/Oculus/SampleFramework/Usage/Passthrough/Materials/SelectivePassthroughSoft.shader
  artifactKey: Guid(e1c8c96b450f6914da76c6fcf77a901f) Importer(2089858483,192608db42251d675da83286b1cce702)
Start importing Assets/Oculus/SampleFramework/Usage/Passthrough/Materials/SelectivePassthroughSoft.shader using Guid(e1c8c96b450f6914da76c6fcf77a901f) Importer(2089858483,192608db42251d675da83286b1cce702) (ScriptedImporter) -> (artifact id: '5408e45febd96698c556afc6160357f8') in 0.016864 seconds
Number of updated asset objects reloaded before import = 0Number of asset objects unloaded after import = 1

========================================================================
Received Import Request.
  Time since last request: 0.000011 seconds.
  path: Assets/Oculus/SampleFramework/Usage/SharedAssets/Prefabs/SoccerBallPf.prefab
  artifactKey: Guid(2942a9241566d9f49916c618e9dc95a7) Importer(2089858483,192608db42251d675da83286b1cce702)
Start importing Assets/Oculus/SampleFramework/Usage/SharedAssets/Prefabs/SoccerBallPf.prefab using Guid(2942a9241566d9f49916c618e9dc95a7) Importer(2089858483,192608db42251d675da83286b1cce702) (ScriptedImporter) -> (artifact id: '9c9f6ae269b1c998e9f7d3edbc391a52') in 0.0192064 seconds
Number of updated asset objects reloaded before import = 0Number of asset objects unloaded after import = 11

========================================================================
Received Import Request.
  Time since last request: 0.000019 seconds.
  path: Assets/Oculus/SampleFramework/Usage/Passthrough/Scripts/SPPquad.cs
  artifactKey: Guid(232631f957b49a94b952c7117d9c3d40) Importer(2089858483,192608db42251d675da83286b1cce702)
Start importing Assets/Oculus/SampleFramework/Usage/Passthrough/Scripts/SPPquad.cs using Guid(232631f957b49a94b952c7117d9c3d40) Importer(2089858483,192608db42251d675da83286b1cce702) (ScriptedImporter) -> (artifact id: '6a206951b5294a29ab3fedc33a74631a') in 0.0146782 seconds
Number of updated asset objects reloaded before import = 0Number of asset objects unloaded after import = 0

========================================================================
Received Import Request.
  Time since last request: 0.000015 seconds.
  path: Assets/Oculus/SampleFramework/Usage/SharedAssets/Materials/SportsBottle_metal.mat
  artifactKey: Guid(e04a4300d0596db4ba52a535422513d3) Importer(2089858483,192608db42251d675da83286b1cce702)
Start importing Assets/Oculus/SampleFramework/Usage/SharedAssets/Materials/SportsBottle_metal.mat using Guid(e04a4300d0596db4ba52a535422513d3) Importer(2089858483,192608db42251d675da83286b1cce702) (ScriptedImporter) -> (artifact id: '4457cddbcb8460bbfbeb42e0231f3652') in 0.017701 seconds
Number of updated asset objects reloaded before import = 0Number of asset objects unloaded after import = 2

========================================================================
Received Import Request.
  Time since last request: 0.000012 seconds.
  path: Assets/Oculus/SampleFramework/Usage/Passthrough/Materials/WhiteUnlit.mat
  artifactKey: Guid(89681c510a2d4144f82986df469f44a1) Importer(2089858483,192608db42251d675da83286b1cce702)
Start importing Assets/Oculus/SampleFramework/Usage/Passthrough/Materials/WhiteUnlit.mat using Guid(89681c510a2d4144f82986df469f44a1) Importer(2089858483,192608db42251d675da83286b1cce702) (ScriptedImporter) -> (artifact id: 'd88912cf46d6ee55ff3f3c6c4e22638d') in 0.0159412 seconds
Number of updated asset objects reloaded before import = 0Number of asset objects unloaded after import = 1

========================================================================
Received Import Request.
  Time since last request: 0.000019 seconds.
  path: Assets/Oculus/SampleFramework/Usage/SceneManager/Materials/InvisibleOccluder.mat
  artifactKey: Guid(b8bd68487053dd84fbf7fabc4b50bd16) Importer(2089858483,192608db42251d675da83286b1cce702)
Start importing Assets/Oculus/SampleFramework/Usage/SceneManager/Materials/InvisibleOccluder.mat using Guid(b8bd68487053dd84fbf7fabc4b50bd16) Importer(2089858483,192608db42251d675da83286b1cce702) (ScriptedImporter) -> (artifact id: '35fae9e775d73bcb605308c43b3f3fef') in 0.0149786 seconds
Number of updated asset objects reloaded before import = 0Number of asset objects unloaded after import = 1

========================================================================
Received Import Request.
  Time since last request: 0.000024 seconds.
  path: Assets/Oculus/SampleFramework/Usage/SceneManager/Scripts/BouncingBallMgr.cs
  artifactKey: Guid(5eceb167892f49a48a0f8e1ee2bd4e02) Importer(2089858483,192608db42251d675da83286b1cce702)
Start importing Assets/Oculus/SampleFramework/Usage/SceneManager/Scripts/BouncingBallMgr.cs using Guid(5eceb167892f49a48a0f8e1ee2bd4e02) Importer(2089858483,192608db42251d675da83286b1cce702) (ScriptedImporter) -> (artifact id: 'bd1af153111d9c45b8a82962f51bea72') in 0.0129558 seconds
Number of updated asset objects reloaded before import = 0Number of asset objects unloaded after import = 0

========================================================================
Received Import Request.
  Time since last request: 0.000016 seconds.
  path: Assets/Oculus/SampleFramework/Usage/Passthrough/Scripts/HandMeshUI.cs
  artifactKey: Guid(ff682cd7f7129418aa8ec97bc03d5c8c) Importer(2089858483,192608db42251d675da83286b1cce702)
Start importing Assets/Oculus/SampleFramework/Usage/Passthrough/Scripts/HandMeshUI.cs using Guid(ff682cd7f7129418aa8ec97bc03d5c8c) Importer(2089858483,192608db42251d675da83286b1cce702) (ScriptedImporter) -> (artifact id: '23d19b087d6b1011f9783b2478dc4353') in 0.0154017 seconds
Number of updated asset objects reloaded before import = 0Number of asset objects unloaded after import = 0

========================================================================
Received Import Request.
  Time since last request: 0.000015 seconds.
  path: Assets/Oculus/SampleFramework/Usage/Passthrough/Materials/SelectivePassthroughSoft.mat
  artifactKey: Guid(ddbf76a20fa22a14a83e42283bde1eb8) Importer(2089858483,192608db42251d675da83286b1cce702)
Start importing Assets/Oculus/SampleFramework/Usage/Passthrough/Materials/SelectivePassthroughSoft.mat using Guid(ddbf76a20fa22a14a83e42283bde1eb8) Importer(2089858483,192608db42251d675da83286b1cce702) (ScriptedImporter) -> (artifact id: '84e49329309960b1d560ab30e8a18e6f') in 0.0153908 seconds
Number of updated asset objects reloaded before import = 0Number of asset objects unloaded after import = 2

========================================================================
Received Import Request.
  Time since last request: 0.000015 seconds.
  path: Assets/Oculus/SampleFramework/Usage/SharedAssets/Skyboxes/skybox01_openGL.png
  artifactKey: Guid(688075b2003a4474b8a0ea4e06e06b3e) Importer(2089858483,192608db42251d675da83286b1cce702)
Start importing Assets/Oculus/SampleFramework/Usage/SharedAssets/Skyboxes/skybox01_openGL.png using Guid(688075b2003a4474b8a0ea4e06e06b3e) Importer(2089858483,192608db42251d675da83286b1cce702) (ScriptedImporter) -> (artifact id: 'f1b802b9f5e2f7ac92152ac286721460') in 0.0480345 seconds
Number of updated asset objects reloaded before import = 0Number of asset objects unloaded after import = 1

========================================================================
Received Import Request.
  Time since last request: 0.000016 seconds.
  path: Assets/Oculus/SampleFramework/Usage/Passthrough/Materials/HandMeshMask.mat
  artifactKey: Guid(86bd0db9d12fe4cafb0f57c9596dc64d) Importer(2089858483,192608db42251d675da83286b1cce702)
Start importing Assets/Oculus/SampleFramework/Usage/Passthrough/Materials/HandMeshMask.mat using Guid(86bd0db9d12fe4cafb0f57c9596dc64d) Importer(2089858483,192608db42251d675da83286b1cce702) (ScriptedImporter) -> (artifact id: '90e187c79778b529eaac38cf6751b622') in 0.0418137 seconds
Number of updated asset objects reloaded before import = 0Number of asset objects unloaded after import = 2

========================================================================
Received Import Request.
  Time since last request: 0.000033 seconds.
  path: Assets/Oculus/SampleFramework/Usage/SharedAssets/Materials/Ball10.mat
  artifactKey: Guid(159194f8c47a59b44b6aeedaa2eaf336) Importer(2089858483,192608db42251d675da83286b1cce702)
Start importing Assets/Oculus/SampleFramework/Usage/SharedAssets/Materials/Ball10.mat using Guid(159194f8c47a59b44b6aeedaa2eaf336) Importer(2089858483,192608db42251d675da83286b1cce702) (ScriptedImporter) -> (artifact id: '20a5f664f0643ad000101df76a18a78f') in 0.0155841 seconds
Number of updated asset objects reloaded before import = 0Number of asset objects unloaded after import = 2

========================================================================
Received Import Request.
  Time since last request: 0.000013 seconds.
  path: Assets/Oculus/SampleFramework/Usage/SharedAssets/Models/door_01.fbx
  artifactKey: Guid(1abf38d82ed5948a6a28aad10d61b678) Importer(2089858483,192608db42251d675da83286b1cce702)
Start importing Assets/Oculus/SampleFramework/Usage/SharedAssets/Models/door_01.fbx using Guid(1abf38d82ed5948a6a28aad10d61b678) Importer(2089858483,192608db42251d675da83286b1cce702) (ScriptedImporter) -> (artifact id: '08c24517ce7f94d93b2239c1052a1cde') in 0.0208663 seconds
Number of updated asset objects reloaded before import = 0Number of asset objects unloaded after import = 8

========================================================================
Received Import Request.
  Time since last request: 0.000012 seconds.
  path: Assets/Oculus/SampleFramework/Usage/Passthrough/Scripts/FlashlightController.cs
  artifactKey: Guid(728c99f7459324d4abbab04f8bfd63b5) Importer(2089858483,192608db42251d675da83286b1cce702)
Start importing Assets/Oculus/SampleFramework/Usage/Passthrough/Scripts/FlashlightController.cs using Guid(728c99f7459324d4abbab04f8bfd63b5) Importer(2089858483,192608db42251d675da83286b1cce702) (ScriptedImporter) -> (artifact id: 'b0f20c601c08588ccded6ef4f13500e0') in 0.0164377 seconds
Number of updated asset objects reloaded before import = 0Number of asset objects unloaded after import = 0

========================================================================
Received Import Request.
  Time since last request: 0.000012 seconds.
  path: Assets/Oculus/SampleFramework/Usage/Passthrough/Materials/SignGlow.mat
  artifactKey: Guid(4987a147e31e8044ea7e0762e6f1780a) Importer(2089858483,192608db42251d675da83286b1cce702)
Start importing Assets/Oculus/SampleFramework/Usage/Passthrough/Materials/SignGlow.mat using Guid(4987a147e31e8044ea7e0762e6f1780a) Importer(2089858483,192608db42251d675da83286b1cce702) (ScriptedImporter) -> (artifact id: '4d5b6e9785e04ef1805578ac82fdf4ea') in 0.0141251 seconds
Number of updated asset objects reloaded before import = 0Number of asset objects unloaded after import = 1

========================================================================
Received Import Request.
  Time since last request: 0.000013 seconds.
  path: Assets/Oculus/SampleFramework/Usage/SharedAssets/Prefabs/BillardBall03Pf.prefab
  artifactKey: Guid(46017755ec437f44e8415741e839f3c0) Importer(2089858483,192608db42251d675da83286b1cce702)
Start importing Assets/Oculus/SampleFramework/Usage/SharedAssets/Prefabs/BillardBall03Pf.prefab using Guid(46017755ec437f44e8415741e839f3c0) Importer(2089858483,192608db42251d675da83286b1cce702) (ScriptedImporter) -> (artifact id: '30c8920c486abce8a6116e2c53cac7ea') in 0.0192142 seconds
Number of updated asset objects reloaded before import = 0Number of asset objects unloaded after import = 10

========================================================================
Received Import Request.
  Time since last request: 0.000014 seconds.
  path: Assets/Oculus/SampleFramework/Usage/Passthrough/Materials/HandMeshMaskDebug.mat
  artifactKey: Guid(39aedcfe39f8a49159ed27422df8de27) Importer(2089858483,192608db42251d675da83286b1cce702)
Start importing Assets/Oculus/SampleFramework/Usage/Passthrough/Materials/HandMeshMaskDebug.mat using Guid(39aedcfe39f8a49159ed27422df8de27) Importer(2089858483,192608db42251d675da83286b1cce702) (ScriptedImporter) -> (artifact id: 'a15ccc14c7bf064f3ebab349a85e2e6d') in 0.0154867 seconds
Number of updated asset objects reloaded before import = 0Number of asset objects unloaded after import = 2

========================================================================
Received Import Request.
  Time since last request: 0.000020 seconds.
  path: Assets/Oculus/SampleFramework/Usage/SceneManager/Shaders/WireframeShader.shader
  artifactKey: Guid(5009e5d9661683d4ea61124ecb0e0069) Importer(2089858483,192608db42251d675da83286b1cce702)
Start importing Assets/Oculus/SampleFramework/Usage/SceneManager/Shaders/WireframeShader.shader using Guid(5009e5d9661683d4ea61124ecb0e0069) Importer(2089858483,192608db42251d675da83286b1cce702) (ScriptedImporter) -> (artifact id: '01c4c8a7133099ca0d14eb491983523f') in 0.0117615 seconds
Number of updated asset objects reloaded before import = 0Number of asset objects unloaded after import = 1

========================================================================
Received Import Request.
  Time since last request: 0.000012 seconds.
  path: Assets/Oculus/SampleFramework/Usage/SceneManager/Prefabs/BouncingBall.prefab
  artifactKey: Guid(3abe693e061ff3d4781d623a0c9856c2) Importer(2089858483,192608db42251d675da83286b1cce702)
Start importing Assets/Oculus/SampleFramework/Usage/SceneManager/Prefabs/BouncingBall.prefab using Guid(3abe693e061ff3d4781d623a0c9856c2) Importer(2089858483,192608db42251d675da83286b1cce702) (ScriptedImporter) -> (artifact id: '2b3d64b9a73fc26844c4799cf7e9e9ac') in 0.0239953 seconds
Number of updated asset objects reloaded before import = 0Number of asset objects unloaded after import = 16

========================================================================
Received Import Request.
  Time since last request: 0.000013 seconds.
  path: Assets/Oculus/SampleFramework/Usage/SharedAssets/Materials/SportsBottle_lid.mat
  artifactKey: Guid(c99e99ab53520b24f933da34732440eb) Importer(2089858483,192608db42251d675da83286b1cce702)
Start importing Assets/Oculus/SampleFramework/Usage/SharedAssets/Materials/SportsBottle_lid.mat using Guid(c99e99ab53520b24f933da34732440eb) Importer(2089858483,192608db42251d675da83286b1cce702) (ScriptedImporter) -> (artifact id: '69b125b4580748eceb33b28d258a0375') in 0.0146256 seconds
Number of updated asset objects reloaded before import = 0Number of asset objects unloaded after import = 1

========================================================================
Received Import Request.
  Time since last request: 0.000017 seconds.
  path: Assets/Oculus/SampleFramework/Usage/SceneManager/Materials/Metal.mat
  artifactKey: Guid(ebd389a7176a61f4c88965b506f5b5e9) Importer(2089858483,192608db42251d675da83286b1cce702)
Start importing Assets/Oculus/SampleFramework/Usage/SceneManager/Materials/Metal.mat using Guid(ebd389a7176a61f4c88965b506f5b5e9) Importer(2089858483,192608db42251d675da83286b1cce702) (ScriptedImporter) -> (artifact id: '26f21b08cb0bf320aaca4f41ef201f24') in 0.0153886 seconds
Number of updated asset objects reloaded before import = 0Number of asset objects unloaded after import = 1

========================================================================
Received Import Request.
  Time since last request: 0.000017 seconds.
  path: Assets/Oculus/SampleFramework/Usage/Passthrough/Scenes/PassthroughHands.unity
  artifactKey: Guid(c94e480e4a6da614693c0cd3372e2d2d) Importer(2089858483,192608db42251d675da83286b1cce702)
Start importing Assets/Oculus/SampleFramework/Usage/Passthrough/Scenes/PassthroughHands.unity using Guid(c94e480e4a6da614693c0cd3372e2d2d) Importer(2089858483,192608db42251d675da83286b1cce702) (ScriptedImporter) -> (artifact id: 'a7e6b63bc22b916a7f38cc5d47b532b2') in 0.0163744 seconds
Number of updated asset objects reloaded before import = 0Number of asset objects unloaded after import = 1

========================================================================
Received Import Request.
  Time since last request: 0.000012 seconds.
  path: Assets/Oculus/SampleFramework/Usage/SceneManager/Shaders/StylizedOcclusions.shader
  artifactKey: Guid(8e829d64175cc544c83b58afd511be27) Importer(2089858483,192608db42251d675da83286b1cce702)
Start importing Assets/Oculus/SampleFramework/Usage/SceneManager/Shaders/StylizedOcclusions.shader using Guid(8e829d64175cc544c83b58afd511be27) Importer(2089858483,192608db42251d675da83286b1cce702) (ScriptedImporter) -> (artifact id: '40dfaa19e4a0494213bcea865450a144') in 0.0144026 seconds
Number of updated asset objects reloaded before import = 0Number of asset objects unloaded after import = 1

========================================================================
Received Import Request.
  Time since last request: 0.000016 seconds.
  path: Assets/Oculus/SampleFramework/Usage/Passthrough/Materials/UIelement.png
  artifactKey: Guid(1f040466d664f6d4698a177ddcf0608c) Importer(2089858483,192608db42251d675da83286b1cce702)
Start importing Assets/Oculus/SampleFramework/Usage/Passthrough/Materials/UIelement.png using Guid(1f040466d664f6d4698a177ddcf0608c) Importer(2089858483,192608db42251d675da83286b1cce702) (ScriptedImporter) -> (artifact id: 'd5956ac9bbea69f07015c7d32ef3a1fc') in 0.0210596 seconds
Number of updated asset objects reloaded before import = 0Number of asset objects unloaded after import = 3

========================================================================
Received Import Request.
  Time since last request: 0.000021 seconds.
  path: Assets/Oculus/SampleFramework/Usage/SceneManager/Materials/bouncemat.physicMaterial
  artifactKey: Guid(91ef38658d550474d94738c306f37379) Importer(2089858483,192608db42251d675da83286b1cce702)
Start importing Assets/Oculus/SampleFramework/Usage/SceneManager/Materials/bouncemat.physicMaterial using Guid(91ef38658d550474d94738c306f37379) Importer(2089858483,192608db42251d675da83286b1cce702) (ScriptedImporter) -> (artifact id: '3aaceae3d09f2d571c27f61eb82ffcb9') in 0.0124472 seconds
Number of updated asset objects reloaded before import = 0Number of asset objects unloaded after import = 1

========================================================================
Received Import Request.
  Time since last request: 0.000013 seconds.
  path: Assets/Oculus/SampleFramework/Usage/Passthrough/Scenes/OverlayPassthrough.unity
  artifactKey: Guid(698c56db7f615834881cf3fad4dae4b5) Importer(2089858483,192608db42251d675da83286b1cce702)
Start importing Assets/Oculus/SampleFramework/Usage/Passthrough/Scenes/OverlayPassthrough.unity using Guid(698c56db7f615834881cf3fad4dae4b5) Importer(2089858483,192608db42251d675da83286b1cce702) (ScriptedImporter) -> (artifact id: '7017f6b914de972392e17541825d2112') in 0.0147182 seconds
Number of updated asset objects reloaded before import = 0Number of asset objects unloaded after import = 1

========================================================================
Received Import Request.
  Time since last request: 0.000015 seconds.
  path: Assets/Oculus/SampleFramework/Usage/SharedAssets/Textures/room_atlas_01_msm.png
  artifactKey: Guid(30bf4d61398fa430096acd1c3cbae166) Importer(2089858483,192608db42251d675da83286b1cce702)
Start importing Assets/Oculus/SampleFramework/Usage/SharedAssets/Textures/room_atlas_01_msm.png using Guid(30bf4d61398fa430096acd1c3cbae166) Importer(2089858483,192608db42251d675da83286b1cce702) (ScriptedImporter) -> (artifact id: '1e54169b230cae61dd60aec527a33eef') in 0.0247507 seconds
Number of updated asset objects reloaded before import = 0Number of asset objects unloaded after import = 1

========================================================================
Received Import Request.
  Time since last request: 0.000011 seconds.
  path: Assets/Oculus/SampleFramework/Usage/SceneManager/Shaders/Wall.shader
  artifactKey: Guid(70d2dec2a87b8ec4ab80331391ec0778) Importer(2089858483,192608db42251d675da83286b1cce702)
Start importing Assets/Oculus/SampleFramework/Usage/SceneManager/Shaders/Wall.shader using Guid(70d2dec2a87b8ec4ab80331391ec0778) Importer(2089858483,192608db42251d675da83286b1cce702) (ScriptedImporter) -> (artifact id: 'bead0317a200e6151329e7ebc5f44870') in 0.01216 seconds
Number of updated asset objects reloaded before import = 0Number of asset objects unloaded after import = 1

========================================================================
Received Import Request.
  Time since last request: 0.000014 seconds.
  path: Assets/Oculus/SampleFramework/Usage/Locomotion/Prefabs/SunkenWallsPf.prefab
  artifactKey: Guid(12d2a5f045e39454692a25cb3c3b769f) Importer(2089858483,192608db42251d675da83286b1cce702)
Start importing Assets/Oculus/SampleFramework/Usage/Locomotion/Prefabs/SunkenWallsPf.prefab using Guid(12d2a5f045e39454692a25cb3c3b769f) Importer(2089858483,192608db42251d675da83286b1cce702) (ScriptedImporter) -> (artifact id: 'e8bb07c370bf2ef97cd4cb1d6e2b37bf') in 0.0157868 seconds
Number of updated asset objects reloaded before import = 0Number of asset objects unloaded after import = 25

========================================================================
Received Import Request.
  Time since last request: 0.000015 seconds.
  path: Assets/Oculus/SampleFramework/Usage/HandsTrainExample/Models/SelectionCylinder.fbx
  artifactKey: Guid(f167bd156a4b5ff4faf061ab4ce336cb) Importer(2089858483,192608db42251d675da83286b1cce702)
Start importing Assets/Oculus/SampleFramework/Usage/HandsTrainExample/Models/SelectionCylinder.fbx using Guid(f167bd156a4b5ff4faf061ab4ce336cb) Importer(2089858483,192608db42251d675da83286b1cce702) (ScriptedImporter) -> (artifact id: '612ced05807c38f421fb2767d3868afd') in 0.0252988 seconds
Number of updated asset objects reloaded before import = 0Number of asset objects unloaded after import = 19

========================================================================
Received Import Request.
  Time since last request: 0.000016 seconds.
  path: Assets/Oculus/SampleFramework/Usage/HandsTrainExample/TrainScene/Lightmap-20_comp_shadowmask.png
  artifactKey: Guid(2a6d7d6fb30540e4aaae65a63067194c) Importer(2089858483,192608db42251d675da83286b1cce702)
Start importing Assets/Oculus/SampleFramework/Usage/HandsTrainExample/TrainScene/Lightmap-20_comp_shadowmask.png using Guid(2a6d7d6fb30540e4aaae65a63067194c) Importer(2089858483,192608db42251d675da83286b1cce702) (ScriptedImporter) -> (artifact id: '96a09e4312342a107b668cbc9ab71a02') in 0.0159738 seconds
Number of updated asset objects reloaded before import = 0Number of asset objects unloaded after import = 1

========================================================================
Received Import Request.
  Time since last request: 0.000020 seconds.
  path: Assets/Oculus/SampleFramework/Usage/OVROverlay/Textures/Tile_Texture_Henry.png
  artifactKey: Guid(68718b007b3e15249ba6c9c4e31c045f) Importer(2089858483,192608db42251d675da83286b1cce702)
Start importing Assets/Oculus/SampleFramework/Usage/OVROverlay/Textures/Tile_Texture_Henry.png using Guid(68718b007b3e15249ba6c9c4e31c045f) Importer(2089858483,192608db42251d675da83286b1cce702) (ScriptedImporter) -> (artifact id: 'edbd179832eefa419826e55cfa4b8923') in 0.0167337 seconds
Number of updated asset objects reloaded before import = 0Number of asset objects unloaded after import = 1

========================================================================
Received Import Request.
  Time since last request: 0.000012 seconds.
  path: Assets/Oculus/SampleFramework/Usage/HandsTrainExample/Prefabs/XingPost.prefab
  artifactKey: Guid(c5170255550e6fa43a078b7f187375e7) Importer(2089858483,192608db42251d675da83286b1cce702)
Start importing Assets/Oculus/SampleFramework/Usage/HandsTrainExample/Prefabs/XingPost.prefab using Guid(c5170255550e6fa43a078b7f187375e7) Importer(2089858483,192608db42251d675da83286b1cce702) (ScriptedImporter) -> (artifact id: '13608c043301984f1f2af7f38a7c842f') in 0.0238948 seconds
Number of updated asset objects reloaded before import = 0Number of asset objects unloaded after import = 44

========================================================================
Received Import Request.
  Time since last request: 0.000011 seconds.
  path: Assets/Oculus/SampleFramework/Usage/HandsTrainExample/TrainScene/Lightmap-36_comp_shadowmask.png
  artifactKey: Guid(2802602003becef4bb6697c3152f1e88) Importer(2089858483,192608db42251d675da83286b1cce702)
Start importing Assets/Oculus/SampleFramework/Usage/HandsTrainExample/TrainScene/Lightmap-36_comp_shadowmask.png using Guid(2802602003becef4bb6697c3152f1e88) Importer(2089858483,192608db42251d675da83286b1cce702) (ScriptedImporter) -> (artifact id: 'a0da4774aafe390e13b5d06a29ea3d48') in 0.0173928 seconds
Number of updated asset objects reloaded before import = 0Number of asset objects unloaded after import = 1

========================================================================
Received Import Request.
  Time since last request: 0.000011 seconds.
  path: Assets/Oculus/SampleFramework/Usage/HandsTrainExample/TrainScene/Lightmap-23_comp_light.exr
  artifactKey: Guid(cefdcf6cc8a11ac488b02648dba5c8cc) Importer(2089858483,192608db42251d675da83286b1cce702)
Start importing Assets/Oculus/SampleFramework/Usage/HandsTrainExample/TrainScene/Lightmap-23_comp_light.exr using Guid(cefdcf6cc8a11ac488b02648dba5c8cc) Importer(2089858483,192608db42251d675da83286b1cce702) (ScriptedImporter) -> (artifact id: '3cf4d55b55649698913db630d50765d8') in 0.0223813 seconds
Number of updated asset objects reloaded before import = 0Number of asset objects unloaded after import = 1

========================================================================
Received Import Request.
  Time since last request: 0.000013 seconds.
  path: Assets/Oculus/SampleFramework/Usage/TouchPro/Scripts/SceneSettings.cs
  artifactKey: Guid(029a39db456d2904caf61d65c65512ff) Importer(2089858483,192608db42251d675da83286b1cce702)
Start importing Assets/Oculus/SampleFramework/Usage/TouchPro/Scripts/SceneSettings.cs using Guid(029a39db456d2904caf61d65c65512ff) Importer(2089858483,192608db42251d675da83286b1cce702) (ScriptedImporter) -> (artifact id: '2e3fc2d11dca9d41575f7543b5c4ce7e') in 0.012461 seconds
Number of updated asset objects reloaded before import = 0Number of asset objects unloaded after import = 0

========================================================================
Received Import Request.
  Time since last request: 0.000021 seconds.
  path: Assets/Oculus/SampleFramework/Usage/SharedAssets/Textures/room_atlas_02_msm.png
  artifactKey: Guid(67864649fed594cd490c78b56dc9aea9) Importer(2089858483,192608db42251d675da83286b1cce702)
Start importing Assets/Oculus/SampleFramework/Usage/SharedAssets/Textures/room_atlas_02_msm.png using Guid(67864649fed594cd490c78b56dc9aea9) Importer(2089858483,192608db42251d675da83286b1cce702) (ScriptedImporter) -> (artifact id: '42ff36e315a2f5edee53702ce27ad6c4') in 0.0229974 seconds
Number of updated asset objects reloaded before import = 0Number of asset objects unloaded after import = 1

========================================================================
Received Import Request.
  Time since last request: 0.000028 seconds.
  path: Assets/Oculus/Voice/Samples/TTSVoices/Scripts/TTSStreamToggle.cs
  artifactKey: Guid(c780cd978be73ed43909c99f5fbcee4e) Importer(2089858483,192608db42251d675da83286b1cce702)
Start importing Assets/Oculus/Voice/Samples/TTSVoices/Scripts/TTSStreamToggle.cs using Guid(c780cd978be73ed43909c99f5fbcee4e) Importer(2089858483,192608db42251d675da83286b1cce702) (ScriptedImporter) -> (artifact id: 'f814ab13c3e948902a5072be16650fe2') in 0.0178625 seconds
Number of updated asset objects reloaded before import = 0Number of asset objects unloaded after import = 0

========================================================================
Received Import Request.
  Time since last request: 0.000013 seconds.
  path: Assets/Oculus/SampleFramework/Usage/SpatialAnchor/Meshs/AnchorModel.fbx
  artifactKey: Guid(80e6035dc653427458a8ff49ad454eee) Importer(2089858483,192608db42251d675da83286b1cce702)
Start importing Assets/Oculus/SampleFramework/Usage/SpatialAnchor/Meshs/AnchorModel.fbx using Guid(80e6035dc653427458a8ff49ad454eee) Importer(2089858483,192608db42251d675da83286b1cce702) (ScriptedImporter) -> (artifact id: '3e374510e2da3c36da727607e4fcb9db') in 0.0246378 seconds
Number of updated asset objects reloaded before import = 0Number of asset objects unloaded after import = 31

========================================================================
Received Import Request.
  Time since last request: 0.000013 seconds.
  path: Assets/Oculus/Voice/Documentation/Samples/Shapes/Shapes - Sample.asset
  artifactKey: Guid(906babf5e5f629740962b197fabef88a) Importer(2089858483,192608db42251d675da83286b1cce702)
Start importing Assets/Oculus/Voice/Documentation/Samples/Shapes/Shapes - Sample.asset using Guid(906babf5e5f629740962b197fabef88a) Importer(2089858483,192608db42251d675da83286b1cce702) (ScriptedImporter) -> (artifact id: '111d250c27efba259c71166cf8f2f368') in 0.0261 seconds
Number of updated asset objects reloaded before import = 0Number of asset objects unloaded after import = 3

========================================================================
Received Import Request.
  Time since last request: 0.000014 seconds.
  path: Assets/Oculus/Voice/Samples/BuiltInTimer/Audio/TimesUp.mp3
  artifactKey: Guid(7b5c12aa38189a145b2a57baf2a7bf4f) Importer(2089858483,192608db42251d675da83286b1cce702)
Start importing Assets/Oculus/Voice/Samples/BuiltInTimer/Audio/TimesUp.mp3 using Guid(7b5c12aa38189a145b2a57baf2a7bf4f) Importer(2089858483,192608db42251d675da83286b1cce702) (ScriptedImporter) -> (artifact id: '68afbc5d4545a600f91a24c213919967') in 0.0259112 seconds
Number of updated asset objects reloaded before import = 0Number of asset objects unloaded after import = 1

========================================================================
Received Import Request.
  Time since last request: 0.000012 seconds.
  path: Assets/Oculus/Voice/Scripts/Editor/Inspectors/AppVoiceExperienceWitConfigurationEditor.cs
  artifactKey: Guid(81dc8ceb5197487fa6b8f684c40a0a06) Importer(2089858483,192608db42251d675da83286b1cce702)
Start importing Assets/Oculus/Voice/Scripts/Editor/Inspectors/AppVoiceExperienceWitConfigurationEditor.cs using Guid(81dc8ceb5197487fa6b8f684c40a0a06) Importer(2089858483,192608db42251d675da83286b1cce702) (ScriptedImporter) -> (artifact id: 'cd0cf9ad308b2c49181a0973519d3b91') in 0.0134314 seconds
Number of updated asset objects reloaded before import = 0Number of asset objects unloaded after import = 0

========================================================================
Received Import Request.
  Time since last request: 0.000020 seconds.
  path: Assets/Oculus/Voice/Samples/LightTraits/Materials/Skybox.mat
  artifactKey: Guid(9065205a99a831f459fb0d94f2fd57f7) Importer(2089858483,192608db42251d675da83286b1cce702)
Start importing Assets/Oculus/Voice/Samples/LightTraits/Materials/Skybox.mat using Guid(9065205a99a831f459fb0d94f2fd57f7) Importer(2089858483,192608db42251d675da83286b1cce702) (ScriptedImporter) -> (artifact id: '104a5dc528c4ed5e5c95921c130201a9') in 0.0170259 seconds
Number of updated asset objects reloaded before import = 0Number of asset objects unloaded after import = 1

========================================================================
Received Import Request.
  Time since last request: 0.000021 seconds.
  path: Assets/Oculus/Voice/Samples/TTSVoices/Scripts/TTSFileToggle.cs
  artifactKey: Guid(1477d39e8c825744295e2e122d84ca82) Importer(2089858483,192608db42251d675da83286b1cce702)
Start importing Assets/Oculus/Voice/Samples/TTSVoices/Scripts/TTSFileToggle.cs using Guid(1477d39e8c825744295e2e122d84ca82) Importer(2089858483,192608db42251d675da83286b1cce702) (ScriptedImporter) -> (artifact id: '14e96b3d9f6f0dc58853a724fed717bc') in 0.0122995 seconds
Number of updated asset objects reloaded before import = 0Number of asset objects unloaded after import = 0

========================================================================
Received Import Request.
  Time since last request: 0.000024 seconds.
  path: Assets/Oculus/VR/Editor/OVRProjectSetup/Tasks/OVRConfigurationTaskException.cs
  artifactKey: Guid(7d5dcbd522a347fca62378e9e47b9893) Importer(2089858483,192608db42251d675da83286b1cce702)
Start importing Assets/Oculus/VR/Editor/OVRProjectSetup/Tasks/OVRConfigurationTaskException.cs using Guid(7d5dcbd522a347fca62378e9e47b9893) Importer(2089858483,192608db42251d675da83286b1cce702) (ScriptedImporter) -> (artifact id: '356dcad4fa35d4646b0cd7804eacafd0') in 0.0121635 seconds
Number of updated asset objects reloaded before import = 0Number of asset objects unloaded after import = 0

========================================================================
Received Import Request.
  Time since last request: 0.000011 seconds.
  path: Assets/Oculus/VR/Editor/BuildingBlocks/Icons/ovr_icon_addblock.png
  artifactKey: Guid(8de3361e4c791f94d85338238347dd7a) Importer(2089858483,192608db42251d675da83286b1cce702)
Start importing Assets/Oculus/VR/Editor/BuildingBlocks/Icons/ovr_icon_addblock.png using Guid(8de3361e4c791f94d85338238347dd7a) Importer(2089858483,192608db42251d675da83286b1cce702) (ScriptedImporter) -> (artifact id: '4ed65ef8a3dc89f6fb6f29d593dd7492') in 0.017793 seconds
Number of updated asset objects reloaded before import = 0Number of asset objects unloaded after import = 1

========================================================================
Received Import Request.
  Time since last request: 0.000012 seconds.
  path: Assets/Oculus/VR/Editor/OVRProjectSetup/Icons/ovr_icon_category_success.png
  artifactKey: Guid(0be6bd91c3ed459429f7e023ab85d7ee) Importer(2089858483,192608db42251d675da83286b1cce702)
Start importing Assets/Oculus/VR/Editor/OVRProjectSetup/Icons/ovr_icon_category_success.png using Guid(0be6bd91c3ed459429f7e023ab85d7ee) Importer(2089858483,192608db42251d675da83286b1cce702) (ScriptedImporter) -> (artifact id: '1c18fc24268c5ed858370f5ea39951c6') in 0.0238694 seconds
Number of updated asset objects reloaded before import = 0Number of asset objects unloaded after import = 1

========================================================================
Received Import Request.
  Time since last request: 0.000017 seconds.
  path: Assets/Oculus/VR/Editor/OVRProjectSetup/Tasks/OVRConfigurationTaskRegistry.cs
  artifactKey: Guid(fef3c9d3bbb64a21ac221b2b3fbca1ef) Importer(2089858483,192608db42251d675da83286b1cce702)
Start importing Assets/Oculus/VR/Editor/OVRProjectSetup/Tasks/OVRConfigurationTaskRegistry.cs using Guid(fef3c9d3bbb64a21ac221b2b3fbca1ef) Importer(2089858483,192608db42251d675da83286b1cce702) (ScriptedImporter) -> (artifact id: '034db2b60513008320f72130c8acd68f') in 0.015785 seconds
Number of updated asset objects reloaded before import = 0Number of asset objects unloaded after import = 0

========================================================================
Received Import Request.
  Time since last request: 0.000020 seconds.
  path: Assets/Oculus/Voice/Samples/TTSVoices/Prefabs/TTSSpeaker.prefab
  artifactKey: Guid(e7e41a5ed3743804eacae1e009586e72) Importer(2089858483,192608db42251d675da83286b1cce702)
Start importing Assets/Oculus/Voice/Samples/TTSVoices/Prefabs/TTSSpeaker.prefab using Guid(e7e41a5ed3743804eacae1e009586e72) Importer(2089858483,192608db42251d675da83286b1cce702) (ScriptedImporter) -> (artifact id: 'b1079d78e4ca61d74b8b841e82a7a373') in 0.0313788 seconds
Number of updated asset objects reloaded before import = 0Number of asset objects unloaded after import = 9

========================================================================
Received Import Request.
  Time since last request: 0.000072 seconds.
  path: Assets/Oculus/Voice/Samples/LiveUnderstanding/Scripts/Meta.Voice.Samples.LiveUnderstanding.asmdef
  artifactKey: Guid(baaa3b50d57e56447bac374c0e7aa2f2) Importer(2089858483,192608db42251d675da83286b1cce702)
Start importing Assets/Oculus/Voice/Samples/LiveUnderstanding/Scripts/Meta.Voice.Samples.LiveUnderstanding.asmdef using Guid(baaa3b50d57e56447bac374c0e7aa2f2) Importer(2089858483,192608db42251d675da83286b1cce702) (ScriptedImporter) -> (artifact id: 'c500d21bec8e88c068e3a305772f65e9') in 0.0166478 seconds
Number of updated asset objects reloaded before import = 0Number of asset objects unloaded after import = 1

========================================================================
Received Import Request.
  Time since last request: 0.000017 seconds.
  path: Assets/Oculus/Voice/Samples/LightTraits/Materials/LightOn.mat
  artifactKey: Guid(ef2fb0acd0979394e9c74e0f2dc8adb1) Importer(2089858483,192608db42251d675da83286b1cce702)
Start importing Assets/Oculus/Voice/Samples/LightTraits/Materials/LightOn.mat using Guid(ef2fb0acd0979394e9c74e0f2dc8adb1) Importer(2089858483,192608db42251d675da83286b1cce702) (ScriptedImporter) -> (artifact id: '87f21afec1814c5ba7fb96211942a2c8') in 0.022952 seconds
Number of updated asset objects reloaded before import = 0Number of asset objects unloaded after import = 1

========================================================================
Received Import Request.
  Time since last request: 0.000014 seconds.
  path: Assets/Oculus/Voice/Samples/ShapesConduit/Scripts/ShapeName.cs
  artifactKey: Guid(8febadc8b73ed5441ad1ef3d5001e93d) Importer(2089858483,192608db42251d675da83286b1cce702)
Start importing Assets/Oculus/Voice/Samples/ShapesConduit/Scripts/ShapeName.cs using Guid(8febadc8b73ed5441ad1ef3d5001e93d) Importer(2089858483,192608db42251d675da83286b1cce702) (ScriptedImporter) -> (artifact id: '903c0d4ebccf6e2d4b6058a112fc9bae') in 0.0147687 seconds
Number of updated asset objects reloaded before import = 0Number of asset objects unloaded after import = 0

========================================================================
Received Import Request.
  Time since last request: 0.000015 seconds.
  path: Assets/Oculus/VR/Editor/OVRProjectSetup/Icons/ovr_icon_category_warning.png
  artifactKey: Guid(f02eeecc6e9c02943ba538343bbe1a5b) Importer(2089858483,192608db42251d675da83286b1cce702)
Start importing Assets/Oculus/VR/Editor/OVRProjectSetup/Icons/ovr_icon_category_warning.png using Guid(f02eeecc6e9c02943ba538343bbe1a5b) Importer(2089858483,192608db42251d675da83286b1cce702) (ScriptedImporter) -> (artifact id: 'fd4edcada4f67a3dda30d4a9626d27b4') in 0.0264628 seconds
Number of updated asset objects reloaded before import = 0Number of asset objects unloaded after import = 1

========================================================================
Received Import Request.
  Time since last request: 0.000014 seconds.
  path: Assets/Oculus/VR/Editor/BuildingBlocks/Icons/ovr_icon_experimental.png
  artifactKey: Guid(6dd511e1b7109d74cb260c2800c50f63) Importer(2089858483,192608db42251d675da83286b1cce702)
Start importing Assets/Oculus/VR/Editor/BuildingBlocks/Icons/ovr_icon_experimental.png using Guid(6dd511e1b7109d74cb260c2800c50f63) Importer(2089858483,192608db42251d675da83286b1cce702) (ScriptedImporter) -> (artifact id: '7bb5981cb8abfbefde7d68b6d11beaa3') in 0.0236461 seconds
Number of updated asset objects reloaded before import = 0Number of asset objects unloaded after import = 1

========================================================================
Received Import Request.
  Time since last request: 0.000023 seconds.
  path: Assets/Oculus/VR/Editor/OVRProjectSetup/Icons/ovr_icon_upst.png
  artifactKey: Guid(daccb634c40170b40a52151fdcb6ea99) Importer(2089858483,192608db42251d675da83286b1cce702)
Start importing Assets/Oculus/VR/Editor/OVRProjectSetup/Icons/ovr_icon_upst.png using Guid(daccb634c40170b40a52151fdcb6ea99) Importer(2089858483,192608db42251d675da83286b1cce702) (ScriptedImporter) -> (artifact id: '2ca196d2bc2c1bae47c9a71e373db486') in 0.0211094 seconds
Number of updated asset objects reloaded before import = 0Number of asset objects unloaded after import = 1

========================================================================
Received Import Request.
  Time since last request: 0.000043 seconds.
  path: Assets/Oculus/VR/Editor/BuildingBlocks/Icons/ovr_bb_icon.png
  artifactKey: Guid(6557dba7c7035a3448c0583098600c6c) Importer(2089858483,192608db42251d675da83286b1cce702)
Start importing Assets/Oculus/VR/Editor/BuildingBlocks/Icons/ovr_bb_icon.png using Guid(6557dba7c7035a3448c0583098600c6c) Importer(2089858483,192608db42251d675da83286b1cce702) (ScriptedImporter) -> (artifact id: 'e1a263c76ade81bf087c48c911c2287d') in 0.0198128 seconds
Number of updated asset objects reloaded before import = 0Number of asset objects unloaded after import = 1

========================================================================
Received Import Request.
  Time since last request: 0.000034 seconds.
  path: Assets/Oculus/Voice/Documentation/Samples/LightTraits/Light Traits - Sample.asset
  artifactKey: Guid(11c95440a0e854a4aaa420f7d8d37527) Importer(2089858483,192608db42251d675da83286b1cce702)
Start importing Assets/Oculus/Voice/Documentation/Samples/LightTraits/Light Traits - Sample.asset using Guid(11c95440a0e854a4aaa420f7d8d37527) Importer(2089858483,192608db42251d675da83286b1cce702) (ScriptedImporter) -> (artifact id: 'd1ba2c5e66967dc7ebae3d3e4e1fc2ae') in 0.0177153 seconds
Number of updated asset objects reloaded before import = 0Number of asset objects unloaded after import = 3

========================================================================
Received Import Request.
  Time since last request: 0.000015 seconds.
  path: Assets/Oculus/Voice/Samples/Shapes/Scripts/Meta.Voice.Samples.Shapes.asmdef
  artifactKey: Guid(27caad3e4bdcbe6478324a9c4c83dd50) Importer(2089858483,192608db42251d675da83286b1cce702)
Start importing Assets/Oculus/Voice/Samples/Shapes/Scripts/Meta.Voice.Samples.Shapes.asmdef using Guid(27caad3e4bdcbe6478324a9c4c83dd50) Importer(2089858483,192608db42251d675da83286b1cce702) (ScriptedImporter) -> (artifact id: 'f76dc07bf3ef32cc33352652d64838c8') in 0.0169006 seconds
Number of updated asset objects reloaded before import = 0Number of asset objects unloaded after import = 1

========================================================================
Received Import Request.
  Time since last request: 0.000022 seconds.
  path: Assets/Oculus/Voice/Features/VoiceHub/Hub/Voice SDK.asset
  artifactKey: Guid(f2e797de12b196c40ad409b92d6394fc) Importer(2089858483,192608db42251d675da83286b1cce702)
Start importing Assets/Oculus/Voice/Features/VoiceHub/Hub/Voice SDK.asset using Guid(f2e797de12b196c40ad409b92d6394fc) Importer(2089858483,192608db42251d675da83286b1cce702) (ScriptedImporter) -> (artifact id: '83f019fac2397a1fa450a0067ef1f2c1') in 0.0185204 seconds
Number of updated asset objects reloaded before import = 0Number of asset objects unloaded after import = 3

========================================================================
Received Import Request.
  Time since last request: 0.000016 seconds.
  path: Assets/Oculus/Voice/Scripts/Editor/Inspectors/AppVoiceExperienceEditor.cs
  artifactKey: Guid(03744310c46b6e546b2b772e941f8cb2) Importer(2089858483,192608db42251d675da83286b1cce702)
Start importing Assets/Oculus/Voice/Scripts/Editor/Inspectors/AppVoiceExperienceEditor.cs using Guid(03744310c46b6e546b2b772e941f8cb2) Importer(2089858483,192608db42251d675da83286b1cce702) (ScriptedImporter) -> (artifact id: '701fb165d685c3aa13a217f7856d49f7') in 0.0143784 seconds
Number of updated asset objects reloaded before import = 0Number of asset objects unloaded after import = 0

========================================================================
Received Import Request.
  Time since last request: 0.000028 seconds.
  path: Assets/Oculus/Voice/Features/VoiceHub/Hub/WitIcon.png
  artifactKey: Guid(05d75e9636af9ea48a52ac0688abdc44) Importer(2089858483,192608db42251d675da83286b1cce702)
Start importing Assets/Oculus/Voice/Features/VoiceHub/Hub/WitIcon.png using Guid(05d75e9636af9ea48a52ac0688abdc44) Importer(2089858483,192608db42251d675da83286b1cce702) (ScriptedImporter) -> (artifact id: 'fe82914f0a113ee29a86cf31a8575f9d') in 0.0213956 seconds
Number of updated asset objects reloaded before import = 0Number of asset objects unloaded after import = 3

========================================================================
Received Import Request.
  Time since last request: 0.000022 seconds.
  path: Assets/Oculus/Voice/Lib/Wit.ai/Resources/witai_texts_en-us.json
  artifactKey: Guid(49d638c72ed2bc946b6b297f70acf158) Importer(2089858483,192608db42251d675da83286b1cce702)
Start importing Assets/Oculus/Voice/Lib/Wit.ai/Resources/witai_texts_en-us.json using Guid(49d638c72ed2bc946b6b297f70acf158) Importer(2089858483,192608db42251d675da83286b1cce702) (ScriptedImporter) -> (artifact id: '6c863b95f34ece4891ae61aa9f7d8cf8') in 0.0156578 seconds
Number of updated asset objects reloaded before import = 0Number of asset objects unloaded after import = 1

========================================================================
Received Import Request.
  Time since last request: 0.000019 seconds.
  path: Assets/Oculus/Voice/Documentation/Samples/BuiltInTimer/Built In Timer - Sample.asset
  artifactKey: Guid(1105bef47c57816459598b667b5175b6) Importer(2089858483,192608db42251d675da83286b1cce702)
Start importing Assets/Oculus/Voice/Documentation/Samples/BuiltInTimer/Built In Timer - Sample.asset using Guid(1105bef47c57816459598b667b5175b6) Importer(2089858483,192608db42251d675da83286b1cce702) (ScriptedImporter) -> (artifact id: 'e624e49bb5acd3dea58fab731dd5824a') in 0.0206327 seconds
Number of updated asset objects reloaded before import = 0Number of asset objects unloaded after import = 3

========================================================================
Received Import Request.
  Time since last request: 0.000014 seconds.
  path: Assets/Oculus/SampleFramework/Usage/SharedAssets/Textures/room_atlas_02_nml.png
  artifactKey: Guid(8feb88af7c75e408b9e3ec8f310583ae) Importer(2089858483,192608db42251d675da83286b1cce702)
Start importing Assets/Oculus/SampleFramework/Usage/SharedAssets/Textures/room_atlas_02_nml.png using Guid(8feb88af7c75e408b9e3ec8f310583ae) Importer(2089858483,192608db42251d675da83286b1cce702) (ScriptedImporter) -> (artifact id: 'be8dce4f88811cf78d60a8bf39d0cdb2') in 0.0298837 seconds
Number of updated asset objects reloaded before import = 0Number of asset objects unloaded after import = 1

========================================================================
Received Import Request.
  Time since last request: 0.000017 seconds.
  path: Assets/Oculus/SampleFramework/Usage/SpatialAnchor/Materials/Passthrough.mat
  artifactKey: Guid(e5462914f0e0ad646bd4fdabf728279c) Importer(2089858483,192608db42251d675da83286b1cce702)
Start importing Assets/Oculus/SampleFramework/Usage/SpatialAnchor/Materials/Passthrough.mat using Guid(e5462914f0e0ad646bd4fdabf728279c) Importer(2089858483,192608db42251d675da83286b1cce702) (ScriptedImporter) -> (artifact id: '44be4081d4900b081b8e00416283b589') in 0.027625 seconds
Number of updated asset objects reloaded before import = 0Number of asset objects unloaded after import = 1

========================================================================
Received Import Request.
  Time since last request: 0.000033 seconds.
  path: Assets/Oculus/Voice/Samples/BuiltInTimer/Materials/Skybox.mat
  artifactKey: Guid(b68ed34b82d7ad243968eee45e798c6c) Importer(2089858483,192608db42251d675da83286b1cce702)
Start importing Assets/Oculus/Voice/Samples/BuiltInTimer/Materials/Skybox.mat using Guid(b68ed34b82d7ad243968eee45e798c6c) Importer(2089858483,192608db42251d675da83286b1cce702) (ScriptedImporter) -> (artifact id: 'ae6d2ccf2a82365dc09484e6c7f9d43b') in 0.0164917 seconds
Number of updated asset objects reloaded before import = 0Number of asset objects unloaded after import = 1

========================================================================
Received Import Request.
  Time since last request: 0.000037 seconds.
  path: Assets/Oculus/Voice/Lib/PlatformCompatibility/Plugins/voicesdk_core.jar
  artifactKey: Guid(6ed8e0fc79c6b704499850c068ba0ac1) Importer(2089858483,192608db42251d675da83286b1cce702)
Start importing Assets/Oculus/Voice/Lib/PlatformCompatibility/Plugins/voicesdk_core.jar using Guid(6ed8e0fc79c6b704499850c068ba0ac1) Importer(2089858483,192608db42251d675da83286b1cce702) (ScriptedImporter) -> (artifact id: '4497def54a19c0694f66b2431f4d9cf9') in 0.0173784 seconds
Number of updated asset objects reloaded before import = 0Number of asset objects unloaded after import = 0

========================================================================
Received Import Request.
  Time since last request: 0.000018 seconds.
  path: Assets/Oculus/Voice/Samples/ShapesConduit/Scripts/Meta.Voice.Samples.ShapesConduit.asmdef
  artifactKey: Guid(58af511b0ae08c4479b0b2559ce05f0a) Importer(2089858483,192608db42251d675da83286b1cce702)
Start importing Assets/Oculus/Voice/Samples/ShapesConduit/Scripts/Meta.Voice.Samples.ShapesConduit.asmdef using Guid(58af511b0ae08c4479b0b2559ce05f0a) Importer(2089858483,192608db42251d675da83286b1cce702) (ScriptedImporter) -> (artifact id: '6f257cb97d04b47b93cfcc48cbcd11da') in 0.0145181 seconds
Number of updated asset objects reloaded before import = 0Number of asset objects unloaded after import = 1

========================================================================
Received Import Request.
  Time since last request: 0.000013 seconds.
  path: Assets/Oculus/VR/Editor/OVRProjectSetup/Tasks/OVRConfigurationTaskSourceCode.cs
  artifactKey: Guid(b25802328957400cb1180db46a429f8b) Importer(2089858483,192608db42251d675da83286b1cce702)
Start importing Assets/Oculus/VR/Editor/OVRProjectSetup/Tasks/OVRConfigurationTaskSourceCode.cs using Guid(b25802328957400cb1180db46a429f8b) Importer(2089858483,192608db42251d675da83286b1cce702) (ScriptedImporter) -> (artifact id: 'c1a86ff6c1a357acb8f4d830bdb6e478') in 0.0128482 seconds
Number of updated asset objects reloaded before import = 0Number of asset objects unloaded after import = 0

========================================================================
Received Import Request.
  Time since last request: 0.000014 seconds.
  path: Assets/Oculus/SampleFramework/Usage/TouchPro/Prefabs/SceneSettingsPf.prefab
  artifactKey: Guid(91d1086af687a1b4ba6b24b879290d7d) Importer(2089858483,192608db42251d675da83286b1cce702)
Start importing Assets/Oculus/SampleFramework/Usage/TouchPro/Prefabs/SceneSettingsPf.prefab using Guid(91d1086af687a1b4ba6b24b879290d7d) Importer(2089858483,192608db42251d675da83286b1cce702) (ScriptedImporter) -> (artifact id: 'dccb22e264e8f9557aca26cec31fab37') in 0.0149987 seconds
Number of updated asset objects reloaded before import = 0Number of asset objects unloaded after import = 5

========================================================================
Received Import Request.
  Time since last request: 0.000013 seconds.
  path: Assets/Oculus/Voice/Samples/ShapesConduit/Materials/Skybox.mat
  artifactKey: Guid(b78b05d05191680409aa90f91588896a) Importer(2089858483,192608db42251d675da83286b1cce702)
Start importing Assets/Oculus/Voice/Samples/ShapesConduit/Materials/Skybox.mat using Guid(b78b05d05191680409aa90f91588896a) Importer(2089858483,192608db42251d675da83286b1cce702) (ScriptedImporter) -> (artifact id: '630014de68ba8cb88732eb10565013f6') in 0.0131743 seconds
Number of updated asset objects reloaded before import = 0Number of asset objects unloaded after import = 1

========================================================================
Received Import Request.
  Time since last request: 0.000020 seconds.
  path: Assets/Oculus/SampleFramework/Usage/HandsTrainExample/TrainScene/Lightmap-27_comp_light.exr
  artifactKey: Guid(538a2a5b9ec968e44a232e3e5236a7dc) Importer(2089858483,192608db42251d675da83286b1cce702)
Start importing Assets/Oculus/SampleFramework/Usage/HandsTrainExample/TrainScene/Lightmap-27_comp_light.exr using Guid(538a2a5b9ec968e44a232e3e5236a7dc) Importer(2089858483,192608db42251d675da83286b1cce702) (ScriptedImporter) -> (artifact id: '79fab7f77a3264240cc513c47bad72fb') in 0.0195029 seconds
Number of updated asset objects reloaded before import = 0Number of asset objects unloaded after import = 1

========================================================================
Received Import Request.
  Time since last request: 0.000029 seconds.
  path: Assets/Oculus/Interaction/OVRIntegration/Runtime/Prefabs/Hands/OVRLeftHandSynthetic.prefab
  artifactKey: Guid(e7fbb376593cff24f9db4ecf8d465aaf) Importer(2089858483,192608db42251d675da83286b1cce702)
Start importing Assets/Oculus/Interaction/OVRIntegration/Runtime/Prefabs/Hands/OVRLeftHandSynthetic.prefab using Guid(e7fbb376593cff24f9db4ecf8d465aaf) Importer(2089858483,192608db42251d675da83286b1cce702) (ScriptedImporter) -> (artifact id: 'e7313be650f1a39422dda414effd6409') in 0.0248457 seconds
Number of updated asset objects reloaded before import = 0Number of asset objects unloaded after import = 172

========================================================================
Received Import Request.
  Time since last request: 0.000013 seconds.
  path: Assets/Oculus/Interaction/Runtime/Scripts/Grab/SnapSurfaces/BoxSurface.cs
  artifactKey: Guid(bbe6418317e852d4e8fd122a4149acbd) Importer(2089858483,192608db42251d675da83286b1cce702)
Start importing Assets/Oculus/Interaction/Runtime/Scripts/Grab/SnapSurfaces/BoxSurface.cs using Guid(bbe6418317e852d4e8fd122a4149acbd) Importer(2089858483,192608db42251d675da83286b1cce702) (ScriptedImporter) -> (artifact id: '20b5c1da34aeef326f723c8334e9baa7') in 0.0146625 seconds
Number of updated asset objects reloaded before import = 0Number of asset objects unloaded after import = 0

========================================================================
Received Import Request.
  Time since last request: 0.000012 seconds.
  path: Assets/Oculus/SampleFramework/Usage/SharedAssets/Textures/block_wood_01_msm.png
  artifactKey: Guid(a1ff16c8cf0dcb84fab5c183d0fd1dcf) Importer(2089858483,192608db42251d675da83286b1cce702)
Start importing Assets/Oculus/SampleFramework/Usage/SharedAssets/Textures/block_wood_01_msm.png using Guid(a1ff16c8cf0dcb84fab5c183d0fd1dcf) Importer(2089858483,192608db42251d675da83286b1cce702) (ScriptedImporter) -> (artifact id: '350a133e76f70f90fa7245abc094314c') in 0.0203256 seconds
Number of updated asset objects reloaded before import = 0Number of asset objects unloaded after import = 1

========================================================================
Received Import Request.
  Time since last request: 0.000014 seconds.
  path: Assets/Oculus/Interaction/Runtime/Scripts/DistanceGrab/Visuals/ReticleDataMesh.cs
  artifactKey: Guid(830a777c9bbd60441b589b654b94b2c5) Importer(2089858483,192608db42251d675da83286b1cce702)
Start importing Assets/Oculus/Interaction/Runtime/Scripts/DistanceGrab/Visuals/ReticleDataMesh.cs using Guid(830a777c9bbd60441b589b654b94b2c5) Importer(2089858483,192608db42251d675da83286b1cce702) (ScriptedImporter) -> (artifact id: '8ee8a3d688f754977e64cfec4d9e9cb3') in 0.0143745 seconds
Number of updated asset objects reloaded before import = 0Number of asset objects unloaded after import = 0

========================================================================
Received Import Request.
  Time since last request: 0.000014 seconds.
  path: Assets/Oculus/Interaction/Runtime/Scripts/Grab/SnapSurfaces/ColliderGrabSurface.cs
  artifactKey: Guid(8951a656a7c00e74094166ef415cdce5) Importer(2089858483,192608db42251d675da83286b1cce702)
Start importing Assets/Oculus/Interaction/Runtime/Scripts/Grab/SnapSurfaces/ColliderGrabSurface.cs using Guid(8951a656a7c00e74094166ef415cdce5) Importer(2089858483,192608db42251d675da83286b1cce702) (ScriptedImporter) -> (artifact id: '6062bc9152c05704037906ff1a7565a6') in 0.0159986 seconds
Number of updated asset objects reloaded before import = 0Number of asset objects unloaded after import = 0

========================================================================
Received Import Request.
  Time since last request: 0.000016 seconds.
  path: Assets/Oculus/Interaction/OVRIntegration/Runtime/Scripts/Input/OVRTouch.cs
  artifactKey: Guid(050cafef1fd5dc54fbf85438caf270cd) Importer(2089858483,192608db42251d675da83286b1cce702)
Start importing Assets/Oculus/Interaction/OVRIntegration/Runtime/Scripts/Input/OVRTouch.cs using Guid(050cafef1fd5dc54fbf85438caf270cd) Importer(2089858483,192608db42251d675da83286b1cce702) (ScriptedImporter) -> (artifact id: 'ea37daa62701f694a61bdf238de6dfb1') in 0.0114121 seconds
Number of updated asset objects reloaded before import = 0Number of asset objects unloaded after import = 0

========================================================================
Received Import Request.
  Time since last request: 0.000021 seconds.
  path: Assets/Oculus/VR/Scripts/OVRAnchor/OVRAnchorComponents/OVRLocatable.cs
  artifactKey: Guid(2896867f1aef412690defa16271f3dcc) Importer(2089858483,192608db42251d675da83286b1cce702)
Start importing Assets/Oculus/VR/Scripts/OVRAnchor/OVRAnchorComponents/OVRLocatable.cs using Guid(2896867f1aef412690defa16271f3dcc) Importer(2089858483,192608db42251d675da83286b1cce702) (ScriptedImporter) -> (artifact id: 'b8b963147fdd905f26602bb23f5e8bcb') in 0.0137256 seconds
Number of updated asset objects reloaded before import = 0Number of asset objects unloaded after import = 0

========================================================================
Received Import Request.
  Time since last request: 0.000015 seconds.
  path: Assets/Oculus/Interaction/Runtime/Scripts/Body/Input/ISkeletonMapping.cs
  artifactKey: Guid(65f8c7ef36409cb40a43b76f21309db3) Importer(2089858483,192608db42251d675da83286b1cce702)
Start importing Assets/Oculus/Interaction/Runtime/Scripts/Body/Input/ISkeletonMapping.cs using Guid(65f8c7ef36409cb40a43b76f21309db3) Importer(2089858483,192608db42251d675da83286b1cce702) (ScriptedImporter) -> (artifact id: '6efe48c18b877d4b7886ebb3dc7c87ea') in 0.0131363 seconds
Number of updated asset objects reloaded before import = 0Number of asset objects unloaded after import = 0

========================================================================
Received Import Request.
  Time since last request: 0.000014 seconds.
  path: Assets/Oculus/VR/Scripts/Util/Passthrough/OVRPassthroughColorLut.cs
  artifactKey: Guid(94060822ffa5e484aa55265db85f6830) Importer(2089858483,192608db42251d675da83286b1cce702)
Start importing Assets/Oculus/VR/Scripts/Util/Passthrough/OVRPassthroughColorLut.cs using Guid(94060822ffa5e484aa55265db85f6830) Importer(2089858483,192608db42251d675da83286b1cce702) (ScriptedImporter) -> (artifact id: '983082e878874f236a3aa960670d97bf') in 0.0177901 seconds
Number of updated asset objects reloaded before import = 0Number of asset objects unloaded after import = 0

========================================================================
Received Import Request.
  Time since last request: 0.000026 seconds.
  path: Assets/Oculus/Interaction/OVRIntegration/Runtime/Scripts/Input/TrackingToWorldTransformerOVR.cs
  artifactKey: Guid(998a5646185efb9488265f3a2f35a99a) Importer(2089858483,192608db42251d675da83286b1cce702)
Start importing Assets/Oculus/Interaction/OVRIntegration/Runtime/Scripts/Input/TrackingToWorldTransformerOVR.cs using Guid(998a5646185efb9488265f3a2f35a99a) Importer(2089858483,192608db42251d675da83286b1cce702) (ScriptedImporter) -> (artifact id: '93e6c44a39b9966ac9af4d645e06a6e6') in 0.0163893 seconds
Number of updated asset objects reloaded before import = 0Number of asset objects unloaded after import = 0

========================================================================
Received Import Request.
  Time since last request: 0.000013 seconds.
  path: Assets/Oculus/Interaction/Runtime/Scripts/Grab/SnapSurfaces/CylinderGrabSurface.cs
  artifactKey: Guid(0ab0e0bf5507fad4a9def20ce63299e4) Importer(2089858483,192608db42251d675da83286b1cce702)
Start importing Assets/Oculus/Interaction/Runtime/Scripts/Grab/SnapSurfaces/CylinderGrabSurface.cs using Guid(0ab0e0bf5507fad4a9def20ce63299e4) Importer(2089858483,192608db42251d675da83286b1cce702) (ScriptedImporter) -> (artifact id: '940884a7038d71d7a141f926971c8740') in 0.0138334 seconds
Number of updated asset objects reloaded before import = 0Number of asset objects unloaded after import = 0

========================================================================
Received Import Request.
  Time since last request: 0.000023 seconds.
  path: Assets/Oculus/VR/Scripts/OVRAnchor/OVRAnchorComponents/OVRSemanticLabels.cs
  artifactKey: Guid(efe24f81961b460eb43781a3f72460ed) Importer(2089858483,192608db42251d675da83286b1cce702)
Start importing Assets/Oculus/VR/Scripts/OVRAnchor/OVRAnchorComponents/OVRSemanticLabels.cs using Guid(efe24f81961b460eb43781a3f72460ed) Importer(2089858483,192608db42251d675da83286b1cce702) (ScriptedImporter) -> (artifact id: 'c891fa1305ede91e3d6f9448ce1b352c') in 0.0154956 seconds
Number of updated asset objects reloaded before import = 0Number of asset objects unloaded after import = 0

========================================================================
Received Import Request.
  Time since last request: 0.000024 seconds.
  path: Assets/Oculus/Interaction/OVRIntegration/Runtime/Scripts/Input/OVRButtonActiveState.cs
  artifactKey: Guid(4a8b912df038412428ce84448044e01e) Importer(2089858483,192608db42251d675da83286b1cce702)
Start importing Assets/Oculus/Interaction/OVRIntegration/Runtime/Scripts/Input/OVRButtonActiveState.cs using Guid(4a8b912df038412428ce84448044e01e) Importer(2089858483,192608db42251d675da83286b1cce702) (ScriptedImporter) -> (artifact id: '7b188051da199a92a2f3b76f312fdac1') in 0.0150375 seconds
Number of updated asset objects reloaded before import = 0Number of asset objects unloaded after import = 0

========================================================================
Received Import Request.
  Time since last request: 0.000018 seconds.
  path: Assets/Oculus/Interaction/Runtime/Scripts/DistanceGrab/Visuals/ReticleMeshDrawer.cs
  artifactKey: Guid(6d9d81be1c5cd1942a7572d99a4fca60) Importer(2089858483,192608db42251d675da83286b1cce702)
Start importing Assets/Oculus/Interaction/Runtime/Scripts/DistanceGrab/Visuals/ReticleMeshDrawer.cs using Guid(6d9d81be1c5cd1942a7572d99a4fca60) Importer(2089858483,192608db42251d675da83286b1cce702) (ScriptedImporter) -> (artifact id: 'b938e5fc15632e4271afd02d4f6114d7') in 0.0169566 seconds
Number of updated asset objects reloaded before import = 0Number of asset objects unloaded after import = 0

========================================================================
Received Import Request.
  Time since last request: 0.000018 seconds.
  path: Assets/Oculus/Interaction/Runtime/Scripts/Body/Input/BodyDataAsset.cs
  artifactKey: Guid(3341c364a9e73724bbd5f1f56e1f2bbc) Importer(2089858483,192608db42251d675da83286b1cce702)
Start importing Assets/Oculus/Interaction/Runtime/Scripts/Body/Input/BodyDataAsset.cs using Guid(3341c364a9e73724bbd5f1f56e1f2bbc) Importer(2089858483,192608db42251d675da83286b1cce702) (ScriptedImporter) -> (artifact id: '604080ec71494eccaaf31c0c43ab3e6b') in 0.0152247 seconds
Number of updated asset objects reloaded before import = 0Number of asset objects unloaded after import = 0

========================================================================
Received Import Request.
  Time since last request: 0.000024 seconds.
  path: Assets/Oculus/Interaction/OVRIntegration/Runtime/Prefabs/Legacy/legacy.txt
  artifactKey: Guid(7d34f76b2c07b324989afdc3079b38e4) Importer(2089858483,192608db42251d675da83286b1cce702)
Start importing Assets/Oculus/Interaction/OVRIntegration/Runtime/Prefabs/Legacy/legacy.txt using Guid(7d34f76b2c07b324989afdc3079b38e4) Importer(2089858483,192608db42251d675da83286b1cce702) (ScriptedImporter) -> (artifact id: '4fd4cb3f5b312e336e689eebdf63aedb') in 0.018816 seconds
Number of updated asset objects reloaded before import = 0Number of asset objects unloaded after import = 1

========================================================================
Received Import Request.
  Time since last request: 0.000022 seconds.
  path: Assets/Oculus/Interaction/Runtime/Scripts/Grab/Recording/HandPoseRecordable.cs
  artifactKey: Guid(71cbc429b0ddd3b4f9ebbd5b6114281f) Importer(2089858483,192608db42251d675da83286b1cce702)
Start importing Assets/Oculus/Interaction/Runtime/Scripts/Grab/Recording/HandPoseRecordable.cs using Guid(71cbc429b0ddd3b4f9ebbd5b6114281f) Importer(2089858483,192608db42251d675da83286b1cce702) (ScriptedImporter) -> (artifact id: '5e42d454ca36036052b2e670a7e58bd6') in 0.017371 seconds
Number of updated asset objects reloaded before import = 0Number of asset objects unloaded after import = 0

========================================================================
Received Import Request.
  Time since last request: 0.000031 seconds.
  path: Assets/Oculus/Interaction/OVRIntegration/Runtime/Scripts/Input/OVRAxis2D.cs
  artifactKey: Guid(2412d6d784007cf409d79410b6fd915f) Importer(2089858483,192608db42251d675da83286b1cce702)
Start importing Assets/Oculus/Interaction/OVRIntegration/Runtime/Scripts/Input/OVRAxis2D.cs using Guid(2412d6d784007cf409d79410b6fd915f) Importer(2089858483,192608db42251d675da83286b1cce702) (ScriptedImporter) -> (artifact id: '70d6823196334b00d1989679c34d9d00') in 0.0196348 seconds
Number of updated asset objects reloaded before import = 0Number of asset objects unloaded after import = 0

========================================================================
Received Import Request.
  Time since last request: 0.000013 seconds.
  path: Assets/Oculus/Interaction/Runtime/Scripts/Body/PoseDetection/PoseFromBody.cs
  artifactKey: Guid(f2be7e1a3256ca942865ee433ce9e3e9) Importer(2089858483,192608db42251d675da83286b1cce702)
Start importing Assets/Oculus/Interaction/Runtime/Scripts/Body/PoseDetection/PoseFromBody.cs using Guid(f2be7e1a3256ca942865ee433ce9e3e9) Importer(2089858483,192608db42251d675da83286b1cce702) (ScriptedImporter) -> (artifact id: '66800d2b13aae63f15a4338a08a8c4d9') in 0.0160437 seconds
Number of updated asset objects reloaded before import = 0Number of asset objects unloaded after import = 0

========================================================================
Received Import Request.
  Time since last request: 0.000014 seconds.
  path: Assets/Oculus/Interaction/Runtime/Scripts/Grab/SnapSurfaces/IGrabSurface.cs
  artifactKey: Guid(b84868e1fec742746b4f97a01bf836af) Importer(2089858483,192608db42251d675da83286b1cce702)
Start importing Assets/Oculus/Interaction/Runtime/Scripts/Grab/SnapSurfaces/IGrabSurface.cs using Guid(b84868e1fec742746b4f97a01bf836af) Importer(2089858483,192608db42251d675da83286b1cce702) (ScriptedImporter) -> (artifact id: '21cd65859293b94ec7030e62b5616e5d') in 0.0141974 seconds
Number of updated asset objects reloaded before import = 0Number of asset objects unloaded after import = 0

========================================================================
Received Import Request.
  Time since last request: 0.000014 seconds.
  path: Assets/Oculus/Interaction/Runtime/Scripts/DistanceGrab/Visuals/InteractorReticle.cs
  artifactKey: Guid(e2bf09818682cd64fbb06b54214d446e) Importer(2089858483,192608db42251d675da83286b1cce702)
Start importing Assets/Oculus/Interaction/Runtime/Scripts/DistanceGrab/Visuals/InteractorReticle.cs using Guid(e2bf09818682cd64fbb06b54214d446e) Importer(2089858483,192608db42251d675da83286b1cce702) (ScriptedImporter) -> (artifact id: '47568c615fc76ecf19102cbd72994e6a') in 0.0121285 seconds
Number of updated asset objects reloaded before import = 0Number of asset objects unloaded after import = 0

========================================================================
Received Import Request.
  Time since last request: 0.000016 seconds.
  path: Assets/Oculus/Interaction/OVRIntegration/Runtime/Prefabs/Hands/OVRRightHandSynthetic.prefab
  artifactKey: Guid(94313e563929cb3499e3989be338a213) Importer(2089858483,192608db42251d675da83286b1cce702)
Start importing Assets/Oculus/Interaction/OVRIntegration/Runtime/Prefabs/Hands/OVRRightHandSynthetic.prefab using Guid(94313e563929cb3499e3989be338a213) Importer(2089858483,192608db42251d675da83286b1cce702) (ScriptedImporter) -> (artifact id: '09b33b75343c19c8ebc4c794f1020ac8') in 0.017153 seconds
Number of updated asset objects reloaded before import = 0Number of asset objects unloaded after import = 172

========================================================================
Received Import Request.
  Time since last request: 0.000013 seconds.
  path: Assets/Oculus/Interaction/Runtime/Scripts/Body/PoseDetection/BodyPoseData.cs
  artifactKey: Guid(55ca4a17febb5bb4084ecb9e8cd230cc) Importer(2089858483,192608db42251d675da83286b1cce702)
Start importing Assets/Oculus/Interaction/Runtime/Scripts/Body/PoseDetection/BodyPoseData.cs using Guid(55ca4a17febb5bb4084ecb9e8cd230cc) Importer(2089858483,192608db42251d675da83286b1cce702) (ScriptedImporter) -> (artifact id: 'd9dfc9b4f0f402931efd7e08aba51939') in 0.0135241 seconds
Number of updated asset objects reloaded before import = 0Number of asset objects unloaded after import = 0

========================================================================
Received Import Request.
  Time since last request: 0.000022 seconds.
  path: Assets/Oculus/Interaction/Runtime/Scripts/Body/PoseDetection/BodyPoseDebugGizmos.cs
  artifactKey: Guid(feb0f50b1a0593647b5de2d2b20029a2) Importer(2089858483,192608db42251d675da83286b1cce702)
Start importing Assets/Oculus/Interaction/Runtime/Scripts/Body/PoseDetection/BodyPoseDebugGizmos.cs using Guid(feb0f50b1a0593647b5de2d2b20029a2) Importer(2089858483,192608db42251d675da83286b1cce702) (ScriptedImporter) -> (artifact id: '1643535b8bd0ccb38dad1e3738bfb1f9') in 0.0118477 seconds
Number of updated asset objects reloaded before import = 0Number of asset objects unloaded after import = 0

========================================================================
Received Import Request.
  Time since last request: 0.000014 seconds.
  path: Assets/Oculus/Interaction/OVRIntegration/Editor/Blocks/SyntheticHands/Synthetic Hands.asset
  artifactKey: Guid(1e4a3f91312cbb042a301e514935092f) Importer(2089858483,192608db42251d675da83286b1cce702)
Start importing Assets/Oculus/Interaction/OVRIntegration/Editor/Blocks/SyntheticHands/Synthetic Hands.asset using Guid(1e4a3f91312cbb042a301e514935092f) Importer(2089858483,192608db42251d675da83286b1cce702) (ScriptedImporter) -> (artifact id: 'ccb6ea2810fd074e8c05e5c68e220023') in 0.0235478 seconds
Number of updated asset objects reloaded before import = 0Number of asset objects unloaded after import = 344

========================================================================
Received Import Request.
  Time since last request: 0.000017 seconds.
  path: Assets/Oculus/VR/Meshes/OculusTouchForQuest2/Animation/OculusTouchQuest2LeftAnimation.controller
  artifactKey: Guid(4a8e946ed663e4a4db0f537e2965635d) Importer(2089858483,192608db42251d675da83286b1cce702)
Start importing Assets/Oculus/VR/Meshes/OculusTouchForQuest2/Animation/OculusTouchQuest2LeftAnimation.controller using Guid(4a8e946ed663e4a4db0f537e2965635d) Importer(2089858483,192608db42251d675da83286b1cce702) (ScriptedImporter) -> (artifact id: 'b542b9a37a3bd91b53b745902690ed5b') in 0.016254 seconds
Number of updated asset objects reloaded before import = 0Number of asset objects unloaded after import = 38

========================================================================
Received Import Request.
  Time since last request: 0.000014 seconds.
  path: Assets/Oculus/Interaction/OVRIntegration/Runtime/Prefabs/Body/OVRBody.prefab
  artifactKey: Guid(0c340e632275442469d141eb75125554) Importer(2089858483,192608db42251d675da83286b1cce702)
Start importing Assets/Oculus/Interaction/OVRIntegration/Runtime/Prefabs/Body/OVRBody.prefab using Guid(0c340e632275442469d141eb75125554) Importer(2089858483,192608db42251d675da83286b1cce702) (ScriptedImporter) -> (artifact id: '152a9ccbe9dd0c3b44b9041bafda071e') in 0.0281111 seconds
Number of updated asset objects reloaded before import = 0Number of asset objects unloaded after import = 14

========================================================================
Received Import Request.
  Time since last request: 0.000013 seconds.
  path: Assets/Oculus/VR/Meshes/OculusTouchForQuestAndRiftS/Animation/OculusTouchQuestAndRiftSRightAnimation.controller
  artifactKey: Guid(3f974d61f39a79c408d54b32f31f186c) Importer(2089858483,192608db42251d675da83286b1cce702)
Start importing Assets/Oculus/VR/Meshes/OculusTouchForQuestAndRiftS/Animation/OculusTouchQuestAndRiftSRightAnimation.controller using Guid(3f974d61f39a79c408d54b32f31f186c) Importer(2089858483,192608db42251d675da83286b1cce702) (ScriptedImporter) -> (artifact id: '7ddc02c4e0ee0641b187970dc76dd214') in 0.0137919 seconds
Number of updated asset objects reloaded before import = 0Number of asset objects unloaded after import = 38

========================================================================
Received Import Request.
  Time since last request: 0.000017 seconds.
  path: Assets/Oculus/Interaction/OVRIntegration/Runtime/Scripts/Input/OVRControllerVisual.cs
  artifactKey: Guid(6eb5e919275d29245bba9a1f0e849e6a) Importer(2089858483,192608db42251d675da83286b1cce702)
Start importing Assets/Oculus/Interaction/OVRIntegration/Runtime/Scripts/Input/OVRControllerVisual.cs using Guid(6eb5e919275d29245bba9a1f0e849e6a) Importer(2089858483,192608db42251d675da83286b1cce702) (ScriptedImporter) -> (artifact id: 'd91e954c1851cb80cd1eeaff589ac2d2') in 0.0152563 seconds
Number of updated asset objects reloaded before import = 0Number of asset objects unloaded after import = 0

========================================================================
Received Import Request.
  Time since last request: 0.000025 seconds.
  path: Assets/Oculus/Voice/Features/Dictation/Plugins/voicesdk_platform_dictation.jar
  artifactKey: Guid(c752b70a94dcf04498081eda98206e9c) Importer(2089858483,192608db42251d675da83286b1cce702)
Start importing Assets/Oculus/Voice/Features/Dictation/Plugins/voicesdk_platform_dictation.jar using Guid(c752b70a94dcf04498081eda98206e9c) Importer(2089858483,192608db42251d675da83286b1cce702) (ScriptedImporter) -> (artifact id: 'ff9adb549909a01143704ab4a024e65b') in 0.0144465 seconds
Number of updated asset objects reloaded before import = 0Number of asset objects unloaded after import = 0

========================================================================
Received Import Request.
  Time since last request: 0.000014 seconds.
  path: Assets/Oculus/Interaction/OVRIntegration/Runtime/Prefabs/Hands/OVRFromRightHandPrefab.prefab
  artifactKey: Guid(f610b7d0d48fa194193a8edc8f1c4959) Importer(2089858483,192608db42251d675da83286b1cce702)
Start importing Assets/Oculus/Interaction/OVRIntegration/Runtime/Prefabs/Hands/OVRFromRightHandPrefab.prefab using Guid(f610b7d0d48fa194193a8edc8f1c4959) Importer(2089858483,192608db42251d675da83286b1cce702) (ScriptedImporter) -> (artifact id: 'a45f9cd6a3fc85e41006156675a88ae2') in 0.0192924 seconds
Number of updated asset objects reloaded before import = 0Number of asset objects unloaded after import = 171

========================================================================
Received Import Request.
  Time since last request: 0.000015 seconds.
  path: Assets/Oculus/Interaction/OVRIntegration/Editor/Blocks/Interactors/Grab Interactor.asset
  artifactKey: Guid(eb245aa47bf2a0142b534b975dbfa144) Importer(2089858483,192608db42251d675da83286b1cce702)
Start importing Assets/Oculus/Interaction/OVRIntegration/Editor/Blocks/Interactors/Grab Interactor.asset using Guid(eb245aa47bf2a0142b534b975dbfa144) Importer(2089858483,192608db42251d675da83286b1cce702) (ScriptedImporter) -> (artifact id: 'f7913d0aa3cb5f66d4bc34528c1b2350') in 0.017102 seconds
Number of updated asset objects reloaded before import = 0Number of asset objects unloaded after import = 43

========================================================================
Received Import Request.
  Time since last request: 0.000014 seconds.
  path: Assets/Oculus/Interaction/OVRIntegration/Runtime/Scripts/Input/FromOVRControllerHandDataSource.cs
  artifactKey: Guid(eb7d6cff5f17513488d465cdc4efd298) Importer(2089858483,192608db42251d675da83286b1cce702)
Start importing Assets/Oculus/Interaction/OVRIntegration/Runtime/Scripts/Input/FromOVRControllerHandDataSource.cs using Guid(eb7d6cff5f17513488d465cdc4efd298) Importer(2089858483,192608db42251d675da83286b1cce702) (ScriptedImporter) -> (artifact id: 'eebea33718fb92550c125f1ee8802dde') in 0.0156349 seconds
Number of updated asset objects reloaded before import = 0Number of asset objects unloaded after import = 0

========================================================================
Received Import Request.
  Time since last request: 0.000014 seconds.
  path: Assets/Oculus/VR/Scripts/Util/SampleMetadata/SampleTelemetryEvents.cs
  artifactKey: Guid(ee3eb6d513f071a46b062b807ccaac4c) Importer(2089858483,192608db42251d675da83286b1cce702)
Start importing Assets/Oculus/VR/Scripts/Util/SampleMetadata/SampleTelemetryEvents.cs using Guid(ee3eb6d513f071a46b062b807ccaac4c) Importer(2089858483,192608db42251d675da83286b1cce702) (ScriptedImporter) -> (artifact id: '82b5efa743c84586ca41e4de8cc63344') in 0.0123999 seconds
Number of updated asset objects reloaded before import = 0Number of asset objects unloaded after import = 0

========================================================================
Received Import Request.
  Time since last request: 0.000014 seconds.
  path: Assets/Oculus/SampleFramework/Usage/SpatialAnchor/Scripts/AnchorSpawner.cs
  artifactKey: Guid(eb5a075e3decb0d49a881c4b110ec41b) Importer(2089858483,192608db42251d675da83286b1cce702)
Start importing Assets/Oculus/SampleFramework/Usage/SpatialAnchor/Scripts/AnchorSpawner.cs using Guid(eb5a075e3decb0d49a881c4b110ec41b) Importer(2089858483,192608db42251d675da83286b1cce702) (ScriptedImporter) -> (artifact id: '4546b3e5e36487d8b979d97e91a6fcb0') in 0.0163304 seconds
Number of updated asset objects reloaded before import = 0Number of asset objects unloaded after import = 0

========================================================================
Received Import Request.
  Time since last request: 0.000022 seconds.
  path: Assets/Oculus/Voice/Lib/Wit.ai/Resources/witai.png
  artifactKey: Guid(d3b5ac4c8b01ef14a8a66d7e2a4991cc) Importer(2089858483,192608db42251d675da83286b1cce702)
Start importing Assets/Oculus/Voice/Lib/Wit.ai/Resources/witai.png using Guid(d3b5ac4c8b01ef14a8a66d7e2a4991cc) Importer(2089858483,192608db42251d675da83286b1cce702) (ScriptedImporter) -> (artifact id: '6606f6aa2b763300e96f2443069db898') in 0.0230349 seconds
Number of updated asset objects reloaded before import = 0Number of asset objects unloaded after import = 3

========================================================================
Received Import Request.
  Time since last request: 0.000049 seconds.
  path: Assets/Oculus/Interaction/Runtime/Scripts/Interaction/Core/FirstHoverInteractorGroup.cs
  artifactKey: Guid(17cef50ab59738b47bdd5ba6901c9649) Importer(2089858483,192608db42251d675da83286b1cce702)
Start importing Assets/Oculus/Interaction/Runtime/Scripts/Interaction/Core/FirstHoverInteractorGroup.cs using Guid(17cef50ab59738b47bdd5ba6901c9649) Importer(2089858483,192608db42251d675da83286b1cce702) (ScriptedImporter) -> (artifact id: '14bdd819e4025c8ffc6621d6611fcd03') in 0.0156632 seconds
Number of updated asset objects reloaded before import = 0Number of asset objects unloaded after import = 0

========================================================================
Received Import Request.
  Time since last request: 0.000018 seconds.
  path: Assets/Oculus/Interaction/Runtime/Scripts/Interaction/Surfaces/PlaneSurface.cs
  artifactKey: Guid(9cf2a74d69b1c1e41916d2a7afdff5be) Importer(2089858483,192608db42251d675da83286b1cce702)
Start importing Assets/Oculus/Interaction/Runtime/Scripts/Interaction/Surfaces/PlaneSurface.cs using Guid(9cf2a74d69b1c1e41916d2a7afdff5be) Importer(2089858483,192608db42251d675da83286b1cce702) (ScriptedImporter) -> (artifact id: '9d1e363823cd798045c52eaf127840da') in 0.0131466 seconds
Number of updated asset objects reloaded before import = 0Number of asset objects unloaded after import = 0

========================================================================
Received Import Request.
  Time since last request: 0.000013 seconds.
  path: Assets/Oculus/Interaction/Runtime/Scripts/Interaction/Pointable/PointableDebugGizmos.cs
  artifactKey: Guid(5032d5baa715d5a44a1c6df19d3837d8) Importer(2089858483,192608db42251d675da83286b1cce702)
Start importing Assets/Oculus/Interaction/Runtime/Scripts/Interaction/Pointable/PointableDebugGizmos.cs using Guid(5032d5baa715d5a44a1c6df19d3837d8) Importer(2089858483,192608db42251d675da83286b1cce702) (ScriptedImporter) -> (artifact id: 'aca64b69963c198eb2ed197bf626135c') in 0.012638 seconds
Number of updated asset objects reloaded before import = 0Number of asset objects unloaded after import = 0

========================================================================
Received Import Request.
  Time since last request: 0.000013 seconds.
  path: Assets/Oculus/Interaction/Runtime/Scripts/Interaction/Pointable/IPointableCanvas.cs
  artifactKey: Guid(a1e4d2f14ad886f4d97b6279f17943e3) Importer(2089858483,192608db42251d675da83286b1cce702)
Start importing Assets/Oculus/Interaction/Runtime/Scripts/Interaction/Pointable/IPointableCanvas.cs using Guid(a1e4d2f14ad886f4d97b6279f17943e3) Importer(2089858483,192608db42251d675da83286b1cce702) (ScriptedImporter) -> (artifact id: '5d136b27a934c3a204cefbfa9c72ecf1') in 0.0118287 seconds
Number of updated asset objects reloaded before import = 0Number of asset objects unloaded after import = 0

========================================================================
Received Import Request.
  Time since last request: 0.000015 seconds.
  path: Assets/Oculus/Interaction/Runtime/Scripts/Interaction/Core/BestSelectInteractorGroup.cs
  artifactKey: Guid(4ac558de6fb637548a9e3e0483939688) Importer(2089858483,192608db42251d675da83286b1cce702)
Start importing Assets/Oculus/Interaction/Runtime/Scripts/Interaction/Core/BestSelectInteractorGroup.cs using Guid(4ac558de6fb637548a9e3e0483939688) Importer(2089858483,192608db42251d675da83286b1cce702) (ScriptedImporter) -> (artifact id: 'f466ee7ebe5184bc0c06b6c73f29fe74') in 0.0121998 seconds
Number of updated asset objects reloaded before import = 0Number of asset objects unloaded after import = 0

========================================================================
Received Import Request.
  Time since last request: 0.000013 seconds.
  path: Assets/Oculus/Interaction/Runtime/Scripts/Interaction/Core/CollisionInteractionRegistry.cs
  artifactKey: Guid(fb2a1991dcdc8df40849843bb47ca6e4) Importer(2089858483,192608db42251d675da83286b1cce702)
Start importing Assets/Oculus/Interaction/Runtime/Scripts/Interaction/Core/CollisionInteractionRegistry.cs using Guid(fb2a1991dcdc8df40849843bb47ca6e4) Importer(2089858483,192608db42251d675da83286b1cce702) (ScriptedImporter) -> (artifact id: 'c1f3698cbe079cfa396b5739b1bfc96f') in 0.012258 seconds
Number of updated asset objects reloaded before import = 0Number of asset objects unloaded after import = 0

========================================================================
Received Import Request.
  Time since last request: 0.000017 seconds.
  path: Assets/Oculus/Interaction/Runtime/Scripts/Interaction/Surfaces/BoundsClipper.cs
  artifactKey: Guid(e08ab46e8fb05dc46b34e54466dc11e3) Importer(2089858483,192608db42251d675da83286b1cce702)
Start importing Assets/Oculus/Interaction/Runtime/Scripts/Interaction/Surfaces/BoundsClipper.cs using Guid(e08ab46e8fb05dc46b34e54466dc11e3) Importer(2089858483,192608db42251d675da83286b1cce702) (ScriptedImporter) -> (artifact id: '6ab134a65fc0c003898b485ab51a4850') in 0.0131878 seconds
Number of updated asset objects reloaded before import = 0Number of asset objects unloaded after import = 0

========================================================================
Received Import Request.
  Time since last request: 0.000024 seconds.
  path: Assets/Oculus/Interaction/Runtime/Scripts/Interaction/Grabbable/IGrabbable.cs
  artifactKey: Guid(ed55fe89891e9d846b1c07966cafaf59) Importer(2089858483,192608db42251d675da83286b1cce702)
Start importing Assets/Oculus/Interaction/Runtime/Scripts/Interaction/Grabbable/IGrabbable.cs using Guid(ed55fe89891e9d846b1c07966cafaf59) Importer(2089858483,192608db42251d675da83286b1cce702) (ScriptedImporter) -> (artifact id: '706a77c7ed362e36ac6ffc3cf668b764') in 0.0132578 seconds
Number of updated asset objects reloaded before import = 0Number of asset objects unloaded after import = 0

========================================================================
Received Import Request.
  Time since last request: 0.000016 seconds.
  path: Assets/Oculus/Interaction/Runtime/Scripts/Interaction/Surfaces/IBounds.cs
  artifactKey: Guid(30e91ad55137eaa40bb7b5bc854b90fa) Importer(2089858483,192608db42251d675da83286b1cce702)
Start importing Assets/Oculus/Interaction/Runtime/Scripts/Interaction/Surfaces/IBounds.cs using Guid(30e91ad55137eaa40bb7b5bc854b90fa) Importer(2089858483,192608db42251d675da83286b1cce702) (ScriptedImporter) -> (artifact id: '4100607c5125121cdcf2d0aea4b173de') in 0.0130417 seconds
Number of updated asset objects reloaded before import = 0Number of asset objects unloaded after import = 0

========================================================================
Received Import Request.
  Time since last request: 0.000014 seconds.
  path: Assets/Oculus/Interaction/Runtime/Scripts/Input/Hands/HandDataAsset.cs
  artifactKey: Guid(24ccc8fce03318d4fb4fbd8bb782ded2) Importer(2089858483,192608db42251d675da83286b1cce702)
Start importing Assets/Oculus/Interaction/Runtime/Scripts/Input/Hands/HandDataAsset.cs using Guid(24ccc8fce03318d4fb4fbd8bb782ded2) Importer(2089858483,192608db42251d675da83286b1cce702) (ScriptedImporter) -> (artifact id: 'd1ac0d4958c427bbdac2a0ba6670654a') in 0.0123611 seconds
Number of updated asset objects reloaded before import = 0Number of asset objects unloaded after import = 0

========================================================================
Received Import Request.
  Time since last request: 0.000013 seconds.
  path: Assets/Oculus/Interaction/Runtime/Scripts/Interaction/Surfaces/ClippedPlaneSurface.cs
  artifactKey: Guid(efd927768041afd4d90e5d822283f0f4) Importer(2089858483,192608db42251d675da83286b1cce702)
Start importing Assets/Oculus/Interaction/Runtime/Scripts/Interaction/Surfaces/ClippedPlaneSurface.cs using Guid(efd927768041afd4d90e5d822283f0f4) Importer(2089858483,192608db42251d675da83286b1cce702) (ScriptedImporter) -> (artifact id: '168566d07bb1dc4032f5f230837d2eb0') in 0.0121314 seconds
Number of updated asset objects reloaded before import = 0Number of asset objects unloaded after import = 0

========================================================================
Received Import Request.
  Time since last request: 0.000013 seconds.
  path: Assets/Oculus/Interaction/Runtime/Scripts/Interaction/Grabbable/Grabbable.cs
  artifactKey: Guid(43f86b14a27b52f4f9298c33015b5c26) Importer(2089858483,192608db42251d675da83286b1cce702)
Start importing Assets/Oculus/Interaction/Runtime/Scripts/Interaction/Grabbable/Grabbable.cs using Guid(43f86b14a27b52f4f9298c33015b5c26) Importer(2089858483,192608db42251d675da83286b1cce702) (ScriptedImporter) -> (artifact id: '3d1b8a658e326a523c7182b411221eb6') in 0.011877 seconds
Number of updated asset objects reloaded before import = 0Number of asset objects unloaded after import = 0

========================================================================
Received Import Request.
  Time since last request: 0.000012 seconds.
  path: Assets/Oculus/Interaction/Runtime/Scripts/Interaction/Core/InteractableGroupView.cs
  artifactKey: Guid(4bff16bb2b8cae9409e88ec4d3527c9b) Importer(2089858483,192608db42251d675da83286b1cce702)
Start importing Assets/Oculus/Interaction/Runtime/Scripts/Interaction/Core/InteractableGroupView.cs using Guid(4bff16bb2b8cae9409e88ec4d3527c9b) Importer(2089858483,192608db42251d675da83286b1cce702) (ScriptedImporter) -> (artifact id: '14b4bf535ec775594612a2a9cd1a117c') in 0.0107582 seconds
Number of updated asset objects reloaded before import = 0Number of asset objects unloaded after import = 0

========================================================================
Received Import Request.
  Time since last request: 0.000011 seconds.
  path: Assets/Oculus/Interaction/Runtime/Scripts/Interaction/Core/InteractorGroup.cs
  artifactKey: Guid(e496321945bb90842a740170c653e2fd) Importer(2089858483,192608db42251d675da83286b1cce702)
Start importing Assets/Oculus/Interaction/Runtime/Scripts/Interaction/Core/InteractorGroup.cs using Guid(e496321945bb90842a740170c653e2fd) Importer(2089858483,192608db42251d675da83286b1cce702) (ScriptedImporter) -> (artifact id: 'c5a38a51368bc61fa624a83e0d45b900') in 0.0125388 seconds
Number of updated asset objects reloaded before import = 0Number of asset objects unloaded after import = 0

========================================================================
Received Import Request.
  Time since last request: 0.000013 seconds.
  path: Assets/Oculus/Interaction/Runtime/Scripts/Interaction/Pointable/PointerInteractor.cs
  artifactKey: Guid(f216563e1c1b20f4e820a032fe20f87d) Importer(2089858483,192608db42251d675da83286b1cce702)
Start importing Assets/Oculus/Interaction/Runtime/Scripts/Interaction/Pointable/PointerInteractor.cs using Guid(f216563e1c1b20f4e820a032fe20f87d) Importer(2089858483,192608db42251d675da83286b1cce702) (ScriptedImporter) -> (artifact id: 'b4bdab2bc5630609a36d1c50023ae0d2') in 0.0117509 seconds
Number of updated asset objects reloaded before import = 0Number of asset objects unloaded after import = 0

========================================================================
Received Import Request.
  Time since last request: 0.000018 seconds.
  path: Assets/Oculus/Interaction/Runtime/Scripts/Interaction/Surfaces/CylinderClipper.cs
  artifactKey: Guid(504bb1c8f01702448be8e87bc568d6b7) Importer(2089858483,192608db42251d675da83286b1cce702)
Start importing Assets/Oculus/Interaction/Runtime/Scripts/Interaction/Surfaces/CylinderClipper.cs using Guid(504bb1c8f01702448be8e87bc568d6b7) Importer(2089858483,192608db42251d675da83286b1cce702) (ScriptedImporter) -> (artifact id: 'ad49d90a3d5dd7b616e18620f2a3df09') in 0.0151576 seconds
Number of updated asset objects reloaded before import = 0Number of asset objects unloaded after import = 0

========================================================================
Received Import Request.
  Time since last request: 0.000013 seconds.
  path: Assets/Oculus/Interaction/Runtime/Scripts/Interaction/Grabbable/OneGrabFreeTransformer.cs
  artifactKey: Guid(3236b8f205019504589358e7e0412a38) Importer(2089858483,192608db42251d675da83286b1cce702)
Start importing Assets/Oculus/Interaction/Runtime/Scripts/Interaction/Grabbable/OneGrabFreeTransformer.cs using Guid(3236b8f205019504589358e7e0412a38) Importer(2089858483,192608db42251d675da83286b1cce702) (ScriptedImporter) -> (artifact id: '1710ad51395141d19eba9894ec3861db') in 0.0151701 seconds
Number of updated asset objects reloaded before import = 0Number of asset objects unloaded after import = 0

========================================================================
Received Import Request.
  Time since last request: 0.000012 seconds.
  path: Assets/Oculus/Interaction/Runtime/Scripts/Interaction/Grabbable/ITransformer.cs
  artifactKey: Guid(c880bfe4676ff2b48b00aabbbbb64d7e) Importer(2089858483,192608db42251d675da83286b1cce702)
Start importing Assets/Oculus/Interaction/Runtime/Scripts/Interaction/Grabbable/ITransformer.cs using Guid(c880bfe4676ff2b48b00aabbbbb64d7e) Importer(2089858483,192608db42251d675da83286b1cce702) (ScriptedImporter) -> (artifact id: '0af764425ebe674f5653785b5b8290a1') in 0.016505 seconds
Number of updated asset objects reloaded before import = 0Number of asset objects unloaded after import = 0

========================================================================
Received Import Request.
  Time since last request: 0.000011 seconds.
  path: Assets/Oculus/Interaction/Runtime/Scripts/Interaction/Core/InteractorDriver.cs
  artifactKey: Guid(ba7282e6cbb44d94b9399c80f4c2c7e4) Importer(2089858483,192608db42251d675da83286b1cce702)
Start importing Assets/Oculus/Interaction/Runtime/Scripts/Interaction/Core/InteractorDriver.cs using Guid(ba7282e6cbb44d94b9399c80f4c2c7e4) Importer(2089858483,192608db42251d675da83286b1cce702) (ScriptedImporter) -> (artifact id: '9cbe339947c0e4e77a24611551f4a350') in 0.010123 seconds
Number of updated asset objects reloaded before import = 0Number of asset objects unloaded after import = 0

========================================================================
Received Import Request.
  Time since last request: 0.000013 seconds.
  path: Assets/Oculus/Interaction/Runtime/Scripts/Input/OneEuroFilter/OneEuroFilterFactory.cs
  artifactKey: Guid(3cc371463610efd41a2e0dc11a8178c4) Importer(2089858483,192608db42251d675da83286b1cce702)
Start importing Assets/Oculus/Interaction/Runtime/Scripts/Input/OneEuroFilter/OneEuroFilterFactory.cs using Guid(3cc371463610efd41a2e0dc11a8178c4) Importer(2089858483,192608db42251d675da83286b1cce702) (ScriptedImporter) -> (artifact id: '2dcbead6c9c41691f40269a3f30278c0') in 0.016843 seconds
Number of updated asset objects reloaded before import = 0Number of asset objects unloaded after import = 0

========================================================================
Received Import Request.
  Time since last request: 0.000011 seconds.
  path: Assets/Oculus/Interaction/Runtime/Scripts/Input/OneEuroFilter/FilteredTransform.cs
  artifactKey: Guid(9a174518816f7e645860e70cf978ba1c) Importer(2089858483,192608db42251d675da83286b1cce702)
Start importing Assets/Oculus/Interaction/Runtime/Scripts/Input/OneEuroFilter/FilteredTransform.cs using Guid(9a174518816f7e645860e70cf978ba1c) Importer(2089858483,192608db42251d675da83286b1cce702) (ScriptedImporter) -> (artifact id: 'd5b7075c7668999ecb7b09fff45b63ab') in 0.0110249 seconds
Number of updated asset objects reloaded before import = 0Number of asset objects unloaded after import = 0

========================================================================
Received Import Request.
  Time since last request: 0.000013 seconds.
  path: Assets/Oculus/Interaction/Runtime/Scripts/Interaction/Grabbable/OneGrabRotateTransformer.cs
  artifactKey: Guid(124f4583f657475469a45ab6fca8f921) Importer(2089858483,192608db42251d675da83286b1cce702)
Start importing Assets/Oculus/Interaction/Runtime/Scripts/Interaction/Grabbable/OneGrabRotateTransformer.cs using Guid(124f4583f657475469a45ab6fca8f921) Importer(2089858483,192608db42251d675da83286b1cce702) (ScriptedImporter) -> (artifact id: '77d85666671562f0ab474a4b1f7d753b') in 0.0107044 seconds
Number of updated asset objects reloaded before import = 0Number of asset objects unloaded after import = 0

========================================================================
Received Import Request.
  Time since last request: 0.000021 seconds.
  path: Assets/Oculus/Interaction/Runtime/Scripts/Input/Hands/JointsRadiusFeature.cs
  artifactKey: Guid(4dffc2a801520fb4cbe2c11894faf431) Importer(2089858483,192608db42251d675da83286b1cce702)
Start importing Assets/Oculus/Interaction/Runtime/Scripts/Input/Hands/JointsRadiusFeature.cs using Guid(4dffc2a801520fb4cbe2c11894faf431) Importer(2089858483,192608db42251d675da83286b1cce702) (ScriptedImporter) -> (artifact id: '55081ee15217d05b7f06f87f360c0323') in 0.0150766 seconds
Number of updated asset objects reloaded before import = 0Number of asset objects unloaded after import = 0

========================================================================
Received Import Request.
  Time since last request: 0.000011 seconds.
  path: Assets/Oculus/Interaction/Runtime/Scripts/Interaction/Core/BestHoverInteractorGroup.cs
  artifactKey: Guid(e06fe30fd4efa954b8f53ccc8da8f46b) Importer(2089858483,192608db42251d675da83286b1cce702)
Start importing Assets/Oculus/Interaction/Runtime/Scripts/Interaction/Core/BestHoverInteractorGroup.cs using Guid(e06fe30fd4efa954b8f53ccc8da8f46b) Importer(2089858483,192608db42251d675da83286b1cce702) (ScriptedImporter) -> (artifact id: '30aa8b500b9766d29d7033b095401716') in 0.0114372 seconds
Number of updated asset objects reloaded before import = 0Number of asset objects unloaded after import = 0

========================================================================
Received Import Request.
  Time since last request: 0.000011 seconds.
  path: Assets/Oculus/Interaction/Runtime/Scripts/Interaction/Pointable/PointableDebugPolylineGizmos.cs
  artifactKey: Guid(58f05d63d5b59f4408101ef811a39ae6) Importer(2089858483,192608db42251d675da83286b1cce702)
Start importing Assets/Oculus/Interaction/Runtime/Scripts/Interaction/Pointable/PointableDebugPolylineGizmos.cs using Guid(58f05d63d5b59f4408101ef811a39ae6) Importer(2089858483,192608db42251d675da83286b1cce702) (ScriptedImporter) -> (artifact id: 'acda7db70c108c72d3159058f427f44f') in 0.0171626 seconds
Number of updated asset objects reloaded before import = 0Number of asset objects unloaded after import = 0

========================================================================
Received Import Request.
  Time since last request: 0.000011 seconds.
  path: Assets/Oculus/Interaction/Runtime/Scripts/Interaction/Core/InteractableTriggerBroadcaster.cs
  artifactKey: Guid(26cb0a0cb13965347b765a3a9356dd69) Importer(2089858483,192608db42251d675da83286b1cce702)
Start importing Assets/Oculus/Interaction/Runtime/Scripts/Interaction/Core/InteractableTriggerBroadcaster.cs using Guid(26cb0a0cb13965347b765a3a9356dd69) Importer(2089858483,192608db42251d675da83286b1cce702) (ScriptedImporter) -> (artifact id: '19ce2fb69529b51efe8e01734118943c') in 0.010605 seconds
Number of updated asset objects reloaded before import = 0Number of asset objects unloaded after import = 0

========================================================================
Received Import Request.
  Time since last request: 0.000012 seconds.
  path: Assets/Oculus/Interaction/Runtime/Scripts/Input/Hands/HandPhysicsCapsules.cs
  artifactKey: Guid(a1e477b940c8a084ab4f2dda703b49ef) Importer(2089858483,192608db42251d675da83286b1cce702)
Start importing Assets/Oculus/Interaction/Runtime/Scripts/Input/Hands/HandPhysicsCapsules.cs using Guid(a1e477b940c8a084ab4f2dda703b49ef) Importer(2089858483,192608db42251d675da83286b1cce702) (ScriptedImporter) -> (artifact id: '6bbf3a1b4137641cc02ed3df786e7eff') in 0.0117149 seconds
Number of updated asset objects reloaded before import = 0Number of asset objects unloaded after import = 0

========================================================================
Received Import Request.
  Time since last request: 0.000011 seconds.
  path: Assets/Oculus/Interaction/Runtime/Scripts/Input/Hands/HandJointsCache.cs
  artifactKey: Guid(f06ae507a1989e04daeeedc9859327ff) Importer(2089858483,192608db42251d675da83286b1cce702)
Start importing Assets/Oculus/Interaction/Runtime/Scripts/Input/Hands/HandJointsCache.cs using Guid(f06ae507a1989e04daeeedc9859327ff) Importer(2089858483,192608db42251d675da83286b1cce702) (ScriptedImporter) -> (artifact id: 'f6060057b044bd461d69b662dd4274b0') in 0.0117847 seconds
Number of updated asset objects reloaded before import = 0Number of asset objects unloaded after import = 0

========================================================================
Received Import Request.
  Time since last request: 0.000013 seconds.
  path: Assets/Oculus/Interaction/Runtime/Scripts/Input/OneEuroFilter/OneEuroFilterMulti.cs
  artifactKey: Guid(162ae485931cbb8418cc08cbfe83931e) Importer(2089858483,192608db42251d675da83286b1cce702)
Start importing Assets/Oculus/Interaction/Runtime/Scripts/Input/OneEuroFilter/OneEuroFilterMulti.cs using Guid(162ae485931cbb8418cc08cbfe83931e) Importer(2089858483,192608db42251d675da83286b1cce702) (ScriptedImporter) -> (artifact id: '2b76e24f825d036eed15126d851e0695') in 0.0136666 seconds
Number of updated asset objects reloaded before import = 0Number of asset objects unloaded after import = 0

========================================================================
Received Import Request.
  Time since last request: 0.000016 seconds.
  path: Assets/Oculus/Interaction/Runtime/Scripts/Input/OVRIntegration/InputDataProviderUpdateTriggerOVR.cs
  artifactKey: Guid(91218800879c7374196ff4f3e5d030b0) Importer(2089858483,192608db42251d675da83286b1cce702)
Start importing Assets/Oculus/Interaction/Runtime/Scripts/Input/OVRIntegration/InputDataProviderUpdateTriggerOVR.cs using Guid(91218800879c7374196ff4f3e5d030b0) Importer(2089858483,192608db42251d675da83286b1cce702) (ScriptedImporter) -> (artifact id: 'c28a8ef45fe1cd4e876044d63a49f595') in 0.012655 seconds
Number of updated asset objects reloaded before import = 0Number of asset objects unloaded after import = 0

========================================================================
Received Import Request.
  Time since last request: 0.000022 seconds.
  path: Assets/Oculus/Interaction/Runtime/Scripts/Interaction/Surfaces/PointableCylinder.cs
  artifactKey: Guid(d6f9a0b5a919b7447bbc4291fd3bc15e) Importer(2089858483,192608db42251d675da83286b1cce702)
Start importing Assets/Oculus/Interaction/Runtime/Scripts/Interaction/Surfaces/PointableCylinder.cs using Guid(d6f9a0b5a919b7447bbc4291fd3bc15e) Importer(2089858483,192608db42251d675da83286b1cce702) (ScriptedImporter) -> (artifact id: '8b8a4f4b9511ff69e0d2328343589364') in 0.0099835 seconds
Number of updated asset objects reloaded before import = 0Number of asset objects unloaded after import = 0

========================================================================
Received Import Request.
  Time since last request: 0.000011 seconds.
  path: Assets/Oculus/Interaction/Runtime/Scripts/Interaction/Core/ActiveStateGroup.cs
  artifactKey: Guid(aebd5da9a8bd22243b407f1927f4965b) Importer(2089858483,192608db42251d675da83286b1cce702)
Start importing Assets/Oculus/Interaction/Runtime/Scripts/Interaction/Core/ActiveStateGroup.cs using Guid(aebd5da9a8bd22243b407f1927f4965b) Importer(2089858483,192608db42251d675da83286b1cce702) (ScriptedImporter) -> (artifact id: '0c51f40c324d2a26926c225e187a7358') in 0.0138674 seconds
Number of updated asset objects reloaded before import = 0Number of asset objects unloaded after import = 0

========================================================================
Received Import Request.
  Time since last request: 0.000012 seconds.
  path: Assets/Oculus/Interaction/Runtime/Scripts/Interaction/Pointable/PointableGroup.cs
  artifactKey: Guid(13dad4a75d14253439c5c4fb36380a6e) Importer(2089858483,192608db42251d675da83286b1cce702)
Start importing Assets/Oculus/Interaction/Runtime/Scripts/Interaction/Pointable/PointableGroup.cs using Guid(13dad4a75d14253439c5c4fb36380a6e) Importer(2089858483,192608db42251d675da83286b1cce702) (ScriptedImporter) -> (artifact id: 'd6ec75456e3ee95d0d921013b17fdb4e') in 0.0131706 seconds
Number of updated asset objects reloaded before import = 0Number of asset objects unloaded after import = 0

========================================================================
Received Import Request.
  Time since last request: 0.000012 seconds.
  path: Assets/Oculus/Interaction/Runtime/Scripts/Interaction/Surfaces/CylinderSurface.cs
  artifactKey: Guid(804765e8da96b404fb7767affc7d8a57) Importer(2089858483,192608db42251d675da83286b1cce702)
Start importing Assets/Oculus/Interaction/Runtime/Scripts/Interaction/Surfaces/CylinderSurface.cs using Guid(804765e8da96b404fb7767affc7d8a57) Importer(2089858483,192608db42251d675da83286b1cce702) (ScriptedImporter) -> (artifact id: '91e9f1e8c0f0858ceca1d405e3d93152') in 0.015022 seconds
Number of updated asset objects reloaded before import = 0Number of asset objects unloaded after import = 0

========================================================================
Received Import Request.
  Time since last request: 0.000011 seconds.
  path: Assets/Oculus/Interaction/Runtime/Scripts/Input/HMD/Hmd.cs
  artifactKey: Guid(2606bf2f0c914a7aba4390f29ba2eb6e) Importer(2089858483,192608db42251d675da83286b1cce702)
Start importing Assets/Oculus/Interaction/Runtime/Scripts/Input/HMD/Hmd.cs using Guid(2606bf2f0c914a7aba4390f29ba2eb6e) Importer(2089858483,192608db42251d675da83286b1cce702) (ScriptedImporter) -> (artifact id: '911c932ac11f0d5d33895592f0f9efd5') in 0.0095689 seconds
Number of updated asset objects reloaded before import = 0Number of asset objects unloaded after import = 0

========================================================================
Received Import Request.
  Time since last request: 0.000013 seconds.
  path: Assets/Oculus/Voice/Documentation/Samples/ShapesConduit/Shapes with Conduit - Sample.asset
  artifactKey: Guid(5757f344bdd268949b1dde4f5a3bb51c) Importer(2089858483,192608db42251d675da83286b1cce702)
Start importing Assets/Oculus/Voice/Documentation/Samples/ShapesConduit/Shapes with Conduit - Sample.asset using Guid(5757f344bdd268949b1dde4f5a3bb51c) Importer(2089858483,192608db42251d675da83286b1cce702) (ScriptedImporter) -> (artifact id: '8c5f7d93620f67b2ab718d5dfaf840d9') in 0.0236008 seconds
Number of updated asset objects reloaded before import = 0Number of asset objects unloaded after import = 3

========================================================================
Received Import Request.
  Time since last request: 0.000016 seconds.
  path: Assets/Oculus/SampleFramework/Usage/Locomotion/Models/WedgeCeiling_20.fbx
  artifactKey: Guid(566b4e51210294135802fb595f6d0699) Importer(2089858483,192608db42251d675da83286b1cce702)
Start importing Assets/Oculus/SampleFramework/Usage/Locomotion/Models/WedgeCeiling_20.fbx using Guid(566b4e51210294135802fb595f6d0699) Importer(2089858483,192608db42251d675da83286b1cce702) (ScriptedImporter) -> (artifact id: '6a16558d521cb491c3c15e5486801b12') in 0.0167986 seconds
Number of updated asset objects reloaded before import = 0Number of asset objects unloaded after import = 8

========================================================================
Received Import Request.
  Time since last request: 0.000028 seconds.
  path: Assets/Oculus/VR/Editor/BuildingBlocks/Animations/bb_outline_01.png
  artifactKey: Guid(0df6b5d007f0c064a862ce0a7393196a) Importer(2089858483,192608db42251d675da83286b1cce702)
Start importing Assets/Oculus/VR/Editor/BuildingBlocks/Animations/bb_outline_01.png using Guid(0df6b5d007f0c064a862ce0a7393196a) Importer(2089858483,192608db42251d675da83286b1cce702) (ScriptedImporter) -> (artifact id: '3bd5c9a7b6d9239086ab85c4e022eb76') in 0.0157664 seconds
Number of updated asset objects reloaded before import = 0Number of asset objects unloaded after import = 1

========================================================================
Received Import Request.
  Time since last request: 0.000013 seconds.
  path: Assets/Oculus/Interaction/Runtime/Scripts/Interaction/Core/InteractorActiveState.cs
  artifactKey: Guid(1a56054f6e3838f4e85dce4e71979800) Importer(2089858483,192608db42251d675da83286b1cce702)
Start importing Assets/Oculus/Interaction/Runtime/Scripts/Interaction/Core/InteractorActiveState.cs using Guid(1a56054f6e3838f4e85dce4e71979800) Importer(2089858483,192608db42251d675da83286b1cce702) (ScriptedImporter) -> (artifact id: '234b00a43ced3f25ca43f6962fb9de5b') in 0.0114384 seconds
Number of updated asset objects reloaded before import = 0Number of asset objects unloaded after import = 0

========================================================================
Received Import Request.
  Time since last request: 0.000012 seconds.
  path: Assets/Oculus/Interaction/Runtime/Scripts/Input/Controllers/Controller.cs
  artifactKey: Guid(4ae60cfa43388e449a7518f36418f81c) Importer(2089858483,192608db42251d675da83286b1cce702)
Start importing Assets/Oculus/Interaction/Runtime/Scripts/Input/Controllers/Controller.cs using Guid(4ae60cfa43388e449a7518f36418f81c) Importer(2089858483,192608db42251d675da83286b1cce702) (ScriptedImporter) -> (artifact id: 'a5703566dd956813929d19c5cdf84ee4') in 0.01048 seconds
Number of updated asset objects reloaded before import = 0Number of asset objects unloaded after import = 0

========================================================================
Received Import Request.
  Time since last request: 0.000015 seconds.
  path: Assets/Oculus/Voice/Samples/Chess/Scripts/AssemblyInfo.cs
  artifactKey: Guid(b01e71cd2c3accd48a3a3b6c3a4c5609) Importer(2089858483,192608db42251d675da83286b1cce702)
Start importing Assets/Oculus/Voice/Samples/Chess/Scripts/AssemblyInfo.cs using Guid(b01e71cd2c3accd48a3a3b6c3a4c5609) Importer(2089858483,192608db42251d675da83286b1cce702) (ScriptedImporter) -> (artifact id: 'e3c1d580f5aec7384be52e1629ee5c21') in 0.0128003 seconds
Number of updated asset objects reloaded before import = 0Number of asset objects unloaded after import = 0

========================================================================
Received Import Request.
  Time since last request: 0.000015 seconds.
  path: Assets/Oculus/VR/Meshes/MetaQuestTouchPro/Materials/MetaQuestProLeft_Material.mat
  artifactKey: Guid(b58fdf466c162d447913b955fc10ad96) Importer(2089858483,192608db42251d675da83286b1cce702)
Start importing Assets/Oculus/VR/Meshes/MetaQuestTouchPro/Materials/MetaQuestProLeft_Material.mat using Guid(b58fdf466c162d447913b955fc10ad96) Importer(2089858483,192608db42251d675da83286b1cce702) (ScriptedImporter) -> (artifact id: '081e2ca0af83c2281c81a20a754cec2a') in 0.0196448 seconds
Number of updated asset objects reloaded before import = 0Number of asset objects unloaded after import = 3

========================================================================
Received Import Request.
  Time since last request: 0.000011 seconds.
  path: Assets/Oculus/SampleFramework/Core/Video/Editor/AndroidVideoEditorUtil.cs
  artifactKey: Guid(c7d707d7c724f334299af6342653da7c) Importer(2089858483,192608db42251d675da83286b1cce702)
Start importing Assets/Oculus/SampleFramework/Core/Video/Editor/AndroidVideoEditorUtil.cs using Guid(c7d707d7c724f334299af6342653da7c) Importer(2089858483,192608db42251d675da83286b1cce702) (ScriptedImporter) -> (artifact id: 'a05a02ac5dec515b0e369f76fec87bf0') in 0.01334 seconds
Number of updated asset objects reloaded before import = 0Number of asset objects unloaded after import = 0

========================================================================
Received Import Request.
  Time since last request: 0.000014 seconds.
  path: Assets/Oculus/Interaction/OVRIntegration/Editor/Blocks/Interactors/Poke Interactor.asset
  artifactKey: Guid(8eb438ab53a734845b94aeea3ac72b45) Importer(2089858483,192608db42251d675da83286b1cce702)
Start importing Assets/Oculus/Interaction/OVRIntegration/Editor/Blocks/Interactors/Poke Interactor.asset using Guid(8eb438ab53a734845b94aeea3ac72b45) Importer(2089858483,192608db42251d675da83286b1cce702) (ScriptedImporter) -> (artifact id: '0bc764981c5a3f87131a171a6d3237c7') in 0.0149631 seconds
Number of updated asset objects reloaded before import = 0Number of asset objects unloaded after import = 18

========================================================================
Received Import Request.
  Time since last request: 0.000023 seconds.
  path: Assets/Oculus/SampleFramework/Usage/HandsTrainExample/Textures/Smoke30Frames.png
  artifactKey: Guid(ed8f09de76b907c44b668bc985dbfb26) Importer(2089858483,192608db42251d675da83286b1cce702)
Start importing Assets/Oculus/SampleFramework/Usage/HandsTrainExample/Textures/Smoke30Frames.png using Guid(ed8f09de76b907c44b668bc985dbfb26) Importer(2089858483,192608db42251d675da83286b1cce702) (ScriptedImporter) -> (artifact id: '6e5ada22d55edb0aed97d5bc73f25262') in 0.0158731 seconds
Number of updated asset objects reloaded before import = 0Number of asset objects unloaded after import = 1

========================================================================
Received Import Request.
  Time since last request: 0.000012 seconds.
  path: Assets/Oculus/Platform/Samples/GroupPresenceSample/Scripts/GroupPresenceSample.cs
  artifactKey: Guid(9de13f39625194290a3f459c9513e7d2) Importer(2089858483,192608db42251d675da83286b1cce702)
Start importing Assets/Oculus/Platform/Samples/GroupPresenceSample/Scripts/GroupPresenceSample.cs using Guid(9de13f39625194290a3f459c9513e7d2) Importer(2089858483,192608db42251d675da83286b1cce702) (ScriptedImporter) -> (artifact id: '55912ce6e89f110ac7377a0523576dea') in 0.0108862 seconds
Number of updated asset objects reloaded before import = 0Number of asset objects unloaded after import = 0

========================================================================
Received Import Request.
  Time since last request: 0.000016 seconds.
  path: Assets/Oculus/Interaction/Runtime/Prefabs/DistanceHandGrab/Reticles/ReticleMesh.prefab
  artifactKey: Guid(4f498c02c6abd9240965900485454116) Importer(2089858483,192608db42251d675da83286b1cce702)
Start importing Assets/Oculus/Interaction/Runtime/Prefabs/DistanceHandGrab/Reticles/ReticleMesh.prefab using Guid(4f498c02c6abd9240965900485454116) Importer(2089858483,192608db42251d675da83286b1cce702) (ScriptedImporter) -> (artifact id: 'ddb6981f1c515676b71e88172b4a3e17') in 0.0188465 seconds
Number of updated asset objects reloaded before import = 0Number of asset objects unloaded after import = 8

========================================================================
Received Import Request.
  Time since last request: 0.000012 seconds.
  path: Assets/Oculus/SampleFramework/Usage/Locomotion/Models/Cube_1_10.fbx
  artifactKey: Guid(40647bdf142454da38ca8b4c0fb495a8) Importer(2089858483,192608db42251d675da83286b1cce702)
Start importing Assets/Oculus/SampleFramework/Usage/Locomotion/Models/Cube_1_10.fbx using Guid(40647bdf142454da38ca8b4c0fb495a8) Importer(2089858483,192608db42251d675da83286b1cce702) (ScriptedImporter) -> (artifact id: '33b0dca1031c313d430eb5330d637d4d') in 0.0153984 seconds
Number of updated asset objects reloaded before import = 0Number of asset objects unloaded after import = 8

========================================================================
Received Import Request.
  Time since last request: 0.000014 seconds.
  path: Assets/Oculus/SampleFramework/Core/TouchControllers/Animations/l_controller_joy_S_anim.fbx
  artifactKey: Guid(be94e816082889b4984c82da7ff7608b) Importer(2089858483,192608db42251d675da83286b1cce702)
Start importing Assets/Oculus/SampleFramework/Core/TouchControllers/Animations/l_controller_joy_S_anim.fbx using Guid(be94e816082889b4984c82da7ff7608b) Importer(2089858483,192608db42251d675da83286b1cce702) (ScriptedImporter) -> (artifact id: 'b269b8f9b9b4ab241ab0ea4790706f69') in 0.0157994 seconds
Number of updated asset objects reloaded before import = 0Number of asset objects unloaded after import = 22

========================================================================
Received Import Request.
  Time since last request: 0.000014 seconds.
  path: Assets/Oculus/SampleFramework/Usage/HandsTrainExample/TrainScene/Lightmap-15_comp_dir.png
  artifactKey: Guid(285e1c7c6f12ea548a4870ffb8c84d65) Importer(2089858483,192608db42251d675da83286b1cce702)
Start importing Assets/Oculus/SampleFramework/Usage/HandsTrainExample/TrainScene/Lightmap-15_comp_dir.png using Guid(285e1c7c6f12ea548a4870ffb8c84d65) Importer(2089858483,192608db42251d675da83286b1cce702) (ScriptedImporter) -> (artifact id: '9714f8a302b2a5c0e4c117893e14e72a') in 0.0185124 seconds
Number of updated asset objects reloaded before import = 0Number of asset objects unloaded after import = 1

========================================================================
Received Import Request.
  Time since last request: 0.000013 seconds.
  path: Assets/Oculus/SampleFramework/Usage/SceneManager/Shaders/OverwriteAlpha.shader
  artifactKey: Guid(f12bf790f5ad5e541bad77474e171b7b) Importer(2089858483,192608db42251d675da83286b1cce702)
Start importing Assets/Oculus/SampleFramework/Usage/SceneManager/Shaders/OverwriteAlpha.shader using Guid(f12bf790f5ad5e541bad77474e171b7b) Importer(2089858483,192608db42251d675da83286b1cce702) (ScriptedImporter) -> (artifact id: 'f377ff59ecfe1807d198aded66ee7c19') in 0.0088251 seconds
Number of updated asset objects reloaded before import = 0Number of asset objects unloaded after import = 1

========================================================================
Received Import Request.
  Time since last request: 0.000023 seconds.
  path: Assets/Oculus/Interaction/Samples/Audio/Content/Interaction_PoseDetection_ThumbsDown_01.wav
  artifactKey: Guid(21ddc34a9e2a4184884d0ac0d16e5a52) Importer(2089858483,192608db42251d675da83286b1cce702)
Start importing Assets/Oculus/Interaction/Samples/Audio/Content/Interaction_PoseDetection_ThumbsDown_01.wav using Guid(21ddc34a9e2a4184884d0ac0d16e5a52) Importer(2089858483,192608db42251d675da83286b1cce702) (ScriptedImporter) -> (artifact id: '747c458713f4fdfbc332b682a4ca1758') in 0.0198648 seconds
Number of updated asset objects reloaded before import = 0Number of asset objects unloaded after import = 1

========================================================================
Received Import Request.
  Time since last request: 0.000011 seconds.
  path: Assets/Oculus/Interaction/OVRIntegration/Runtime/Prefabs/OVRControllerHands.prefab
  artifactKey: Guid(4c0ee7a14e52ba544b89c2f777670cca) Importer(2089858483,192608db42251d675da83286b1cce702)
Start importing Assets/Oculus/Interaction/OVRIntegration/Runtime/Prefabs/OVRControllerHands.prefab using Guid(4c0ee7a14e52ba544b89c2f777670cca) Importer(2089858483,192608db42251d675da83286b1cce702) (ScriptedImporter) -> (artifact id: '277e9a259774d202125ec2ef45078a77') in 0.016937 seconds
Number of updated asset objects reloaded before import = 0Number of asset objects unloaded after import = 720

========================================================================
Received Import Request.
  Time since last request: 0.000012 seconds.
  path: Assets/Oculus/SampleFramework/Usage/Locomotion/Models/WedgeFloor_01.fbx
  artifactKey: Guid(21910c3378b59465aae1effa11412932) Importer(2089858483,192608db42251d675da83286b1cce702)
Start importing Assets/Oculus/SampleFramework/Usage/Locomotion/Models/WedgeFloor_01.fbx using Guid(21910c3378b59465aae1effa11412932) Importer(2089858483,192608db42251d675da83286b1cce702) (ScriptedImporter) -> (artifact id: '4a29894407f5264b9d5eff85a4b3d4d3') in 0.016157 seconds
Number of updated asset objects reloaded before import = 0Number of asset objects unloaded after import = 8

========================================================================
Received Import Request.
  Time since last request: 0.000013 seconds.
  path: Assets/Oculus/SampleFramework/Usage/HandsTrainExample/Scripts/ControllerBoxController.cs
  artifactKey: Guid(069b40e3538ec5846bcfdcd838058ca0) Importer(2089858483,192608db42251d675da83286b1cce702)
Start importing Assets/Oculus/SampleFramework/Usage/HandsTrainExample/Scripts/ControllerBoxController.cs using Guid(069b40e3538ec5846bcfdcd838058ca0) Importer(2089858483,192608db42251d675da83286b1cce702) (ScriptedImporter) -> (artifact id: 'dde720111959519c1b1a4dd01dd1f695') in 0.0119321 seconds
Number of updated asset objects reloaded before import = 0Number of asset objects unloaded after import = 0

========================================================================
Received Import Request.
  Time since last request: 0.000014 seconds.
  path: Assets/Oculus/SampleFramework/Usage/StartScene/Scripts/StartMenu.cs
  artifactKey: Guid(33962741a56c2a643ba07df6c6a1c133) Importer(2089858483,192608db42251d675da83286b1cce702)
Start importing Assets/Oculus/SampleFramework/Usage/StartScene/Scripts/StartMenu.cs using Guid(33962741a56c2a643ba07df6c6a1c133) Importer(2089858483,192608db42251d675da83286b1cce702) (ScriptedImporter) -> (artifact id: 'd2b399f76738b9203125c60d1213621b') in 0.0110632 seconds
Number of updated asset objects reloaded before import = 0Number of asset objects unloaded after import = 0

========================================================================
Received Import Request.
  Time since last request: 0.000015 seconds.
  path: Assets/Oculus/Voice/Samples/BuiltInTimer/Scripts/TimerController.cs
  artifactKey: Guid(bf89088f719e0164b9e096a3394188b4) Importer(2089858483,192608db42251d675da83286b1cce702)
Start importing Assets/Oculus/Voice/Samples/BuiltInTimer/Scripts/TimerController.cs using Guid(bf89088f719e0164b9e096a3394188b4) Importer(2089858483,192608db42251d675da83286b1cce702) (ScriptedImporter) -> (artifact id: '7701b4e5da74c0ea004492484fddbf6b') in 0.0114451 seconds
Number of updated asset objects reloaded before import = 0Number of asset objects unloaded after import = 0

========================================================================
Received Import Request.
  Time since last request: 0.000013 seconds.
  path: Assets/Oculus/SampleFramework/Usage/HandsTrainExample/TrainScene/Lightmap-16_comp_shadowmask.png
  artifactKey: Guid(8715f995028e8fb4d946cddb606c6110) Importer(2089858483,192608db42251d675da83286b1cce702)
Start importing Assets/Oculus/SampleFramework/Usage/HandsTrainExample/TrainScene/Lightmap-16_comp_shadowmask.png using Guid(8715f995028e8fb4d946cddb606c6110) Importer(2089858483,192608db42251d675da83286b1cce702) (ScriptedImporter) -> (artifact id: '976248f64e4363dc70515ef4e270f5e2') in 0.0169484 seconds
Number of updated asset objects reloaded before import = 0Number of asset objects unloaded after import = 1

========================================================================
Received Import Request.
  Time since last request: 0.000021 seconds.
  path: Assets/Oculus/Interaction/Runtime/Prefabs/HandGrab/HandGrabInteractor.prefab
  artifactKey: Guid(885ecae56b16f13428a67de5ae482a72) Importer(2089858483,192608db42251d675da83286b1cce702)
Start importing Assets/Oculus/Interaction/Runtime/Prefabs/HandGrab/HandGrabInteractor.prefab using Guid(885ecae56b16f13428a67de5ae482a72) Importer(2089858483,192608db42251d675da83286b1cce702) (ScriptedImporter) -> (artifact id: 'f239a86d0aafe3c0a4cd1b616cad043d') in 0.0198132 seconds
Number of updated asset objects reloaded before import = 0Number of asset objects unloaded after import = 43

========================================================================
Received Import Request.
  Time since last request: 0.000013 seconds.
  path: Assets/Oculus/SampleFramework/Usage/HandsTrainExample/TrainScene/Lightmap-1_comp_light.exr
  artifactKey: Guid(f02543222e5a4d144b8947c8947be81a) Importer(2089858483,192608db42251d675da83286b1cce702)
Start importing Assets/Oculus/SampleFramework/Usage/HandsTrainExample/TrainScene/Lightmap-1_comp_light.exr using Guid(f02543222e5a4d144b8947c8947be81a) Importer(2089858483,192608db42251d675da83286b1cce702) (ScriptedImporter) -> (artifact id: 'a29daabec3bdf21681c3c47fea48fb21') in 0.0180728 seconds
Number of updated asset objects reloaded before import = 0Number of asset objects unloaded after import = 1

========================================================================
Received Import Request.
  Time since last request: 0.000011 seconds.
  path: Assets/Oculus/Interaction/OVRIntegration/Runtime/Prefabs/HandGrab/placeholder.txt
  artifactKey: Guid(42357880ad45726429c0660909d70f82) Importer(2089858483,192608db42251d675da83286b1cce702)
Start importing Assets/Oculus/Interaction/OVRIntegration/Runtime/Prefabs/HandGrab/placeholder.txt using Guid(42357880ad45726429c0660909d70f82) Importer(2089858483,192608db42251d675da83286b1cce702) (ScriptedImporter) -> (artifact id: '2a84c9a1ed11c7b05330f8f5f43cafee') in 0.0090881 seconds
Number of updated asset objects reloaded before import = 0Number of asset objects unloaded after import = 1

========================================================================
Received Import Request.
  Time since last request: 0.000011 seconds.
  path: Assets/Oculus/SampleFramework/Usage/OVROverlayCanvas/Shaders/UI Default Correct.shader
  artifactKey: Guid(e720ef9c6dcfbe4489d043ddf61706f8) Importer(2089858483,192608db42251d675da83286b1cce702)
Start importing Assets/Oculus/SampleFramework/Usage/OVROverlayCanvas/Shaders/UI Default Correct.shader using Guid(e720ef9c6dcfbe4489d043ddf61706f8) Importer(2089858483,192608db42251d675da83286b1cce702) (ScriptedImporter) -> (artifact id: 'fc9724470315152647ec77586af5ab8d') in 0.0164171 seconds
Number of updated asset objects reloaded before import = 0Number of asset objects unloaded after import = 1

========================================================================
Received Import Request.
  Time since last request: 0.000011 seconds.
  path: Assets/Oculus/Interaction/Runtime/Scripts/Polyline/PolylineRenderer.cs
  artifactKey: Guid(a8deeb2e797810849b17ddd2591f22a5) Importer(2089858483,192608db42251d675da83286b1cce702)
Start importing Assets/Oculus/Interaction/Runtime/Scripts/Polyline/PolylineRenderer.cs using Guid(a8deeb2e797810849b17ddd2591f22a5) Importer(2089858483,192608db42251d675da83286b1cce702) (ScriptedImporter) -> (artifact id: '3aa79644bbd839a1b005212ce750be16') in 0.0119977 seconds
Number of updated asset objects reloaded before import = 0Number of asset objects unloaded after import = 0

========================================================================
Received Import Request.
  Time since last request: 0.000011 seconds.
  path: Assets/Oculus/SampleFramework/Usage/Locomotion/Models/WedgeFloor_10.fbx
  artifactKey: Guid(2225882751f554d0989a705cd3846b1c) Importer(2089858483,192608db42251d675da83286b1cce702)
Start importing Assets/Oculus/SampleFramework/Usage/Locomotion/Models/WedgeFloor_10.fbx using Guid(2225882751f554d0989a705cd3846b1c) Importer(2089858483,192608db42251d675da83286b1cce702) (ScriptedImporter) -> (artifact id: 'e0383507670a6c64d9297abd9687eaea') in 0.0212748 seconds
Number of updated asset objects reloaded before import = 0Number of asset objects unloaded after import = 8

========================================================================
Received Import Request.
  Time since last request: 0.000015 seconds.
  path: Assets/Oculus/Interaction/Runtime/Prefabs/Hands/LeftHandSynthetic.prefab
  artifactKey: Guid(42051d7e5e153cb479292cecf7bafa25) Importer(2089858483,192608db42251d675da83286b1cce702)
Start importing Assets/Oculus/Interaction/Runtime/Prefabs/Hands/LeftHandSynthetic.prefab using Guid(42051d7e5e153cb479292cecf7bafa25) Importer(2089858483,192608db42251d675da83286b1cce702) (ScriptedImporter) -> (artifact id: '2febf0b7e362a0584958cfb387070cb3') in 0.0151399 seconds
Number of updated asset objects reloaded before import = 0Number of asset objects unloaded after import = 9

========================================================================
Received Import Request.
  Time since last request: 0.000020 seconds.
  path: Assets/Oculus/Interaction/Samples/Audio/Prefabs/BasicPokeButtonReleaseAudio.prefab
  artifactKey: Guid(347797637f5237c40b239ea44fef63f1) Importer(2089858483,192608db42251d675da83286b1cce702)
Start importing Assets/Oculus/Interaction/Samples/Audio/Prefabs/BasicPokeButtonReleaseAudio.prefab using Guid(347797637f5237c40b239ea44fef63f1) Importer(2089858483,192608db42251d675da83286b1cce702) (ScriptedImporter) -> (artifact id: 'd836026c5ae373022116854ef8376e18') in 0.0158221 seconds
Number of updated asset objects reloaded before import = 0Number of asset objects unloaded after import = 7

========================================================================
Received Import Request.
  Time since last request: 0.000011 seconds.
  path: Assets/Oculus/SampleFramework/Usage/Locomotion/Materials/MAT_concrete_01.mat
  artifactKey: Guid(b825d518262c2453b9c06573f9b21658) Importer(2089858483,192608db42251d675da83286b1cce702)
Start importing Assets/Oculus/SampleFramework/Usage/Locomotion/Materials/MAT_concrete_01.mat using Guid(b825d518262c2453b9c06573f9b21658) Importer(2089858483,192608db42251d675da83286b1cce702) (ScriptedImporter) -> (artifact id: 'f794f074061968f5a44e56a0bf196cc1') in 0.0176578 seconds
Number of updated asset objects reloaded before import = 0Number of asset objects unloaded after import = 4

========================================================================
Received Import Request.
  Time since last request: 0.000011 seconds.
  path: Assets/Oculus/VR/Editor/OVRProjectSetup/Utils/SerializableDictionary.cs
  artifactKey: Guid(65ebc4746fe6453ba8e7d3433ba52579) Importer(2089858483,192608db42251d675da83286b1cce702)
Start importing Assets/Oculus/VR/Editor/OVRProjectSetup/Utils/SerializableDictionary.cs using Guid(65ebc4746fe6453ba8e7d3433ba52579) Importer(2089858483,192608db42251d675da83286b1cce702) (ScriptedImporter) -> (artifact id: '1353a1aa0e78e8b7982d7bcc88d6f308') in 0.0125443 seconds
Number of updated asset objects reloaded before import = 0Number of asset objects unloaded after import = 0

========================================================================
Received Import Request.
  Time since last request: 0.000013 seconds.
  path: Assets/Oculus/SampleFramework/Usage/HandsTrainExample/TrainScene/LightingData.asset
  artifactKey: Guid(89dbbe81f8feac946ad8422162c38220) Importer(2089858483,192608db42251d675da83286b1cce702)
Start importing Assets/Oculus/SampleFramework/Usage/HandsTrainExample/TrainScene/LightingData.asset using Guid(89dbbe81f8feac946ad8422162c38220) Importer(2089858483,192608db42251d675da83286b1cce702) (ScriptedImporter) -> (artifact id: '7b44c1b8d992863d3b2e74aba6b9a5f3') in 0.0152477 seconds
Number of updated asset objects reloaded before import = 0Number of asset objects unloaded after import = 2

========================================================================
Received Import Request.
  Time since last request: 0.000014 seconds.
  path: Assets/Oculus/Interaction/Samples/Audio/Prefabs/ObjectPhysicsImpactSoft.prefab
  artifactKey: Guid(bdb40a95c243fcc429e6ff8bfeddcfb8) Importer(2089858483,192608db42251d675da83286b1cce702)
Start importing Assets/Oculus/Interaction/Samples/Audio/Prefabs/ObjectPhysicsImpactSoft.prefab using Guid(bdb40a95c243fcc429e6ff8bfeddcfb8) Importer(2089858483,192608db42251d675da83286b1cce702) (ScriptedImporter) -> (artifact id: 'dc8cf09642a4c7743f6933aff2b074cc') in 0.0214242 seconds
Number of updated asset objects reloaded before import = 0Number of asset objects unloaded after import = 17

========================================================================
Received Import Request.
  Time since last request: 0.000011 seconds.
  path: Assets/Oculus/SampleFramework/Usage/HandsTrainExample/TrainScene/Lightmap-26_comp_light.exr
  artifactKey: Guid(06e6fa463b394fe4da4f4c899f876b08) Importer(2089858483,192608db42251d675da83286b1cce702)
Start importing Assets/Oculus/SampleFramework/Usage/HandsTrainExample/TrainScene/Lightmap-26_comp_light.exr using Guid(06e6fa463b394fe4da4f4c899f876b08) Importer(2089858483,192608db42251d675da83286b1cce702) (ScriptedImporter) -> (artifact id: '7168c1a793cfe4eb4377897642ecf230') in 0.0128871 seconds
Number of updated asset objects reloaded before import = 0Number of asset objects unloaded after import = 1

========================================================================
Received Import Request.
  Time since last request: 0.000013 seconds.
  path: Assets/Oculus/SampleFramework/Usage/HandsTrainExample/Audio/Train_Stop_From_Speed_2.wav
  artifactKey: Guid(9cd536ae13df22a499575339535af0ba) Importer(2089858483,192608db42251d675da83286b1cce702)
Start importing Assets/Oculus/SampleFramework/Usage/HandsTrainExample/Audio/Train_Stop_From_Speed_2.wav using Guid(9cd536ae13df22a499575339535af0ba) Importer(2089858483,192608db42251d675da83286b1cce702) (ScriptedImporter) -> (artifact id: '615ed9d3e1043cc0ae02fa420415e30d') in 0.0261659 seconds
Number of updated asset objects reloaded before import = 0Number of asset objects unloaded after import = 1

========================================================================
Received Import Request.
  Time since last request: 0.000023 seconds.
  path: Assets/Oculus/Interaction/Runtime/Scripts/PoseDetection/JointDeltaProviderRef.cs
  artifactKey: Guid(71d26e05b18b0994dacc3c0257325d33) Importer(2089858483,192608db42251d675da83286b1cce702)
Start importing Assets/Oculus/Interaction/Runtime/Scripts/PoseDetection/JointDeltaProviderRef.cs using Guid(71d26e05b18b0994dacc3c0257325d33) Importer(2089858483,192608db42251d675da83286b1cce702) (ScriptedImporter) -> (artifact id: '41c652b9f44ea2c64661eedb98b101df') in 0.0127561 seconds
Number of updated asset objects reloaded before import = 0Number of asset objects unloaded after import = 0

========================================================================
Received Import Request.
  Time since last request: 0.000014 seconds.
  path: Assets/Oculus/Interaction/Samples/Audio/Content/Interaction_PoseDetection_Rock_02.wav
  artifactKey: Guid(46ea7610960363c418d8f456b08b9cbc) Importer(2089858483,192608db42251d675da83286b1cce702)
Start importing Assets/Oculus/Interaction/Samples/Audio/Content/Interaction_PoseDetection_Rock_02.wav using Guid(46ea7610960363c418d8f456b08b9cbc) Importer(2089858483,192608db42251d675da83286b1cce702) (ScriptedImporter) -> (artifact id: '95672baee130bbcd3c939950760b4197') in 0.0173576 seconds
Number of updated asset objects reloaded before import = 0Number of asset objects unloaded after import = 1

========================================================================
Received Import Request.
  Time since last request: 0.000013 seconds.
  path: Assets/Oculus/SampleFramework/Usage/SharedAssets/Textures/CubeTex.png
  artifactKey: Guid(3e3e0ea18d891114cb286c873e03af91) Importer(2089858483,192608db42251d675da83286b1cce702)
Start importing Assets/Oculus/SampleFramework/Usage/SharedAssets/Textures/CubeTex.png using Guid(3e3e0ea18d891114cb286c873e03af91) Importer(2089858483,192608db42251d675da83286b1cce702) (ScriptedImporter) -> (artifact id: '48df268269cc4c9062280a5e9bfebd3f') in 0.0162018 seconds
Number of updated asset objects reloaded before import = 0Number of asset objects unloaded after import = 1

========================================================================
Received Import Request.
  Time since last request: 0.000014 seconds.
  path: Assets/Oculus/Interaction/Samples/Audio/Content/Interaction_Object_Impact_07.wav
  artifactKey: Guid(7c0de7743a99e16458d6b4b9d5bf49a2) Importer(2089858483,192608db42251d675da83286b1cce702)
Start importing Assets/Oculus/Interaction/Samples/Audio/Content/Interaction_Object_Impact_07.wav using Guid(7c0de7743a99e16458d6b4b9d5bf49a2) Importer(2089858483,192608db42251d675da83286b1cce702) (ScriptedImporter) -> (artifact id: '1d665aa714ea635f024f0e7891c72c2b') in 0.0214115 seconds
Number of updated asset objects reloaded before import = 0Number of asset objects unloaded after import = 1

========================================================================
Received Import Request.
  Time since last request: 0.000013 seconds.
  path: Assets/Oculus/SampleFramework/Usage/HandsTrainExample/Shaders/ButtonGlow.shader
  artifactKey: Guid(e030bde756726c94bba808165a905b79) Importer(2089858483,192608db42251d675da83286b1cce702)
Start importing Assets/Oculus/SampleFramework/Usage/HandsTrainExample/Shaders/ButtonGlow.shader using Guid(e030bde756726c94bba808165a905b79) Importer(2089858483,192608db42251d675da83286b1cce702) (ScriptedImporter) -> (artifact id: 'ebb83169f557caa3b604e0d79b38a394') in 0.0137636 seconds
Number of updated asset objects reloaded before import = 0Number of asset objects unloaded after import = 1

========================================================================
Received Import Request.
  Time since last request: 0.000014 seconds.
  path: Assets/Oculus/Interaction/Runtime/Scripts/Grab/GrabbingRule.cs
  artifactKey: Guid(73275021f6e6b1444b1fed2f2dab865e) Importer(2089858483,192608db42251d675da83286b1cce702)
Start importing Assets/Oculus/Interaction/Runtime/Scripts/Grab/GrabbingRule.cs using Guid(73275021f6e6b1444b1fed2f2dab865e) Importer(2089858483,192608db42251d675da83286b1cce702) (ScriptedImporter) -> (artifact id: 'f71df5ebafe148a01930258eac331ca0') in 0.0115574 seconds
Number of updated asset objects reloaded before import = 0Number of asset objects unloaded after import = 0

========================================================================
Received Import Request.
  Time since last request: 0.000018 seconds.
  path: Assets/Oculus/SampleFramework/Usage/Locomotion/Textures/floor_wood_01_msm.png
  artifactKey: Guid(2a6b2bd66cb8348619282685a3e7d571) Importer(2089858483,192608db42251d675da83286b1cce702)
Start importing Assets/Oculus/SampleFramework/Usage/Locomotion/Textures/floor_wood_01_msm.png using Guid(2a6b2bd66cb8348619282685a3e7d571) Importer(2089858483,192608db42251d675da83286b1cce702) (ScriptedImporter) -> (artifact id: '97ce985c942b916a391ad1b19db8fcdf') in 0.0181465 seconds
Number of updated asset objects reloaded before import = 0Number of asset objects unloaded after import = 1

========================================================================
Received Import Request.
  Time since last request: 0.000029 seconds.
  path: Assets/Oculus/Interaction/Samples/Audio/Content/Interaction_BasicPoke_Keypad_09.wav
  artifactKey: Guid(b38b26d07f7435f43a1179467c7deacc) Importer(2089858483,192608db42251d675da83286b1cce702)
Start importing Assets/Oculus/Interaction/Samples/Audio/Content/Interaction_BasicPoke_Keypad_09.wav using Guid(b38b26d07f7435f43a1179467c7deacc) Importer(2089858483,192608db42251d675da83286b1cce702) (ScriptedImporter) -> (artifact id: '0ae42391a63f415223198a19f0c9150e') in 0.0238475 seconds
Number of updated asset objects reloaded before import = 0Number of asset objects unloaded after import = 1

========================================================================
Received Import Request.
  Time since last request: 0.000012 seconds.
  path: Assets/Oculus/SampleFramework/Usage/Locomotion/Textures/wall_brick_01_nml.png
  artifactKey: Guid(50830092afbd8416b9620ec76a8bef69) Importer(2089858483,192608db42251d675da83286b1cce702)
Start importing Assets/Oculus/SampleFramework/Usage/Locomotion/Textures/wall_brick_01_nml.png using Guid(50830092afbd8416b9620ec76a8bef69) Importer(2089858483,192608db42251d675da83286b1cce702) (ScriptedImporter) -> (artifact id: 'cba423dd4c60e0167fe9bbd6873866cd') in 0.0201656 seconds
Number of updated asset objects reloaded before import = 0Number of asset objects unloaded after import = 1

========================================================================
Received Import Request.
  Time since last request: 0.000011 seconds.
  path: Assets/Oculus/SampleFramework/Usage/Locomotion/Textures/wall_cinder_01_msm.png
  artifactKey: Guid(e1aca10d2084d4a16ac922b11ff30928) Importer(2089858483,192608db42251d675da83286b1cce702)
Start importing Assets/Oculus/SampleFramework/Usage/Locomotion/Textures/wall_cinder_01_msm.png using Guid(e1aca10d2084d4a16ac922b11ff30928) Importer(2089858483,192608db42251d675da83286b1cce702) (ScriptedImporter) -> (artifact id: 'd3795a9b7a2ec56da2e5c23438dff687') in 0.0143637 seconds
Number of updated asset objects reloaded before import = 0Number of asset objects unloaded after import = 1

========================================================================
Received Import Request.
  Time since last request: 0.000012 seconds.
  path: Assets/Oculus/SampleFramework/Usage/SpatialAnchor/Materials/Blue.mat
  artifactKey: Guid(1b68ffca77c4c6344af03830dbeca2ca) Importer(2089858483,192608db42251d675da83286b1cce702)
Start importing Assets/Oculus/SampleFramework/Usage/SpatialAnchor/Materials/Blue.mat using Guid(1b68ffca77c4c6344af03830dbeca2ca) Importer(2089858483,192608db42251d675da83286b1cce702) (ScriptedImporter) -> (artifact id: '970a19b6361c26372901817e68436cc5') in 0.0137357 seconds
Number of updated asset objects reloaded before import = 0Number of asset objects unloaded after import = 1

========================================================================
Received Import Request.
  Time since last request: 0.741702 seconds.
  path: Assets/Oculus/Interaction/Runtime/Scripts/Interaction/Surfaces/PointablePlane.cs
  artifactKey: Guid(0a60043978e0e4e46a0aa85208fd3600) Importer(2089858483,192608db42251d675da83286b1cce702)
Start importing Assets/Oculus/Interaction/Runtime/Scripts/Interaction/Surfaces/PointablePlane.cs using Guid(0a60043978e0e4e46a0aa85208fd3600) Importer(2089858483,192608db42251d675da83286b1cce702) (ScriptedImporter) -> (artifact id: 'cdfe9d705e880ba85c2457f9de798d03') in 0.0131976 seconds
Number of updated asset objects reloaded before import = 0Number of asset objects unloaded after import = 0

========================================================================
Received Import Request.
  Time since last request: 0.000015 seconds.
  path: Assets/Oculus/Interaction/Runtime/Scripts/Interaction/Transformable/OneHandRotateTransformer.cs
  artifactKey: Guid(01d9ca0cbd005cf4cba89ce92cc35807) Importer(2089858483,192608db42251d675da83286b1cce702)
Start importing Assets/Oculus/Interaction/Runtime/Scripts/Interaction/Transformable/OneHandRotateTransformer.cs using Guid(01d9ca0cbd005cf4cba89ce92cc35807) Importer(2089858483,192608db42251d675da83286b1cce702) (ScriptedImporter) -> (artifact id: '3d9569b3c2a6cf08dcc8213f304cb1ae') in 0.0139914 seconds
Number of updated asset objects reloaded before import = 0Number of asset objects unloaded after import = 0

========================================================================
Received Import Request.
  Time since last request: 0.000015 seconds.
  path: Assets/Oculus/SampleFramework/Usage/TouchPro/Scripts/StylusTip/StylusTip.cs
  artifactKey: Guid(7403a7cb4696f3043903f5a10961ee1a) Importer(2089858483,192608db42251d675da83286b1cce702)
Start importing Assets/Oculus/SampleFramework/Usage/TouchPro/Scripts/StylusTip/StylusTip.cs using Guid(7403a7cb4696f3043903f5a10961ee1a) Importer(2089858483,192608db42251d675da83286b1cce702) (ScriptedImporter) -> (artifact id: '58e158b6b1443b241eb920f98660ee7b') in 0.0144131 seconds
Number of updated asset objects reloaded before import = 0Number of asset objects unloaded after import = 0

========================================================================
Received Import Request.
  Time since last request: 0.000020 seconds.
  path: Assets/Oculus/SampleFramework/Usage/DistanceGrab/Prefabs/OutlineItems/DistanceGrabCubeCrosshair.prefab
  artifactKey: Guid(0f51a6c91c2722e4b992f30ef1a244f3) Importer(2089858483,192608db42251d675da83286b1cce702)
Start importing Assets/Oculus/SampleFramework/Usage/DistanceGrab/Prefabs/OutlineItems/DistanceGrabCubeCrosshair.prefab using Guid(0f51a6c91c2722e4b992f30ef1a244f3) Importer(2089858483,192608db42251d675da83286b1cce702) (ScriptedImporter) -> (artifact id: '1bbac5532a2003634a90c4859fcb353d') in 0.0195485 seconds
Number of updated asset objects reloaded before import = 0Number of asset objects unloaded after import = 22

========================================================================
Received Import Request.
  Time since last request: 0.000019 seconds.
  path: Assets/Oculus/Interaction/Runtime/Scripts/Selection/Hands/FingerPinchValue.cs
  artifactKey: Guid(4183772a7ccf28946be25cca333a4c42) Importer(2089858483,192608db42251d675da83286b1cce702)
Start importing Assets/Oculus/Interaction/Runtime/Scripts/Selection/Hands/FingerPinchValue.cs using Guid(4183772a7ccf28946be25cca333a4c42) Importer(2089858483,192608db42251d675da83286b1cce702) (ScriptedImporter) -> (artifact id: 'd373b1051a3be7aeb9b2ddf877bc3869') in 0.0138179 seconds
Number of updated asset objects reloaded before import = 0Number of asset objects unloaded after import = 0

========================================================================
Received Import Request.
  Time since last request: 0.000025 seconds.
  path: Assets/Oculus/Voice/Lib/Wit.ai/Scripts/Runtime/IRequest.cs
  artifactKey: Guid(f6e5ca7d5575d9d41973662f9488c23d) Importer(2089858483,192608db42251d675da83286b1cce702)
Start importing Assets/Oculus/Voice/Lib/Wit.ai/Scripts/Runtime/IRequest.cs using Guid(f6e5ca7d5575d9d41973662f9488c23d) Importer(2089858483,192608db42251d675da83286b1cce702) (ScriptedImporter) -> (artifact id: '935577a72a4a25ae4dca6d45cd3899a5') in 0.0136266 seconds
Number of updated asset objects reloaded before import = 0Number of asset objects unloaded after import = 0

========================================================================
Received Import Request.
  Time since last request: 0.000019 seconds.
  path: Assets/Oculus/VR/Editor/OVRProjectSetup/Tasks/Implementations/OVRProjectSetupRenderingTasks.cs
  artifactKey: Guid(93a7b0b65ecd19943b6eaef8cf457167) Importer(2089858483,192608db42251d675da83286b1cce702)
Start importing Assets/Oculus/VR/Editor/OVRProjectSetup/Tasks/Implementations/OVRProjectSetupRenderingTasks.cs using Guid(93a7b0b65ecd19943b6eaef8cf457167) Importer(2089858483,192608db42251d675da83286b1cce702) (ScriptedImporter) -> (artifact id: 'ebeb41df5045b1a0f5ae5838bbf3e6f2') in 0.0164683 seconds
Number of updated asset objects reloaded before import = 0Number of asset objects unloaded after import = 0

========================================================================
Received Import Request.
  Time since last request: 0.000014 seconds.
  path: Assets/Oculus/Interaction/Samples/Scripts/HandGrabUse/Rendering/BasicPBRGlobals.cs
  artifactKey: Guid(94217a4c67be3f143b2ac00d190c8bde) Importer(2089858483,192608db42251d675da83286b1cce702)
Start importing Assets/Oculus/Interaction/Samples/Scripts/HandGrabUse/Rendering/BasicPBRGlobals.cs using Guid(94217a4c67be3f143b2ac00d190c8bde) Importer(2089858483,192608db42251d675da83286b1cce702) (ScriptedImporter) -> (artifact id: 'bbfd27299729d8b557056295a985e55c') in 0.0129215 seconds
Number of updated asset objects reloaded before import = 0Number of asset objects unloaded after import = 0

========================================================================
Received Import Request.
  Time since last request: 0.000015 seconds.
  path: Assets/Oculus/Interaction/Runtime/Scripts/PoseDetection/Debug/TransformRecognizerDebugVisual.cs
  artifactKey: Guid(aca13d9f89c0c904a8d62bde280f5b52) Importer(2089858483,192608db42251d675da83286b1cce702)
Start importing Assets/Oculus/Interaction/Runtime/Scripts/PoseDetection/Debug/TransformRecognizerDebugVisual.cs using Guid(aca13d9f89c0c904a8d62bde280f5b52) Importer(2089858483,192608db42251d675da83286b1cce702) (ScriptedImporter) -> (artifact id: 'b86e3af961a7f95f5b5c0a92ae1d5630') in 0.0149587 seconds
Number of updated asset objects reloaded before import = 0Number of asset objects unloaded after import = 0

========================================================================
Received Import Request.
  Time since last request: 0.000012 seconds.
  path: Assets/Oculus/VR/Editor/OVRProjectSetup/Tasks/Processors/OVRConfigurationTaskFixer.cs
  artifactKey: Guid(6e1fe0a245064a44b8b080a115da8c1d) Importer(2089858483,192608db42251d675da83286b1cce702)
Start importing Assets/Oculus/VR/Editor/OVRProjectSetup/Tasks/Processors/OVRConfigurationTaskFixer.cs using Guid(6e1fe0a245064a44b8b080a115da8c1d) Importer(2089858483,192608db42251d675da83286b1cce702) (ScriptedImporter) -> (artifact id: '754c46309218da423b5727efd393ded5') in 0.0137009 seconds
Number of updated asset objects reloaded before import = 0Number of asset objects unloaded after import = 0

========================================================================
Received Import Request.
  Time since last request: 0.000013 seconds.
  path: Assets/Oculus/Interaction/OVRIntegration/Editor/Blocks/InteractableItems/Textures/bb_thumb_pointing.png
  artifactKey: Guid(a52e4695e8816e7469e599e85dfae681) Importer(2089858483,192608db42251d675da83286b1cce702)
Start importing Assets/Oculus/Interaction/OVRIntegration/Editor/Blocks/InteractableItems/Textures/bb_thumb_pointing.png using Guid(a52e4695e8816e7469e599e85dfae681) Importer(2089858483,192608db42251d675da83286b1cce702) (ScriptedImporter) -> (artifact id: '658fe26eadfadbf22fac40675e118dd6') in 0.0186641 seconds
Number of updated asset objects reloaded before import = 0Number of asset objects unloaded after import = 1

========================================================================
Received Import Request.
  Time since last request: 0.000015 seconds.
  path: Assets/Oculus/VR/Editor/BuildingBlocks/BlockData/EyeGaze/bb_data_eyegaze.asset
  artifactKey: Guid(bb4c0ea9ba5f6dd439fcd251d8c8d449) Importer(2089858483,192608db42251d675da83286b1cce702)
Start importing Assets/Oculus/VR/Editor/BuildingBlocks/BlockData/EyeGaze/bb_data_eyegaze.asset using Guid(bb4c0ea9ba5f6dd439fcd251d8c8d449) Importer(2089858483,192608db42251d675da83286b1cce702) (ScriptedImporter) -> (artifact id: '1e31219a9cf1bc87b122f4abf0e4fcfa') in 0.0189802 seconds
Number of updated asset objects reloaded before import = 0Number of asset objects unloaded after import = 6

========================================================================
Received Import Request.
  Time since last request: 0.000019 seconds.
  path: Assets/Oculus/Voice/Scripts/Runtime/Bindings/Android/VoiceSDKListenerBinding.cs
  artifactKey: Guid(c4812e4a88b84256a571c7253e27799f) Importer(2089858483,192608db42251d675da83286b1cce702)
Start importing Assets/Oculus/Voice/Scripts/Runtime/Bindings/Android/VoiceSDKListenerBinding.cs using Guid(c4812e4a88b84256a571c7253e27799f) Importer(2089858483,192608db42251d675da83286b1cce702) (ScriptedImporter) -> (artifact id: 'e18c2568e3d79d6c44d83f11371a99e0') in 0.0141145 seconds
Number of updated asset objects reloaded before import = 0Number of asset objects unloaded after import = 0

========================================================================
Received Import Request.
  Time since last request: 0.000016 seconds.
  path: Assets/Oculus/Interaction/OVRIntegration/Editor/Blocks/Interactions/Scripts/OVRInteractionBlockData.cs
  artifactKey: Guid(94769140f5c4f1f489bf7c85fb68acba) Importer(2089858483,192608db42251d675da83286b1cce702)
Start importing Assets/Oculus/Interaction/OVRIntegration/Editor/Blocks/Interactions/Scripts/OVRInteractionBlockData.cs using Guid(94769140f5c4f1f489bf7c85fb68acba) Importer(2089858483,192608db42251d675da83286b1cce702) (ScriptedImporter) -> (artifact id: '8a79d00d5dbc60830dc26da57bfde558') in 0.0139287 seconds
Number of updated asset objects reloaded before import = 0Number of asset objects unloaded after import = 0

========================================================================
Received Import Request.
  Time since last request: 0.000014 seconds.
  path: Assets/Oculus/SampleFramework/Usage/SceneManager/Prefabs/FurniturePrefabs/DoorPrefab.prefab
  artifactKey: Guid(803133f69c1b27047946a5c125b88814) Importer(2089858483,192608db42251d675da83286b1cce702)
Start importing Assets/Oculus/SampleFramework/Usage/SceneManager/Prefabs/FurniturePrefabs/DoorPrefab.prefab using Guid(803133f69c1b27047946a5c125b88814) Importer(2089858483,192608db42251d675da83286b1cce702) (ScriptedImporter) -> (artifact id: '7b6bb2eb501d432644b31cc4c58b36d0') in 0.0217399 seconds
Number of updated asset objects reloaded before import = 0Number of asset objects unloaded after import = 13

========================================================================
Received Import Request.
  Time since last request: 0.000012 seconds.
  path: Assets/Oculus/VR/Scripts/Editor/Util/SampleMetadata/SampleMetadataInspector.cs
  artifactKey: Guid(49ebc9bf791c3b048b0403dd7d9d0eb9) Importer(2089858483,192608db42251d675da83286b1cce702)
Start importing Assets/Oculus/VR/Scripts/Editor/Util/SampleMetadata/SampleMetadataInspector.cs using Guid(49ebc9bf791c3b048b0403dd7d9d0eb9) Importer(2089858483,192608db42251d675da83286b1cce702) (ScriptedImporter) -> (artifact id: '2ab1c1b5e73944db9785e2d6bd9f08bd') in 0.0149331 seconds
Number of updated asset objects reloaded before import = 0Number of asset objects unloaded after import = 0

========================================================================
Received Import Request.
  Time since last request: 0.000012 seconds.
  path: Assets/Oculus/Interaction/Runtime/Scripts/PoseDetection/Debug/ActiveStateDebugTreeUI.cs
  artifactKey: Guid(8ff3d6159be4e004f8ae25b5fcf864bb) Importer(2089858483,192608db42251d675da83286b1cce702)
Start importing Assets/Oculus/Interaction/Runtime/Scripts/PoseDetection/Debug/ActiveStateDebugTreeUI.cs using Guid(8ff3d6159be4e004f8ae25b5fcf864bb) Importer(2089858483,192608db42251d675da83286b1cce702) (ScriptedImporter) -> (artifact id: '4ebf75d635e928433c426d85c8ea59bd') in 0.0133871 seconds
Number of updated asset objects reloaded before import = 0Number of asset objects unloaded after import = 0

========================================================================
Received Import Request.
  Time since last request: 0.000012 seconds.
  path: Assets/Oculus/SampleFramework/Usage/SceneManager/Prefabs/GenericPrefabs/Ceiling.prefab
  artifactKey: Guid(368d4f7d01c25574dba39c389b785c4b) Importer(2089858483,192608db42251d675da83286b1cce702)
Start importing Assets/Oculus/SampleFramework/Usage/SceneManager/Prefabs/GenericPrefabs/Ceiling.prefab using Guid(368d4f7d01c25574dba39c389b785c4b) Importer(2089858483,192608db42251d675da83286b1cce702) (ScriptedImporter) -> (artifact id: '678b099c2e990805ab3576179a026206') in 0.0173356 seconds
Number of updated asset objects reloaded before import = 0Number of asset objects unloaded after import = 12

========================================================================
Received Import Request.
  Time since last request: 0.000013 seconds.
  path: Assets/Oculus/SampleFramework/Usage/SceneManager/Prefabs/FurniturePrefabs/WallPlanePrefab.prefab
  artifactKey: Guid(0a4918c8a9406de44ae8fd4253c3d402) Importer(2089858483,192608db42251d675da83286b1cce702)
Start importing Assets/Oculus/SampleFramework/Usage/SceneManager/Prefabs/FurniturePrefabs/WallPlanePrefab.prefab using Guid(0a4918c8a9406de44ae8fd4253c3d402) Importer(2089858483,192608db42251d675da83286b1cce702) (ScriptedImporter) -> (artifact id: 'aeb891e700463aa1045de01960440584') in 0.017965 seconds
Number of updated asset objects reloaded before import = 0Number of asset objects unloaded after import = 11

========================================================================
Received Import Request.
  Time since last request: 0.000019 seconds.
  path: Assets/Oculus/Interaction/Runtime/Scripts/Selection/Hands/IndexPinchSafeReleaseSelector.cs
  artifactKey: Guid(c9940d31c819e704889d891a6ce925b0) Importer(2089858483,192608db42251d675da83286b1cce702)
Start importing Assets/Oculus/Interaction/Runtime/Scripts/Selection/Hands/IndexPinchSafeReleaseSelector.cs using Guid(c9940d31c819e704889d891a6ce925b0) Importer(2089858483,192608db42251d675da83286b1cce702) (ScriptedImporter) -> (artifact id: '40f8a3b753f10cc46cc8328421c951b5') in 0.0128662 seconds
Number of updated asset objects reloaded before import = 0Number of asset objects unloaded after import = 0

========================================================================
Received Import Request.
  Time since last request: 0.000011 seconds.
  path: Assets/Oculus/VR/Editor/BuildingBlocks/BlockData/SurfaceProjectedPassthrough/SurfaceProjectedPassthrough.asset
  artifactKey: Guid(1945638dacc26834989668cb3b9c9993) Importer(2089858483,192608db42251d675da83286b1cce702)
Start importing Assets/Oculus/VR/Editor/BuildingBlocks/BlockData/SurfaceProjectedPassthrough/SurfaceProjectedPassthrough.asset using Guid(1945638dacc26834989668cb3b9c9993) Importer(2089858483,192608db42251d675da83286b1cce702) (ScriptedImporter) -> (artifact id: '1cbf6d709539c33a2d9b0e7db38728ea') in 0.021511 seconds
Number of updated asset objects reloaded before import = 0Number of asset objects unloaded after import = 10

========================================================================
Received Import Request.
  Time since last request: 0.000012 seconds.
  path: Assets/Oculus/Interaction/Samples/Objects/Props/CoffeeCup/CoffeeCupMat.fbx
  artifactKey: Guid(c703a789a976640a0bb1213664b73ebe) Importer(2089858483,192608db42251d675da83286b1cce702)
Start importing Assets/Oculus/Interaction/Samples/Objects/Props/CoffeeCup/CoffeeCupMat.fbx using Guid(c703a789a976640a0bb1213664b73ebe) Importer(2089858483,192608db42251d675da83286b1cce702) (ScriptedImporter) -> (artifact id: 'fea7c73c6c9a3bc045eebd3319fd45c4') in 0.0227617 seconds
Number of updated asset objects reloaded before import = 0Number of asset objects unloaded after import = 10

========================================================================
Received Import Request.
  Time since last request: 0.000012 seconds.
  path: Assets/Oculus/SampleFramework/Core/DebugUI/Fonts/Montserrat/Montserrat-Bold.ttf
  artifactKey: Guid(7e89e80fce8fc06478c726f2f3de7863) Importer(2089858483,192608db42251d675da83286b1cce702)
Start importing Assets/Oculus/SampleFramework/Core/DebugUI/Fonts/Montserrat/Montserrat-Bold.ttf using Guid(7e89e80fce8fc06478c726f2f3de7863) Importer(2089858483,192608db42251d675da83286b1cce702) (ScriptedImporter) -> (artifact id: '354ed7ef9bd1ae55b3b0374119ea3241') in 0.0162665 seconds
Number of updated asset objects reloaded before import = 0Number of asset objects unloaded after import = 3

========================================================================
Received Import Request.
  Time since last request: 0.000013 seconds.
  path: Assets/Oculus/SampleFramework/Usage/SharedAssets/Skyboxes/Sky_02/Skybox02_Front+Z.png
  artifactKey: Guid(f1a0112e68cc949c6aa890a47c46a035) Importer(2089858483,192608db42251d675da83286b1cce702)
Start importing Assets/Oculus/SampleFramework/Usage/SharedAssets/Skyboxes/Sky_02/Skybox02_Front+Z.png using Guid(f1a0112e68cc949c6aa890a47c46a035) Importer(2089858483,192608db42251d675da83286b1cce702) (ScriptedImporter) -> (artifact id: '88d8c9d9dfda4e335cc455c51eaae80e') in 0.0221759 seconds
Number of updated asset objects reloaded before import = 0Number of asset objects unloaded after import = 1

========================================================================
Received Import Request.
  Time since last request: 0.000015 seconds.
  path: Assets/Oculus/Voice/Lib/Wit.ai/Scripts/Runtime/WitResultUtilities.cs
  artifactKey: Guid(cc1d16cc4e1d4f82804b1476cd2194bc) Importer(2089858483,192608db42251d675da83286b1cce702)
Start importing Assets/Oculus/Voice/Lib/Wit.ai/Scripts/Runtime/WitResultUtilities.cs using Guid(cc1d16cc4e1d4f82804b1476cd2194bc) Importer(2089858483,192608db42251d675da83286b1cce702) (ScriptedImporter) -> (artifact id: '6f65e51871ee0e73525a16b9710d5ff7') in 0.0147057 seconds
Number of updated asset objects reloaded before import = 0Number of asset objects unloaded after import = 0

========================================================================
Received Import Request.
  Time since last request: 0.000024 seconds.
  path: Assets/Oculus/Interaction/Runtime/Scripts/PoseDetection/Debug/ActiveStateNodeUIVertical.cs
  artifactKey: Guid(10fca570a88ae124dbdb5dfda85fbbf6) Importer(2089858483,192608db42251d675da83286b1cce702)
Start importing Assets/Oculus/Interaction/Runtime/Scripts/PoseDetection/Debug/ActiveStateNodeUIVertical.cs using Guid(10fca570a88ae124dbdb5dfda85fbbf6) Importer(2089858483,192608db42251d675da83286b1cce702) (ScriptedImporter) -> (artifact id: '2163ced826d556717ab92d42dc189d05') in 0.0120607 seconds
Number of updated asset objects reloaded before import = 0Number of asset objects unloaded after import = 0

========================================================================
Received Import Request.
  Time since last request: 0.000015 seconds.
  path: Assets/Oculus/VR/Editor/BuildingBlocks/BlockData/Passthrough/Passthrough.asset
  artifactKey: Guid(cad9322c3ebd80c42aaa285feeda7deb) Importer(2089858483,192608db42251d675da83286b1cce702)
Start importing Assets/Oculus/VR/Editor/BuildingBlocks/BlockData/Passthrough/Passthrough.asset using Guid(cad9322c3ebd80c42aaa285feeda7deb) Importer(2089858483,192608db42251d675da83286b1cce702) (ScriptedImporter) -> (artifact id: '10852c23f6ec25b5562bbbef55bc6d01') in 0.0209947 seconds
Number of updated asset objects reloaded before import = 0Number of asset objects unloaded after import = 6

========================================================================
Received Import Request.
  Time since last request: 0.000054 seconds.
  path: Assets/Oculus/Interaction/Samples/Objects/Props/ToyBox/ToyBoxesMat.fbx
  artifactKey: Guid(f1bc7ebd567dd466189a6f6ae409c85c) Importer(2089858483,192608db42251d675da83286b1cce702)
Start importing Assets/Oculus/Interaction/Samples/Objects/Props/ToyBox/ToyBoxesMat.fbx using Guid(f1bc7ebd567dd466189a6f6ae409c85c) Importer(2089858483,192608db42251d675da83286b1cce702) (ScriptedImporter) -> (artifact id: '6571edc27cf2ab494178f855cb89308e') in 0.0324988 seconds
Number of updated asset objects reloaded before import = 0Number of asset objects unloaded after import = 9

========================================================================
Received Import Request.
  Time since last request: 0.000026 seconds.
  path: Assets/Oculus/Interaction/Runtime/Scripts/Unity/UnityCanvas/CanvasRect.cs
  artifactKey: Guid(2025423b67857c349bf8cf435762b5cd) Importer(2089858483,192608db42251d675da83286b1cce702)
Start importing Assets/Oculus/Interaction/Runtime/Scripts/Unity/UnityCanvas/CanvasRect.cs using Guid(2025423b67857c349bf8cf435762b5cd) Importer(2089858483,192608db42251d675da83286b1cce702) (ScriptedImporter) -> (artifact id: '3e57f1374e9056a1f31ec15b285a23a0') in 0.014773 seconds
Number of updated asset objects reloaded before import = 0Number of asset objects unloaded after import = 0

========================================================================
Received Import Request.
  Time since last request: 0.000014 seconds.
  path: Assets/Oculus/Voice/Features/Hub/Scripts/Editor/UIComponents/FoldoutHierarchy.cs
  artifactKey: Guid(5b3b26502f774dd2b597ed1657a8f0a4) Importer(2089858483,192608db42251d675da83286b1cce702)
Start importing Assets/Oculus/Voice/Features/Hub/Scripts/Editor/UIComponents/FoldoutHierarchy.cs using Guid(5b3b26502f774dd2b597ed1657a8f0a4) Importer(2089858483,192608db42251d675da83286b1cce702) (ScriptedImporter) -> (artifact id: '7b3aed788ff52b3624b5d8551fdc38d5') in 0.0139742 seconds
Number of updated asset objects reloaded before import = 0Number of asset objects unloaded after import = 0

========================================================================
Received Import Request.
  Time since last request: 0.000019 seconds.
  path: Assets/Oculus/Interaction/Samples/Objects/Props/MapWithPins/Models/MapFrame.fbx
  artifactKey: Guid(f5cc4b76257fd6140bd413838304f1f4) Importer(2089858483,192608db42251d675da83286b1cce702)
Start importing Assets/Oculus/Interaction/Samples/Objects/Props/MapWithPins/Models/MapFrame.fbx using Guid(f5cc4b76257fd6140bd413838304f1f4) Importer(2089858483,192608db42251d675da83286b1cce702) (ScriptedImporter) -> (artifact id: '28b3a120453a9fae82270601bff570b0') in 0.0234021 seconds
Number of updated asset objects reloaded before import = 0Number of asset objects unloaded after import = 7

========================================================================
Received Import Request.
  Time since last request: 0.000030 seconds.
  path: Assets/Oculus/Interaction/Samples/Objects/Props/MapWithPins/Materials/MapPointerMat.fbx
  artifactKey: Guid(afcf09e55a190704e99cfd047692166c) Importer(2089858483,192608db42251d675da83286b1cce702)
Start importing Assets/Oculus/Interaction/Samples/Objects/Props/MapWithPins/Materials/MapPointerMat.fbx using Guid(afcf09e55a190704e99cfd047692166c) Importer(2089858483,192608db42251d675da83286b1cce702) (ScriptedImporter) -> (artifact id: '96406242400e9113d4ed179bf4b42544') in 0.0237818 seconds
Number of updated asset objects reloaded before import = 0Number of asset objects unloaded after import = 9

========================================================================
Received Import Request.
  Time since last request: 0.000015 seconds.
  path: Assets/Oculus/Voice/Features/Hub/Scripts/Editor/Utilities/ContextFinder.cs
  artifactKey: Guid(c235113b0b6c484a8f361e84786d7467) Importer(2089858483,192608db42251d675da83286b1cce702)
Start importing Assets/Oculus/Voice/Features/Hub/Scripts/Editor/Utilities/ContextFinder.cs using Guid(c235113b0b6c484a8f361e84786d7467) Importer(2089858483,192608db42251d675da83286b1cce702) (ScriptedImporter) -> (artifact id: '04da7e554c50167fa71f4168ac55940c') in 0.0140534 seconds
Number of updated asset objects reloaded before import = 0Number of asset objects unloaded after import = 0

========================================================================
Received Import Request.
  Time since last request: 0.000015 seconds.
  path: Assets/Oculus/Interaction/Samples/Objects/Props/MapWithPins/Materials/MapMat.mat
  artifactKey: Guid(75c836cb04e7d124b9c2829fd90ab362) Importer(2089858483,192608db42251d675da83286b1cce702)
Start importing Assets/Oculus/Interaction/Samples/Objects/Props/MapWithPins/Materials/MapMat.mat using Guid(75c836cb04e7d124b9c2829fd90ab362) Importer(2089858483,192608db42251d675da83286b1cce702) (ScriptedImporter) -> (artifact id: '22572d4dfda42982093fb3318c0791ef') in 0.0166126 seconds
Number of updated asset objects reloaded before import = 0Number of asset objects unloaded after import = 2

========================================================================
Received Import Request.
  Time since last request: 0.000013 seconds.
  path: Assets/Oculus/Interaction/Samples/Objects/Props/Key/Textures/keyTexture.png
  artifactKey: Guid(c704ccf98609c79458c5816c029a99de) Importer(2089858483,192608db42251d675da83286b1cce702)
Start importing Assets/Oculus/Interaction/Samples/Objects/Props/Key/Textures/keyTexture.png using Guid(c704ccf98609c79458c5816c029a99de) Importer(2089858483,192608db42251d675da83286b1cce702) (ScriptedImporter) -> (artifact id: 'eea3014ea3e3d77f60880dc64ca3f41d') in 0.0247106 seconds
Number of updated asset objects reloaded before import = 0Number of asset objects unloaded after import = 1

========================================================================
Received Import Request.
  Time since last request: 0.000019 seconds.
  path: Assets/Oculus/Interaction/Samples/Objects/Environment/Locomotion/Models/Meta_LocomotionBalcony.fbx
  artifactKey: Guid(9821f61cd29cd1f4cb0ee51806a24535) Importer(2089858483,192608db42251d675da83286b1cce702)
Start importing Assets/Oculus/Interaction/Samples/Objects/Environment/Locomotion/Models/Meta_LocomotionBalcony.fbx using Guid(9821f61cd29cd1f4cb0ee51806a24535) Importer(2089858483,192608db42251d675da83286b1cce702) (ScriptedImporter) -> (artifact id: '959bb2f4e7cb371a036113cbb322f95c') in 0.0238005 seconds
Number of updated asset objects reloaded before import = 0Number of asset objects unloaded after import = 29

========================================================================
Received Import Request.
  Time since last request: 0.000018 seconds.
  path: Assets/Oculus/Interaction/Samples/Objects/Props/BigRedButton/Models/BigRedButton.fbx
  artifactKey: Guid(4f056151902f3214fb1294871c8c9718) Importer(2089858483,192608db42251d675da83286b1cce702)
Start importing Assets/Oculus/Interaction/Samples/Objects/Props/BigRedButton/Models/BigRedButton.fbx using Guid(4f056151902f3214fb1294871c8c9718) Importer(2089858483,192608db42251d675da83286b1cce702) (ScriptedImporter) -> (artifact id: '97c3763a068ce79ca61bfc11ef1b7329') in 0.0239507 seconds
Number of updated asset objects reloaded before import = 0Number of asset objects unloaded after import = 19

========================================================================
Received Import Request.
  Time since last request: 0.000023 seconds.
  path: Assets/Oculus/Interaction/OVRIntegration/Runtime/Scripts/Body/Input/FromOVRBodyDataSource.cs
  artifactKey: Guid(b16459242825b504b8fac95d1c7a68a8) Importer(2089858483,192608db42251d675da83286b1cce702)
Start importing Assets/Oculus/Interaction/OVRIntegration/Runtime/Scripts/Body/Input/FromOVRBodyDataSource.cs using Guid(b16459242825b504b8fac95d1c7a68a8) Importer(2089858483,192608db42251d675da83286b1cce702) (ScriptedImporter) -> (artifact id: 'bf8b53c54a26410d073438a02fe644bd') in 0.0157907 seconds
Number of updated asset objects reloaded before import = 0Number of asset objects unloaded after import = 0

========================================================================
Received Import Request.
  Time since last request: 0.000014 seconds.
  path: Assets/Oculus/Interaction/Runtime/Scripts/Interaction/Models/TouchHandGrab/TouchShadowHand.cs
  artifactKey: Guid(a2775c289dc8a8a4bb5d43e687f4035d) Importer(2089858483,192608db42251d675da83286b1cce702)
Start importing Assets/Oculus/Interaction/Runtime/Scripts/Interaction/Models/TouchHandGrab/TouchShadowHand.cs using Guid(a2775c289dc8a8a4bb5d43e687f4035d) Importer(2089858483,192608db42251d675da83286b1cce702) (ScriptedImporter) -> (artifact id: 'b311639b641b5e3ec3d1e15cb63d71e3') in 0.0144925 seconds
Number of updated asset objects reloaded before import = 0Number of asset objects unloaded after import = 0

========================================================================
Received Import Request.
  Time since last request: 0.000014 seconds.
  path: Assets/Oculus/Interaction/Samples/Objects/Environment/Locomotion/Prefabs/LocomotionEnvironment.prefab
  artifactKey: Guid(9ea3c3bd7f7fe1043a0bb52ecda39ce6) Importer(2089858483,192608db42251d675da83286b1cce702)
Start importing Assets/Oculus/Interaction/Samples/Objects/Environment/Locomotion/Prefabs/LocomotionEnvironment.prefab using Guid(9ea3c3bd7f7fe1043a0bb52ecda39ce6) Importer(2089858483,192608db42251d675da83286b1cce702) (ScriptedImporter) -> (artifact id: '63c66f0e2e3d3472845d1e3d06666c48') in 0.0523527 seconds
Number of updated asset objects reloaded before import = 0Number of asset objects unloaded after import = 916

========================================================================
Received Import Request.
  Time since last request: 0.000016 seconds.
  path: Assets/Oculus/Interaction/Samples/Scripts/HandGrabUse/Effects/WaterSpray/Drops_Tiled_Normal-Map.png
  artifactKey: Guid(06aafc7fcb186454893618a0b137089b) Importer(2089858483,192608db42251d675da83286b1cce702)
Start importing Assets/Oculus/Interaction/Samples/Scripts/HandGrabUse/Effects/WaterSpray/Drops_Tiled_Normal-Map.png using Guid(06aafc7fcb186454893618a0b137089b) Importer(2089858483,192608db42251d675da83286b1cce702) (ScriptedImporter) -> (artifact id: 'a37c9108421849605d3f168a005ed765') in 0.0223434 seconds
Number of updated asset objects reloaded before import = 0Number of asset objects unloaded after import = 1

========================================================================
Received Import Request.
  Time since last request: 0.000015 seconds.
  path: Assets/Oculus/Interaction/Samples/Objects/Props/BigRedButton/Materials/ButtonRingShadowMat.mat
  artifactKey: Guid(dab97cc97278e1542aca6d5c9daa46eb) Importer(2089858483,192608db42251d675da83286b1cce702)
Start importing Assets/Oculus/Interaction/Samples/Objects/Props/BigRedButton/Materials/ButtonRingShadowMat.mat using Guid(dab97cc97278e1542aca6d5c9daa46eb) Importer(2089858483,192608db42251d675da83286b1cce702) (ScriptedImporter) -> (artifact id: 'c0e913d138a5a408628490a1332f6ee1') in 0.0135857 seconds
Number of updated asset objects reloaded before import = 0Number of asset objects unloaded after import = 2

========================================================================
Received Import Request.
  Time since last request: 0.000022 seconds.
  path: Assets/Oculus/Interaction/Samples/Objects/Environment/Room/Materials/WindowStencilWriter.mat
  artifactKey: Guid(90969dd5aecc40c438a178ce4c40aa8f) Importer(2089858483,192608db42251d675da83286b1cce702)
Start importing Assets/Oculus/Interaction/Samples/Objects/Environment/Room/Materials/WindowStencilWriter.mat using Guid(90969dd5aecc40c438a178ce4c40aa8f) Importer(2089858483,192608db42251d675da83286b1cce702) (ScriptedImporter) -> (artifact id: 'd0b39e04a3952baf0ee0d7c7756ea5e6') in 0.0136729 seconds
Number of updated asset objects reloaded before import = 0Number of asset objects unloaded after import = 1

========================================================================
Received Import Request.
  Time since last request: 0.000012 seconds.
  path: Assets/Oculus/Interaction/Samples/Objects/Environment/Room/Materials/SmallRoomRugMat.mat
  artifactKey: Guid(c8092f1d88b3a1249be88eecfe35f61d) Importer(2089858483,192608db42251d675da83286b1cce702)
Start importing Assets/Oculus/Interaction/Samples/Objects/Environment/Room/Materials/SmallRoomRugMat.mat using Guid(c8092f1d88b3a1249be88eecfe35f61d) Importer(2089858483,192608db42251d675da83286b1cce702) (ScriptedImporter) -> (artifact id: 'c274c623671d92eb151c334055fe39d5') in 0.0129881 seconds
Number of updated asset objects reloaded before import = 0Number of asset objects unloaded after import = 3

========================================================================
Received Import Request.
  Time since last request: 0.000013 seconds.
  path: Assets/Oculus/Interaction/Samples/Objects/Environment/Room/Textures/WoodTiling.png
  artifactKey: Guid(4d009118a9fcdce4f9e75630ee19f7a8) Importer(2089858483,192608db42251d675da83286b1cce702)
Start importing Assets/Oculus/Interaction/Samples/Objects/Environment/Room/Textures/WoodTiling.png using Guid(4d009118a9fcdce4f9e75630ee19f7a8) Importer(2089858483,192608db42251d675da83286b1cce702) (ScriptedImporter) -> (artifact id: '3a7eb205dcf950dae485909e036a69fd') in 0.0195866 seconds
Number of updated asset objects reloaded before import = 0Number of asset objects unloaded after import = 1

========================================================================
Received Import Request.
  Time since last request: 0.000014 seconds.
  path: Assets/Oculus/Interaction/Runtime/Scripts/Interaction/Models/HandGrab/HandGrabPoint.cs
  artifactKey: Guid(622db80eec0bd344f920b1aa056ae8d1) Importer(2089858483,192608db42251d675da83286b1cce702)
Start importing Assets/Oculus/Interaction/Runtime/Scripts/Interaction/Models/HandGrab/HandGrabPoint.cs using Guid(622db80eec0bd344f920b1aa056ae8d1) Importer(2089858483,192608db42251d675da83286b1cce702) (ScriptedImporter) -> (artifact id: 'd4a2a1ea0b43497dfbe0182db8b3fa38') in 0.012467 seconds
Number of updated asset objects reloaded before import = 0Number of asset objects unloaded after import = 0

========================================================================
Received Import Request.
  Time since last request: 0.000013 seconds.
  path: Assets/Oculus/Interaction/Runtime/Scripts/Interaction/Models/UseGrab/Axis1DFingerUseAPI.cs
  artifactKey: Guid(1255e34d74d5b0d4fa9a7744fcffb80f) Importer(2089858483,192608db42251d675da83286b1cce702)
Start importing Assets/Oculus/Interaction/Runtime/Scripts/Interaction/Models/UseGrab/Axis1DFingerUseAPI.cs using Guid(1255e34d74d5b0d4fa9a7744fcffb80f) Importer(2089858483,192608db42251d675da83286b1cce702) (ScriptedImporter) -> (artifact id: 'e5ea9482f2fd874d341a62accb06fc16') in 0.0125244 seconds
Number of updated asset objects reloaded before import = 0Number of asset objects unloaded after import = 0

========================================================================
Received Import Request.
  Time since last request: 0.000011 seconds.
  path: Assets/Oculus/SampleFramework/Core/Video/Plugins/Android/Audio360/audio360-exo218.aar
  artifactKey: Guid(6f1932f9a85d347a685f96d6643ac091) Importer(2089858483,192608db42251d675da83286b1cce702)
Start importing Assets/Oculus/SampleFramework/Core/Video/Plugins/Android/Audio360/audio360-exo218.aar using Guid(6f1932f9a85d347a685f96d6643ac091) Importer(2089858483,192608db42251d675da83286b1cce702) (ScriptedImporter) -> (artifact id: '09ee8eb4edd4c106b2c074f2c849b6b7') in 0.0138293 seconds
Number of updated asset objects reloaded before import = 0Number of asset objects unloaded after import = 0

========================================================================
Received Import Request.
  Time since last request: 0.000024 seconds.
  path: Assets/Oculus/Interaction/Samples/Objects/Environment/SmallRoom/Materials/SmallRoomRugMat.mat
  artifactKey: Guid(3a6d0ab7749e563469ec011e460ffac0) Importer(2089858483,192608db42251d675da83286b1cce702)
Start importing Assets/Oculus/Interaction/Samples/Objects/Environment/SmallRoom/Materials/SmallRoomRugMat.mat using Guid(3a6d0ab7749e563469ec011e460ffac0) Importer(2089858483,192608db42251d675da83286b1cce702) (ScriptedImporter) -> (artifact id: '301c1e7ef628d66ab12217bdd3b7c7e7') in 0.0209249 seconds
Number of updated asset objects reloaded before import = 0Number of asset objects unloaded after import = 3

========================================================================
Received Import Request.
  Time since last request: 0.000037 seconds.
  path: Assets/Oculus/Interaction/Samples/Objects/Props/Mug/Models/mugMesh.fbx
  artifactKey: Guid(62430feba95140d4094909ab2ae769d2) Importer(2089858483,192608db42251d675da83286b1cce702)
Start importing Assets/Oculus/Interaction/Samples/Objects/Props/Mug/Models/mugMesh.fbx using Guid(62430feba95140d4094909ab2ae769d2) Importer(2089858483,192608db42251d675da83286b1cce702) (ScriptedImporter) -> (artifact id: '220704849f9f0a54f2946117bf4eb18a') in 0.0198516 seconds
Number of updated asset objects reloaded before import = 0Number of asset objects unloaded after import = 7

========================================================================
Received Import Request.
  Time since last request: 0.000013 seconds.
  path: Assets/Oculus/SampleFramework/Core/HandsInteraction/Scripts/Tools/FingerTipPokeToolView.cs
  artifactKey: Guid(f58463a8ddf862a45a7a5dbd85d11ffd) Importer(2089858483,192608db42251d675da83286b1cce702)
Start importing Assets/Oculus/SampleFramework/Core/HandsInteraction/Scripts/Tools/FingerTipPokeToolView.cs using Guid(f58463a8ddf862a45a7a5dbd85d11ffd) Importer(2089858483,192608db42251d675da83286b1cce702) (ScriptedImporter) -> (artifact id: '7fb4bb7b25330016ef7db136f44bbaa0') in 0.0139295 seconds
Number of updated asset objects reloaded before import = 0Number of asset objects unloaded after import = 0

========================================================================
Received Import Request.
  Time since last request: 0.000014 seconds.
  path: Assets/Oculus/SampleFramework/Usage/HandsTrainExample/Textures/ControllerBoxTextures/controller_plain_DiffuseGlossiness.png
  artifactKey: Guid(ed6778a8aa0ab7144ba6379c9135942b) Importer(2089858483,192608db42251d675da83286b1cce702)
Start importing Assets/Oculus/SampleFramework/Usage/HandsTrainExample/Textures/ControllerBoxTextures/controller_plain_DiffuseGlossiness.png using Guid(ed6778a8aa0ab7144ba6379c9135942b) Importer(2089858483,192608db42251d675da83286b1cce702) (ScriptedImporter) -> (artifact id: 'e3e5ddaa38003f6d0917926bdd392290') in 0.0231659 seconds
Number of updated asset objects reloaded before import = 0Number of asset objects unloaded after import = 1

========================================================================
Received Import Request.
  Time since last request: 0.000012 seconds.
  path: Assets/Oculus/Interaction/OVRIntegration/Runtime/Scripts/Body/Input/OVRSkeletonMapping.cs
  artifactKey: Guid(7c2a4397c1b770040841c4385e95fdcd) Importer(2089858483,192608db42251d675da83286b1cce702)
Start importing Assets/Oculus/Interaction/OVRIntegration/Runtime/Scripts/Body/Input/OVRSkeletonMapping.cs using Guid(7c2a4397c1b770040841c4385e95fdcd) Importer(2089858483,192608db42251d675da83286b1cce702) (ScriptedImporter) -> (artifact id: 'c6644cbf60ab7f0bb2b680c574f99b2d') in 0.0207645 seconds
Number of updated asset objects reloaded before import = 0Number of asset objects unloaded after import = 0

========================================================================
Received Import Request.
  Time since last request: 0.000013 seconds.
  path: Assets/Oculus/Voice/Lib/Wit.ai/Lib/Wit/Editor/ExportParserPlugin.cs
  artifactKey: Guid(8f15b9f4092b4f74bcd0e532e267adc1) Importer(2089858483,192608db42251d675da83286b1cce702)
Start importing Assets/Oculus/Voice/Lib/Wit.ai/Lib/Wit/Editor/ExportParserPlugin.cs using Guid(8f15b9f4092b4f74bcd0e532e267adc1) Importer(2089858483,192608db42251d675da83286b1cce702) (ScriptedImporter) -> (artifact id: '27548337952c1092f4c7e203d87d4bd8') in 0.0157849 seconds
Number of updated asset objects reloaded before import = 0Number of asset objects unloaded after import = 0

========================================================================
Received Import Request.
  Time since last request: 0.000017 seconds.
  path: Assets/Oculus/Voice/Lib/Wit.ai/Lib/Wit/Runtime/AssemblyInfo.cs
  artifactKey: Guid(b90f05500609430281dd47087c6f7937) Importer(2089858483,192608db42251d675da83286b1cce702)
Start importing Assets/Oculus/Voice/Lib/Wit.ai/Lib/Wit/Runtime/AssemblyInfo.cs using Guid(b90f05500609430281dd47087c6f7937) Importer(2089858483,192608db42251d675da83286b1cce702) (ScriptedImporter) -> (artifact id: '4e96c8367ad5b628f9ecd88fc84cb4e9') in 0.0134708 seconds
Number of updated asset objects reloaded before import = 0Number of asset objects unloaded after import = 0

========================================================================
Received Import Request.
  Time since last request: 0.000016 seconds.
  path: Assets/Oculus/Voice/Lib/Wit.ai/Lib/Conduit/Editor/IFileIo.cs
  artifactKey: Guid(4de25e194405426b9ef778896a3d528b) Importer(2089858483,192608db42251d675da83286b1cce702)
Start importing Assets/Oculus/Voice/Lib/Wit.ai/Lib/Conduit/Editor/IFileIo.cs using Guid(4de25e194405426b9ef778896a3d528b) Importer(2089858483,192608db42251d675da83286b1cce702) (ScriptedImporter) -> (artifact id: 'ad46de44f02c745e5c3c955e71d9e0e8') in 0.0144943 seconds
Number of updated asset objects reloaded before import = 0Number of asset objects unloaded after import = 0

========================================================================
Received Import Request.
  Time since last request: 0.000022 seconds.
  path: Assets/Oculus/Voice/Lib/Wit.ai/Scripts/Editor/Utility/WitUnderstandingViewerVoiceServiceAPI.cs
  artifactKey: Guid(dd3a9e82a16233040a917414603b56f6) Importer(2089858483,192608db42251d675da83286b1cce702)
Start importing Assets/Oculus/Voice/Lib/Wit.ai/Scripts/Editor/Utility/WitUnderstandingViewerVoiceServiceAPI.cs using Guid(dd3a9e82a16233040a917414603b56f6) Importer(2089858483,192608db42251d675da83286b1cce702) (ScriptedImporter) -> (artifact id: '70e020d87c8481b14d8267b1b25a9014') in 0.0133711 seconds
Number of updated asset objects reloaded before import = 0Number of asset objects unloaded after import = 0

========================================================================
Received Import Request.
  Time since last request: 0.000013 seconds.
  path: Assets/Oculus/Voice/Lib/Wit.ai/Lib/Conduit/Editor/AssemblyMiner.cs
  artifactKey: Guid(14392e3a8341428ca5bcbfdf5e371002) Importer(2089858483,192608db42251d675da83286b1cce702)
Start importing Assets/Oculus/Voice/Lib/Wit.ai/Lib/Conduit/Editor/AssemblyMiner.cs using Guid(14392e3a8341428ca5bcbfdf5e371002) Importer(2089858483,192608db42251d675da83286b1cce702) (ScriptedImporter) -> (artifact id: 'c956afcc7175c43c8c10fcbd5526fc17') in 0.0127593 seconds
Number of updated asset objects reloaded before import = 0Number of asset objects unloaded after import = 0

========================================================================
Received Import Request.
  Time since last request: 0.000013 seconds.
  path: Assets/Oculus/Voice/Lib/Wit.ai/Lib/Conduit/Editor/WitHttp.cs
  artifactKey: Guid(a5ed4b0907c44c93af6ea5697319f4ba) Importer(2089858483,192608db42251d675da83286b1cce702)
Start importing Assets/Oculus/Voice/Lib/Wit.ai/Lib/Conduit/Editor/WitHttp.cs using Guid(a5ed4b0907c44c93af6ea5697319f4ba) Importer(2089858483,192608db42251d675da83286b1cce702) (ScriptedImporter) -> (artifact id: 'eb08c00e16e234ba93aa99dfd77ffff1') in 0.0139045 seconds
Number of updated asset objects reloaded before import = 0Number of asset objects unloaded after import = 0

========================================================================
Received Import Request.
  Time since last request: 0.000016 seconds.
  path: Assets/Oculus/Voice/Lib/Wit.ai/Scripts/Runtime/Data/AudioBufferConfiguration.cs
  artifactKey: Guid(5dddc67743ac75b4f83ba080cafe1299) Importer(2089858483,192608db42251d675da83286b1cce702)
Start importing Assets/Oculus/Voice/Lib/Wit.ai/Scripts/Runtime/Data/AudioBufferConfiguration.cs using Guid(5dddc67743ac75b4f83ba080cafe1299) Importer(2089858483,192608db42251d675da83286b1cce702) (ScriptedImporter) -> (artifact id: '8ad586f3a1c7e8d0efbef6e1a7704dc8') in 0.0139144 seconds
Number of updated asset objects reloaded before import = 0Number of asset objects unloaded after import = 0

========================================================================
Received Import Request.
  Time since last request: 0.000013 seconds.
  path: Assets/Oculus/Voice/Lib/Wit.ai/Features/TTS/Samples/Facebook.Wit.TTS.Samples.asmdef
  artifactKey: Guid(e67ffd8913b227943835c952869d26fb) Importer(2089858483,192608db42251d675da83286b1cce702)
Start importing Assets/Oculus/Voice/Lib/Wit.ai/Features/TTS/Samples/Facebook.Wit.TTS.Samples.asmdef using Guid(e67ffd8913b227943835c952869d26fb) Importer(2089858483,192608db42251d675da83286b1cce702) (ScriptedImporter) -> (artifact id: 'cf6a679dabd0bec5111209c2a2118862') in 0.0140541 seconds
Number of updated asset objects reloaded before import = 0Number of asset objects unloaded after import = 1

========================================================================
Received Import Request.
  Time since last request: 0.000012 seconds.
  path: Assets/Oculus/SampleFramework/Usage/SceneManager/Prefabs/GenericPrefabs/Wall.prefab
  artifactKey: Guid(26ac47ea790b8a24b958b02c678afdda) Importer(2089858483,192608db42251d675da83286b1cce702)
Start importing Assets/Oculus/SampleFramework/Usage/SceneManager/Prefabs/GenericPrefabs/Wall.prefab using Guid(26ac47ea790b8a24b958b02c678afdda) Importer(2089858483,192608db42251d675da83286b1cce702) (ScriptedImporter) -> (artifact id: 'a73cd0f04aa618aebef0c08910cd9be6') in 0.016699 seconds
Number of updated asset objects reloaded before import = 0Number of asset objects unloaded after import = 12

========================================================================
Received Import Request.
  Time since last request: 0.000017 seconds.
  path: Assets/Oculus/Interaction/Runtime/Scripts/Selection/Hands/AimingStabilizedOrigin.cs
  artifactKey: Guid(10daf26145853cb4d96fdf1fa59a3e0d) Importer(2089858483,192608db42251d675da83286b1cce702)
Start importing Assets/Oculus/Interaction/Runtime/Scripts/Selection/Hands/AimingStabilizedOrigin.cs using Guid(10daf26145853cb4d96fdf1fa59a3e0d) Importer(2089858483,192608db42251d675da83286b1cce702) (ScriptedImporter) -> (artifact id: 'da8e01c86ac30cf06404df78b18d3cd3') in 0.0156654 seconds
Number of updated asset objects reloaded before import = 0Number of asset objects unloaded after import = 0

========================================================================
Received Import Request.
  Time since last request: 0.000021 seconds.
  path: Assets/Oculus/Voice/Lib/Wit.ai/Scripts/Runtime/CallbackHandlers/SimpleStringEntityHandler.cs
  artifactKey: Guid(77dceeee73817ec4c844564714e05c77) Importer(2089858483,192608db42251d675da83286b1cce702)
Start importing Assets/Oculus/Voice/Lib/Wit.ai/Scripts/Runtime/CallbackHandlers/SimpleStringEntityHandler.cs using Guid(77dceeee73817ec4c844564714e05c77) Importer(2089858483,192608db42251d675da83286b1cce702) (ScriptedImporter) -> (artifact id: '1aa0008708e5f3ce267a9ef8d7a7166d') in 0.0142868 seconds
Number of updated asset objects reloaded before import = 0Number of asset objects unloaded after import = 0

========================================================================
Received Import Request.
  Time since last request: 0.000016 seconds.
  path: Assets/Oculus/Interaction/Samples/Objects/Props/Mug/Models/mugMeshConvexHulls.fbx
  artifactKey: Guid(3acf8e63bb5a41040a058efda523d4b1) Importer(2089858483,192608db42251d675da83286b1cce702)
Start importing Assets/Oculus/Interaction/Samples/Objects/Props/Mug/Models/mugMeshConvexHulls.fbx using Guid(3acf8e63bb5a41040a058efda523d4b1) Importer(2089858483,192608db42251d675da83286b1cce702) (ScriptedImporter) -> (artifact id: '2f9c14156af4f8faf42ac4072dfea5eb') in 0.0251479 seconds
Number of updated asset objects reloaded before import = 0Number of asset objects unloaded after import = 69

========================================================================
Received Import Request.
  Time since last request: 0.000013 seconds.
  path: Assets/Oculus/SampleFramework/Core/Locomotion/Scripts/Editor/TeleportTransitionWarpInspector.cs
  artifactKey: Guid(3be20267c2de05e4487484be14e69924) Importer(2089858483,192608db42251d675da83286b1cce702)
Start importing Assets/Oculus/SampleFramework/Core/Locomotion/Scripts/Editor/TeleportTransitionWarpInspector.cs using Guid(3be20267c2de05e4487484be14e69924) Importer(2089858483,192608db42251d675da83286b1cce702) (ScriptedImporter) -> (artifact id: '03c1ef11eb73a22ef7feb611203f9078') in 0.0132079 seconds
Number of updated asset objects reloaded before import = 0Number of asset objects unloaded after import = 0

========================================================================
Received Import Request.
  Time since last request: 0.000014 seconds.
  path: Assets/Oculus/Interaction/OVRIntegration/Editor/Blocks/HandTracking/Scripts/OVRInteractionHandTrackingBlockData.cs
  artifactKey: Guid(6c4826b5532d66e4db4bdf87d3e73a7d) Importer(2089858483,192608db42251d675da83286b1cce702)
Start importing Assets/Oculus/Interaction/OVRIntegration/Editor/Blocks/HandTracking/Scripts/OVRInteractionHandTrackingBlockData.cs using Guid(6c4826b5532d66e4db4bdf87d3e73a7d) Importer(2089858483,192608db42251d675da83286b1cce702) (ScriptedImporter) -> (artifact id: '80f5b214d8ce85083f59e10f641c13d2') in 0.0116606 seconds
Number of updated asset objects reloaded before import = 0Number of asset objects unloaded after import = 0

========================================================================
Received Import Request.
  Time since last request: 0.000016 seconds.
  path: Assets/Oculus/Interaction/Samples/Objects/Props/IconBox/IconBox.prefab
  artifactKey: Guid(08bd653119f9db54fb91155eb09c459a) Importer(2089858483,192608db42251d675da83286b1cce702)
Start importing Assets/Oculus/Interaction/Samples/Objects/Props/IconBox/IconBox.prefab using Guid(08bd653119f9db54fb91155eb09c459a) Importer(2089858483,192608db42251d675da83286b1cce702) (ScriptedImporter) -> (artifact id: 'e3706bfeca2a3ef7051f81fbd17db03d') in 0.0301211 seconds
Number of updated asset objects reloaded before import = 0Number of asset objects unloaded after import = 45

========================================================================
Received Import Request.
  Time since last request: 0.000013 seconds.
  path: Assets/Oculus/Voice/Lib/Wit.ai/Scripts/Editor/Windows/WitWindowUtility.cs
  artifactKey: Guid(b00adbe5b02c85a49886cf47a6bbda9f) Importer(2089858483,192608db42251d675da83286b1cce702)
Start importing Assets/Oculus/Voice/Lib/Wit.ai/Scripts/Editor/Windows/WitWindowUtility.cs using Guid(b00adbe5b02c85a49886cf47a6bbda9f) Importer(2089858483,192608db42251d675da83286b1cce702) (ScriptedImporter) -> (artifact id: '1ebcf933067a3e51a03abb4672a2bf10') in 0.0130725 seconds
Number of updated asset objects reloaded before import = 0Number of asset objects unloaded after import = 0

========================================================================
Received Import Request.
  Time since last request: 0.000017 seconds.
  path: Assets/Oculus/Voice/Lib/Wit.ai/Lib/Wit/Editor/WitExportRetriever.cs
  artifactKey: Guid(2100dcddf6314ec5ba57a0ccaba6bfe2) Importer(2089858483,192608db42251d675da83286b1cce702)
Start importing Assets/Oculus/Voice/Lib/Wit.ai/Lib/Wit/Editor/WitExportRetriever.cs using Guid(2100dcddf6314ec5ba57a0ccaba6bfe2) Importer(2089858483,192608db42251d675da83286b1cce702) (ScriptedImporter) -> (artifact id: 'd4a870f4fb8ea1e2834b98b6c7e508ae') in 0.014027 seconds
Number of updated asset objects reloaded before import = 0Number of asset objects unloaded after import = 0

========================================================================
Received Import Request.
  Time since last request: 0.000020 seconds.
  path: Assets/Oculus/Voice/Lib/Wit.ai/Lib/Wit/Editor/AssemblyInfo.cs
  artifactKey: Guid(ca17dcd3e9694c09bf55940e51ff9b95) Importer(2089858483,192608db42251d675da83286b1cce702)
Start importing Assets/Oculus/Voice/Lib/Wit.ai/Lib/Wit/Editor/AssemblyInfo.cs using Guid(ca17dcd3e9694c09bf55940e51ff9b95) Importer(2089858483,192608db42251d675da83286b1cce702) (ScriptedImporter) -> (artifact id: '035838857705eef35d54cc655d5b8c2b') in 0.0135251 seconds
Number of updated asset objects reloaded before import = 0Number of asset objects unloaded after import = 0

========================================================================
Received Import Request.
  Time since last request: 0.000013 seconds.
  path: Assets/Oculus/Interaction/Runtime/Scripts/PoseDetection/Debug/TransformFeatureVectorDebugVisual.cs
  artifactKey: Guid(e5b3b9e0179019c46a27bcc4ed7916ff) Importer(2089858483,192608db42251d675da83286b1cce702)
Start importing Assets/Oculus/Interaction/Runtime/Scripts/PoseDetection/Debug/TransformFeatureVectorDebugVisual.cs using Guid(e5b3b9e0179019c46a27bcc4ed7916ff) Importer(2089858483,192608db42251d675da83286b1cce702) (ScriptedImporter) -> (artifact id: '77294156d2e25406ecb9873dc93bee6d') in 0.0146838 seconds
Number of updated asset objects reloaded before import = 0Number of asset objects unloaded after import = 0

========================================================================
Received Import Request.
  Time since last request: 0.000019 seconds.
  path: Assets/Oculus/SampleFramework/Usage/TouchPro/Scripts/Ui/UiSceneMenu.cs
  artifactKey: Guid(04938183eea4b0f458db0fd0a977d53a) Importer(2089858483,192608db42251d675da83286b1cce702)
Start importing Assets/Oculus/SampleFramework/Usage/TouchPro/Scripts/Ui/UiSceneMenu.cs using Guid(04938183eea4b0f458db0fd0a977d53a) Importer(2089858483,192608db42251d675da83286b1cce702) (ScriptedImporter) -> (artifact id: 'f84eb30b06cbd4cdbdf2a5e9fe6588b4') in 0.0139692 seconds
Number of updated asset objects reloaded before import = 0Number of asset objects unloaded after import = 0

========================================================================
Received Import Request.
  Time since last request: 0.000013 seconds.
  path: Assets/Oculus/Interaction/Runtime/Scripts/Input/Hands/DataModifiers/OneEuroFilterRotationDataModifier.cs
  artifactKey: Guid(6368891d8ba444c4d921e82f2727da3e) Importer(2089858483,192608db42251d675da83286b1cce702)
Start importing Assets/Oculus/Interaction/Runtime/Scripts/Input/Hands/DataModifiers/OneEuroFilterRotationDataModifier.cs using Guid(6368891d8ba444c4d921e82f2727da3e) Importer(2089858483,192608db42251d675da83286b1cce702) (ScriptedImporter) -> (artifact id: 'a398b558d6f74300475c1dc1079ee93c') in 0.0123704 seconds
Number of updated asset objects reloaded before import = 0Number of asset objects unloaded after import = 0

========================================================================
Received Import Request.
  Time since last request: 0.000012 seconds.
  path: Assets/Oculus/Interaction/Samples/Objects/Props/Torch/Materials/torchMaterial.fbx
  artifactKey: Guid(134e9118804c640d1b832467ae5e0213) Importer(2089858483,192608db42251d675da83286b1cce702)
Start importing Assets/Oculus/Interaction/Samples/Objects/Props/Torch/Materials/torchMaterial.fbx using Guid(134e9118804c640d1b832467ae5e0213) Importer(2089858483,192608db42251d675da83286b1cce702) (ScriptedImporter) -> (artifact id: '68d7afb314967a672bafefba17376965') in 0.0208496 seconds
Number of updated asset objects reloaded before import = 0Number of asset objects unloaded after import = 10

========================================================================
Received Import Request.
  Time since last request: 0.000013 seconds.
  path: Assets/Oculus/Voice/Scripts/Runtime/Bindings/Android/VoiceSDKImplRequest.cs
  artifactKey: Guid(1f1f000e2fa84594da030e8e2d0b9c3b) Importer(2089858483,192608db42251d675da83286b1cce702)
Start importing Assets/Oculus/Voice/Scripts/Runtime/Bindings/Android/VoiceSDKImplRequest.cs using Guid(1f1f000e2fa84594da030e8e2d0b9c3b) Importer(2089858483,192608db42251d675da83286b1cce702) (ScriptedImporter) -> (artifact id: '6a1ee7cc5b1786c08c365e346f0bbf5f') in 0.013817 seconds
Number of updated asset objects reloaded before import = 0Number of asset objects unloaded after import = 0

========================================================================
Received Import Request.
  Time since last request: 0.000020 seconds.
  path: Assets/Oculus/Voice/Lib/Wit.ai/Lib/Conduit/Runtime/ConduitDispatcher.cs
  artifactKey: Guid(b327d23147b4341479d1bb7afece1b60) Importer(2089858483,192608db42251d675da83286b1cce702)
Start importing Assets/Oculus/Voice/Lib/Wit.ai/Lib/Conduit/Runtime/ConduitDispatcher.cs using Guid(b327d23147b4341479d1bb7afece1b60) Importer(2089858483,192608db42251d675da83286b1cce702) (ScriptedImporter) -> (artifact id: '485b7178a5473bed4ee1c716adec5e44') in 0.0136056 seconds
Number of updated asset objects reloaded before import = 0Number of asset objects unloaded after import = 0

========================================================================
Received Import Request.
  Time since last request: 0.000024 seconds.
  path: Assets/Oculus/Voice/Lib/Wit.ai/Scripts/Runtime/ResponseManager/MatchIntentRegistry.cs
  artifactKey: Guid(13db0e8ded83f5241a7cdd13a99dab62) Importer(2089858483,192608db42251d675da83286b1cce702)
Start importing Assets/Oculus/Voice/Lib/Wit.ai/Scripts/Runtime/ResponseManager/MatchIntentRegistry.cs using Guid(13db0e8ded83f5241a7cdd13a99dab62) Importer(2089858483,192608db42251d675da83286b1cce702) (ScriptedImporter) -> (artifact id: 'eeab190108de7cb199fb48221e1719fa') in 0.0116449 seconds
Number of updated asset objects reloaded before import = 0Number of asset objects unloaded after import = 0

========================================================================
Received Import Request.
  Time since last request: 0.000014 seconds.
  path: Assets/Oculus/VR/Editor/BuildingBlocks/BlockData/VirtualKeyboard/Scripts/VirtualKeyboardBlockData.cs
  artifactKey: Guid(e75160a1bbe3a6945aac30180acc8570) Importer(2089858483,192608db42251d675da83286b1cce702)
Start importing Assets/Oculus/VR/Editor/BuildingBlocks/BlockData/VirtualKeyboard/Scripts/VirtualKeyboardBlockData.cs using Guid(e75160a1bbe3a6945aac30180acc8570) Importer(2089858483,192608db42251d675da83286b1cce702) (ScriptedImporter) -> (artifact id: 'ce0573265073b21516394900faf8d4cd') in 0.0126425 seconds
Number of updated asset objects reloaded before import = 0Number of asset objects unloaded after import = 0

========================================================================
Received Import Request.
  Time since last request: 0.000015 seconds.
  path: Assets/Oculus/Voice/Lib/Wit.ai/Scripts/Runtime/Lib/MicBase.cs
  artifactKey: Guid(7bd8bce5429841443a757f40b7da2407) Importer(2089858483,192608db42251d675da83286b1cce702)
Start importing Assets/Oculus/Voice/Lib/Wit.ai/Scripts/Runtime/Lib/MicBase.cs using Guid(7bd8bce5429841443a757f40b7da2407) Importer(2089858483,192608db42251d675da83286b1cce702) (ScriptedImporter) -> (artifact id: '0d31816b90cc45d104647d91d5a7e563') in 0.016514 seconds
Number of updated asset objects reloaded before import = 0Number of asset objects unloaded after import = 0

========================================================================
Received Import Request.
  Time since last request: 0.000018 seconds.
  path: Assets/Oculus/VR/Editor/BuildingBlocks/BlockData/CameraRig/Prefabs/OVRCameraRig.prefab
  artifactKey: Guid(4b650a383c3760f449b65ff48bccdd5f) Importer(2089858483,192608db42251d675da83286b1cce702)
Start importing Assets/Oculus/VR/Editor/BuildingBlocks/BlockData/CameraRig/Prefabs/OVRCameraRig.prefab using Guid(4b650a383c3760f449b65ff48bccdd5f) Importer(2089858483,192608db42251d675da83286b1cce702) (ScriptedImporter) -> (artifact id: 'b27dc12c85399bf5831013dd33af034b') in 0.0246931 seconds
Number of updated asset objects reloaded before import = 0Number of asset objects unloaded after import = 29

========================================================================
Received Import Request.
  Time since last request: 0.000017 seconds.
  path: Assets/Oculus/Interaction/Runtime/Scripts/Interaction/Models/Locomotion/Turn/LocomotionTurnerInteractorVisual.cs
  artifactKey: Guid(5abce8b5d04ce6e41a9cf7505269389d) Importer(2089858483,192608db42251d675da83286b1cce702)
Start importing Assets/Oculus/Interaction/Runtime/Scripts/Interaction/Models/Locomotion/Turn/LocomotionTurnerInteractorVisual.cs using Guid(5abce8b5d04ce6e41a9cf7505269389d) Importer(2089858483,192608db42251d675da83286b1cce702) (ScriptedImporter) -> (artifact id: 'e02ca26f0d492808160980181945b393') in 0.0139533 seconds
Number of updated asset objects reloaded before import = 0Number of asset objects unloaded after import = 0

========================================================================
Received Import Request.
  Time since last request: 0.000014 seconds.
  path: Assets/Oculus/VR/Editor/BuildingBlocks/BlockData/SurfaceProjectedPassthrough/Textures/EdgeGlow.tga
  artifactKey: Guid(aca61ad7de8ecf6418a1aff310a1a5fa) Importer(2089858483,192608db42251d675da83286b1cce702)
Start importing Assets/Oculus/VR/Editor/BuildingBlocks/BlockData/SurfaceProjectedPassthrough/Textures/EdgeGlow.tga using Guid(aca61ad7de8ecf6418a1aff310a1a5fa) Importer(2089858483,192608db42251d675da83286b1cce702) (ScriptedImporter) -> (artifact id: '7fab6321c5db02261571b438681e4215') in 0.0191255 seconds
Number of updated asset objects reloaded before import = 0Number of asset objects unloaded after import = 1

========================================================================
Received Import Request.
  Time since last request: 0.000018 seconds.
  path: Assets/Oculus/Voice/Lib/Wit.ai/Scripts/Runtime/Utilities/CoroutineUtility.cs
  artifactKey: Guid(035128205ec689d418add9b65e3e21a7) Importer(2089858483,192608db42251d675da83286b1cce702)
Start importing Assets/Oculus/Voice/Lib/Wit.ai/Scripts/Runtime/Utilities/CoroutineUtility.cs using Guid(035128205ec689d418add9b65e3e21a7) Importer(2089858483,192608db42251d675da83286b1cce702) (ScriptedImporter) -> (artifact id: '0db426d16ca63d5a7a93a6cee2ff2bd2') in 0.013171 seconds
Number of updated asset objects reloaded before import = 0Number of asset objects unloaded after import = 0

========================================================================
Received Import Request.
  Time since last request: 0.000024 seconds.
  path: Assets/Oculus/Interaction/Runtime/Scripts/Interaction/Models/Locomotion/Turn/LocomotionAxisTurnerInteractor.cs
  artifactKey: Guid(331d7f91e4f2d20498cb8079638deeda) Importer(2089858483,192608db42251d675da83286b1cce702)
Start importing Assets/Oculus/Interaction/Runtime/Scripts/Interaction/Models/Locomotion/Turn/LocomotionAxisTurnerInteractor.cs using Guid(331d7f91e4f2d20498cb8079638deeda) Importer(2089858483,192608db42251d675da83286b1cce702) (ScriptedImporter) -> (artifact id: '59e00136d964bedf663e3a571f2fa20b') in 0.0132985 seconds
Number of updated asset objects reloaded before import = 0Number of asset objects unloaded after import = 0

========================================================================
Received Import Request.
  Time since last request: 0.000012 seconds.
  path: Assets/Oculus/Voice/Lib/Wit.ai/Scripts/Runtime/ResponseManager/MatchIntent.cs
  artifactKey: Guid(f071cbc42a68405a81505dcf44f5f114) Importer(2089858483,192608db42251d675da83286b1cce702)
Start importing Assets/Oculus/Voice/Lib/Wit.ai/Scripts/Runtime/ResponseManager/MatchIntent.cs using Guid(f071cbc42a68405a81505dcf44f5f114) Importer(2089858483,192608db42251d675da83286b1cce702) (ScriptedImporter) -> (artifact id: 'ffe6d04c63fd7b832bcae600ba19a3d7') in 0.014365 seconds
Number of updated asset objects reloaded before import = 0Number of asset objects unloaded after import = 0

========================================================================
Received Import Request.
  Time since last request: 0.000013 seconds.
  path: Assets/Oculus/SampleFramework/Usage/SharedAssets/Skyboxes/Sky_01/Skybox01.mat
  artifactKey: Guid(8314ffe855e0e45b0a2fdbbdfe2010ea) Importer(2089858483,192608db42251d675da83286b1cce702)
Start importing Assets/Oculus/SampleFramework/Usage/SharedAssets/Skyboxes/Sky_01/Skybox01.mat using Guid(8314ffe855e0e45b0a2fdbbdfe2010ea) Importer(2089858483,192608db42251d675da83286b1cce702) (ScriptedImporter) -> (artifact id: '3f70ef1974e2c2dc55e85e9c2cc585ad') in 0.0223397 seconds
Number of updated asset objects reloaded before import = 0Number of asset objects unloaded after import = 7

========================================================================
Received Import Request.
  Time since last request: 0.000017 seconds.
  path: Assets/Oculus/Interaction/Samples/Objects/Props/Plants/Materials/PlantSetMat.mat
  artifactKey: Guid(fdc83a2ac930c52459d99c82f0fefc80) Importer(2089858483,192608db42251d675da83286b1cce702)
Start importing Assets/Oculus/Interaction/Samples/Objects/Props/Plants/Materials/PlantSetMat.mat using Guid(fdc83a2ac930c52459d99c82f0fefc80) Importer(2089858483,192608db42251d675da83286b1cce702) (ScriptedImporter) -> (artifact id: 'e8ee8793c3e57866c13d37d28fdce761') in 0.021188 seconds
Number of updated asset objects reloaded before import = 0Number of asset objects unloaded after import = 4

========================================================================
Received Import Request.
  Time since last request: 0.000013 seconds.
  path: Assets/Oculus/Interaction/Runtime/Scripts/Interaction/Models/Poke/PokeInteractor.cs
  artifactKey: Guid(d952c175ec3c6554199fd744548ce50a) Importer(2089858483,192608db42251d675da83286b1cce702)
Start importing Assets/Oculus/Interaction/Runtime/Scripts/Interaction/Models/Poke/PokeInteractor.cs using Guid(d952c175ec3c6554199fd744548ce50a) Importer(2089858483,192608db42251d675da83286b1cce702) (ScriptedImporter) -> (artifact id: 'bb73e468e21cd83432239e9f4b777aa4') in 0.0127662 seconds
Number of updated asset objects reloaded before import = 0Number of asset objects unloaded after import = 0

========================================================================
Received Import Request.
  Time since last request: 0.000012 seconds.
  path: Assets/Oculus/Voice/Lib/Wit.ai/Scripts/Runtime/Events/WitRequestCreatedEvent.cs
  artifactKey: Guid(2134bc577e5e4ae2a9a3a1e37f1ac0dc) Importer(2089858483,192608db42251d675da83286b1cce702)
Start importing Assets/Oculus/Voice/Lib/Wit.ai/Scripts/Runtime/Events/WitRequestCreatedEvent.cs using Guid(2134bc577e5e4ae2a9a3a1e37f1ac0dc) Importer(2089858483,192608db42251d675da83286b1cce702) (ScriptedImporter) -> (artifact id: 'bca9315e3b1f8652c8df7388c24f9215') in 0.0130732 seconds
Number of updated asset objects reloaded before import = 0Number of asset objects unloaded after import = 0

========================================================================
Received Import Request.
  Time since last request: 0.000015 seconds.
  path: Assets/Oculus/Voice/Lib/Wit.ai/Scripts/Editor/Utility/WitUnderstandingViewerServiceApiFactory.cs
  artifactKey: Guid(fcd6b77ae500a7b43923e35d15cc5144) Importer(2089858483,192608db42251d675da83286b1cce702)
Start importing Assets/Oculus/Voice/Lib/Wit.ai/Scripts/Editor/Utility/WitUnderstandingViewerServiceApiFactory.cs using Guid(fcd6b77ae500a7b43923e35d15cc5144) Importer(2089858483,192608db42251d675da83286b1cce702) (ScriptedImporter) -> (artifact id: '0fed6b32b1705169aa1bb8932dbde296') in 0.0125009 seconds
Number of updated asset objects reloaded before import = 0Number of asset objects unloaded after import = 0

========================================================================
Received Import Request.
  Time since last request: 0.000020 seconds.
  path: Assets/Oculus/Voice/Lib/Wit.ai/Lib/Wit/Editor/WitAppInfoUtility.cs
  artifactKey: Guid(31b589f2a7416964181f2bcd25162a9d) Importer(2089858483,192608db42251d675da83286b1cce702)
Start importing Assets/Oculus/Voice/Lib/Wit.ai/Lib/Wit/Editor/WitAppInfoUtility.cs using Guid(31b589f2a7416964181f2bcd25162a9d) Importer(2089858483,192608db42251d675da83286b1cce702) (ScriptedImporter) -> (artifact id: '30932d17afd56c5c10e0802f26020a38') in 0.0143595 seconds
Number of updated asset objects reloaded before import = 0Number of asset objects unloaded after import = 0

========================================================================
Received Import Request.
  Time since last request: 0.000012 seconds.
  path: Assets/Oculus/Interaction/Samples/Objects/Environment/Locomotion/Models/BackgroundSkydome.fbx
  artifactKey: Guid(34b453e4d1fa5034abe065de8ae813ef) Importer(2089858483,192608db42251d675da83286b1cce702)
Start importing Assets/Oculus/Interaction/Samples/Objects/Environment/Locomotion/Models/BackgroundSkydome.fbx using Guid(34b453e4d1fa5034abe065de8ae813ef) Importer(2089858483,192608db42251d675da83286b1cce702) (ScriptedImporter) -> (artifact id: 'b42c942afeeb243780a92338d4b6b0b9') in 0.0192899 seconds
Number of updated asset objects reloaded before import = 0Number of asset objects unloaded after import = 8

========================================================================
Received Import Request.
  Time since last request: 0.000011 seconds.
  path: Assets/Oculus/Voice/Lib/Wit.ai/Scripts/Runtime/Events/WitByteDataEvent.cs
  artifactKey: Guid(f9f9db5737a746f19c8b874380099f09) Importer(2089858483,192608db42251d675da83286b1cce702)
Start importing Assets/Oculus/Voice/Lib/Wit.ai/Scripts/Runtime/Events/WitByteDataEvent.cs using Guid(f9f9db5737a746f19c8b874380099f09) Importer(2089858483,192608db42251d675da83286b1cce702) (ScriptedImporter) -> (artifact id: 'dee0ce806585b144f519170c19b25f2e') in 0.0200533 seconds
Number of updated asset objects reloaded before import = 0Number of asset objects unloaded after import = 0

========================================================================
Received Import Request.
  Time since last request: 0.000017 seconds.
  path: Assets/Oculus/Interaction/Samples/Objects/Environment/Tooltips/NearSwipe/SwipeInstructions.renderTexture
  artifactKey: Guid(35d66362d6f77134c925c9306218643e) Importer(2089858483,192608db42251d675da83286b1cce702)
Start importing Assets/Oculus/Interaction/Samples/Objects/Environment/Tooltips/NearSwipe/SwipeInstructions.renderTexture using Guid(35d66362d6f77134c925c9306218643e) Importer(2089858483,192608db42251d675da83286b1cce702) (ScriptedImporter) -> (artifact id: 'fe114b2a56dd91858006efac975eb48a') in 0.0179586 seconds
Number of updated asset objects reloaded before import = 0Number of asset objects unloaded after import = 1

========================================================================
Received Import Request.
  Time since last request: 0.000017 seconds.
  path: Assets/Oculus/Interaction/Runtime/Scripts/Interaction/Visuals/BecomeChildOfTargetOnStart.cs
  artifactKey: Guid(a773a7a8fb168d44d83a701163743578) Importer(2089858483,192608db42251d675da83286b1cce702)
Start importing Assets/Oculus/Interaction/Runtime/Scripts/Interaction/Visuals/BecomeChildOfTargetOnStart.cs using Guid(a773a7a8fb168d44d83a701163743578) Importer(2089858483,192608db42251d675da83286b1cce702) (ScriptedImporter) -> (artifact id: '09372532c2654d8beb24153b7abd1d2c') in 0.0165996 seconds
Number of updated asset objects reloaded before import = 0Number of asset objects unloaded after import = 0

========================================================================
Received Import Request.
  Time since last request: 0.000069 seconds.
  path: Assets/Oculus/Voice/Lib/Wit.ai/Scripts/Runtime/WitRequestFactory.cs
  artifactKey: Guid(7a8e8cc89a798e94d9d5d98cd0ed924f) Importer(2089858483,192608db42251d675da83286b1cce702)
Start importing Assets/Oculus/Voice/Lib/Wit.ai/Scripts/Runtime/WitRequestFactory.cs using Guid(7a8e8cc89a798e94d9d5d98cd0ed924f) Importer(2089858483,192608db42251d675da83286b1cce702) (ScriptedImporter) -> (artifact id: '9a3102f3e091bbbd31e7c95d5497be8b') in 0.0185946 seconds
Number of updated asset objects reloaded before import = 0Number of asset objects unloaded after import = 0

========================================================================
Received Import Request.
  Time since last request: 0.000023 seconds.
  path: Assets/Oculus/Interaction/Runtime/Scripts/Interaction/Models/Locomotion/Teleport/TeleportArcGravity.cs
  artifactKey: Guid(c62aefa44f5a8614bb49c5b2a6caaff0) Importer(2089858483,192608db42251d675da83286b1cce702)
Start importing Assets/Oculus/Interaction/Runtime/Scripts/Interaction/Models/Locomotion/Teleport/TeleportArcGravity.cs using Guid(c62aefa44f5a8614bb49c5b2a6caaff0) Importer(2089858483,192608db42251d675da83286b1cce702) (ScriptedImporter) -> (artifact id: '069a80a9ee6b9c408ec13861f1281b46') in 0.01622 seconds
Number of updated asset objects reloaded before import = 0Number of asset objects unloaded after import = 0

========================================================================
Received Import Request.
  Time since last request: 0.000017 seconds.
  path: Assets/Oculus/Interaction/Samples/Objects/Props/Torch/Particles/Materials/Flame.mat
  artifactKey: Guid(3e65fe499b776f247904d42c1a65d082) Importer(2089858483,192608db42251d675da83286b1cce702)
Start importing Assets/Oculus/Interaction/Samples/Objects/Props/Torch/Particles/Materials/Flame.mat using Guid(3e65fe499b776f247904d42c1a65d082) Importer(2089858483,192608db42251d675da83286b1cce702) (ScriptedImporter) -> (artifact id: '0409097b6fc0e467d6df67f92f188f9f') in 0.0146493 seconds
Number of updated asset objects reloaded before import = 0Number of asset objects unloaded after import = 2

========================================================================
Received Import Request.
  Time since last request: 0.000013 seconds.
  path: Assets/Oculus/Interaction/Runtime/Scripts/Interaction/Models/Ray/Visuals/RayInteractorCursorVisual.cs
  artifactKey: Guid(8c187a71eebf18441816c16087a51cb6) Importer(2089858483,192608db42251d675da83286b1cce702)
Start importing Assets/Oculus/Interaction/Runtime/Scripts/Interaction/Models/Ray/Visuals/RayInteractorCursorVisual.cs using Guid(8c187a71eebf18441816c16087a51cb6) Importer(2089858483,192608db42251d675da83286b1cce702) (ScriptedImporter) -> (artifact id: 'd71d12236051ad4e9ecf653054b5ba12') in 0.0134261 seconds
Number of updated asset objects reloaded before import = 0Number of asset objects unloaded after import = 0

========================================================================
Received Import Request.
  Time since last request: 0.000014 seconds.
  path: Assets/Oculus/Interaction/Samples/Objects/Props/BigRedButton/Textures/Podium/Podium_Normal.png
  artifactKey: Guid(93cef7b123baace49a4508c4b6f2cec3) Importer(2089858483,192608db42251d675da83286b1cce702)
Start importing Assets/Oculus/Interaction/Samples/Objects/Props/BigRedButton/Textures/Podium/Podium_Normal.png using Guid(93cef7b123baace49a4508c4b6f2cec3) Importer(2089858483,192608db42251d675da83286b1cce702) (ScriptedImporter) -> (artifact id: '47454ad202b6cef5a8cfc32b5458552d') in 0.0170286 seconds
Number of updated asset objects reloaded before import = 0Number of asset objects unloaded after import = 1

========================================================================
Received Import Request.
  Time since last request: 0.000016 seconds.
  path: Assets/Oculus/Voice/Features/Dictation/Scripts/Runtime/Bindings/Android/PlatformDictationSDKBinding.cs
  artifactKey: Guid(41af6918ebf13234e857ebfc290db6ec) Importer(2089858483,192608db42251d675da83286b1cce702)
Start importing Assets/Oculus/Voice/Features/Dictation/Scripts/Runtime/Bindings/Android/PlatformDictationSDKBinding.cs using Guid(41af6918ebf13234e857ebfc290db6ec) Importer(2089858483,192608db42251d675da83286b1cce702) (ScriptedImporter) -> (artifact id: '9079858a552a543bbe01d2a3b02e7ac1') in 0.0166825 seconds
Number of updated asset objects reloaded before import = 0Number of asset objects unloaded after import = 0

========================================================================
Received Import Request.
  Time since last request: 0.000015 seconds.
  path: Assets/Oculus/Interaction/Samples/Objects/Environment/Locomotion/Models/Materials/LocomotionWaterMat.fbx
  artifactKey: Guid(bc66c719ba9d54f3db3d05d3f1863cb8) Importer(2089858483,192608db42251d675da83286b1cce702)
Start importing Assets/Oculus/Interaction/Samples/Objects/Environment/Locomotion/Models/Materials/LocomotionWaterMat.fbx using Guid(bc66c719ba9d54f3db3d05d3f1863cb8) Importer(2089858483,192608db42251d675da83286b1cce702) (ScriptedImporter) -> (artifact id: '1656ab94ac07281d336ae3db7623309e') in 0.0241531 seconds
Number of updated asset objects reloaded before import = 0Number of asset objects unloaded after import = 9

========================================================================
Received Import Request.
  Time since last request: 0.000017 seconds.
  path: Assets/Oculus/Voice/Lib/Wit.ai/Scripts/Runtime/Events/WitErrorEvent.cs
  artifactKey: Guid(8a3a49a4b636e7e4d937f923f434789a) Importer(2089858483,192608db42251d675da83286b1cce702)
Start importing Assets/Oculus/Voice/Lib/Wit.ai/Scripts/Runtime/Events/WitErrorEvent.cs using Guid(8a3a49a4b636e7e4d937f923f434789a) Importer(2089858483,192608db42251d675da83286b1cce702) (ScriptedImporter) -> (artifact id: '7a2036f0d9d1144ce30e452193c0933b') in 0.0170487 seconds
Number of updated asset objects reloaded before import = 0Number of asset objects unloaded after import = 0

========================================================================
Received Import Request.
  Time since last request: 0.000028 seconds.
  path: Assets/Oculus/SampleFramework/Core/HandsInteraction/Scripts/Tools/InteractableToolView.cs
  artifactKey: Guid(4527e0b0689eb704d84933513d5b5dd3) Importer(2089858483,192608db42251d675da83286b1cce702)
Start importing Assets/Oculus/SampleFramework/Core/HandsInteraction/Scripts/Tools/InteractableToolView.cs using Guid(4527e0b0689eb704d84933513d5b5dd3) Importer(2089858483,192608db42251d675da83286b1cce702) (ScriptedImporter) -> (artifact id: '54e6f33be34a8005cd6b06bee98c853f') in 0.0168499 seconds
Number of updated asset objects reloaded before import = 0Number of asset objects unloaded after import = 0

========================================================================
Received Import Request.
  Time since last request: 0.000020 seconds.
  path: Assets/Oculus/Interaction/Runtime/Scripts/Interaction/Models/Locomotion/Teleport/ArcRangeModifier.cs
  artifactKey: Guid(0afe1c7f0fa0e244fa775bb8ae92a772) Importer(2089858483,192608db42251d675da83286b1cce702)
Start importing Assets/Oculus/Interaction/Runtime/Scripts/Interaction/Models/Locomotion/Teleport/ArcRangeModifier.cs using Guid(0afe1c7f0fa0e244fa775bb8ae92a772) Importer(2089858483,192608db42251d675da83286b1cce702) (ScriptedImporter) -> (artifact id: 'faf2f6e239659d8e353382e1e95b4fd2') in 0.0164039 seconds
Number of updated asset objects reloaded before import = 0Number of asset objects unloaded after import = 0

========================================================================
Received Import Request.
  Time since last request: 0.000019 seconds.
  path: Assets/Oculus/Interaction/Samples/Objects/Props/BigRedButton/Textures/Podium/Podium_AlbedoTransparency.png
  artifactKey: Guid(b9144ea4006475045917ff432df651ff) Importer(2089858483,192608db42251d675da83286b1cce702)
Start importing Assets/Oculus/Interaction/Samples/Objects/Props/BigRedButton/Textures/Podium/Podium_AlbedoTransparency.png using Guid(b9144ea4006475045917ff432df651ff) Importer(2089858483,192608db42251d675da83286b1cce702) (ScriptedImporter) -> (artifact id: '42ff57c40f2a5f0779dc47e6d0be583a') in 0.0205711 seconds
Number of updated asset objects reloaded before import = 0Number of asset objects unloaded after import = 1

========================================================================
Received Import Request.
  Time since last request: 0.000016 seconds.
  path: Assets/Oculus/SampleFramework/Usage/HandsTrainExample/Scripts/Utils/Pose.cs
  artifactKey: Guid(985a678dde6384652ad328432133e05c) Importer(2089858483,192608db42251d675da83286b1cce702)
Start importing Assets/Oculus/SampleFramework/Usage/HandsTrainExample/Scripts/Utils/Pose.cs using Guid(985a678dde6384652ad328432133e05c) Importer(2089858483,192608db42251d675da83286b1cce702) (ScriptedImporter) -> (artifact id: 'dfb4c9fbbf763b651d0e0dd4680f090c') in 0.0150625 seconds
Number of updated asset objects reloaded before import = 0Number of asset objects unloaded after import = 0

========================================================================
Received Import Request.
  Time since last request: 0.000015 seconds.
  path: Assets/Oculus/Voice/Features/Dictation/Scripts/Editor/VoiceSDK.Dictation.Editor.asmdef
  artifactKey: Guid(fb043033254d90e46b4abaa2879909ea) Importer(2089858483,192608db42251d675da83286b1cce702)
Start importing Assets/Oculus/Voice/Features/Dictation/Scripts/Editor/VoiceSDK.Dictation.Editor.asmdef using Guid(fb043033254d90e46b4abaa2879909ea) Importer(2089858483,192608db42251d675da83286b1cce702) (ScriptedImporter) -> (artifact id: '4d3ddf900eda0fa24bd4960247334a78') in 0.0156744 seconds
Number of updated asset objects reloaded before import = 0Number of asset objects unloaded after import = 1

========================================================================
Received Import Request.
  Time since last request: 0.000023 seconds.
  path: Assets/Oculus/Interaction/Samples/Objects/Props/Torch/Models/torchMesh.fbx
  artifactKey: Guid(86c5355f00f45cb48aa6f9a054262758) Importer(2089858483,192608db42251d675da83286b1cce702)
Start importing Assets/Oculus/Interaction/Samples/Objects/Props/Torch/Models/torchMesh.fbx using Guid(86c5355f00f45cb48aa6f9a054262758) Importer(2089858483,192608db42251d675da83286b1cce702) (ScriptedImporter) -> (artifact id: '89cfa7351bf17971097bf6d484e47e61') in 0.0218295 seconds
Number of updated asset objects reloaded before import = 0Number of asset objects unloaded after import = 7

========================================================================
Received Import Request.
  Time since last request: 0.000025 seconds.
  path: Assets/Oculus/SampleFramework/Usage/TouchPro/Prefabs/Ui/UiPanelPf.prefab
  artifactKey: Guid(15968ea8ca93ff345bc914f1f3e78225) Importer(2089858483,192608db42251d675da83286b1cce702)
Start importing Assets/Oculus/SampleFramework/Usage/TouchPro/Prefabs/Ui/UiPanelPf.prefab using Guid(15968ea8ca93ff345bc914f1f3e78225) Importer(2089858483,192608db42251d675da83286b1cce702) (ScriptedImporter) -> (artifact id: 'e092c87c25b507f26dc7f18c37beb5f2') in 0.0176283 seconds
Number of updated asset objects reloaded before import = 0Number of asset objects unloaded after import = 22

========================================================================
Received Import Request.
  Time since last request: 0.000013 seconds.
  path: Assets/Oculus/Interaction/Runtime/Scripts/Unity/UnityCanvas/CanvasRenderTexture.cs
  artifactKey: Guid(b7ecff74e52843a41ab3a441ac81379e) Importer(2089858483,192608db42251d675da83286b1cce702)
Start importing Assets/Oculus/Interaction/Runtime/Scripts/Unity/UnityCanvas/CanvasRenderTexture.cs using Guid(b7ecff74e52843a41ab3a441ac81379e) Importer(2089858483,192608db42251d675da83286b1cce702) (ScriptedImporter) -> (artifact id: '5ebef610411e7b51448748a0f5946f50') in 0.0169181 seconds
Number of updated asset objects reloaded before import = 0Number of asset objects unloaded after import = 0

========================================================================
Received Import Request.
  Time since last request: 0.000026 seconds.
  path: Assets/Oculus/Interaction/Samples/Objects/Props/Mug/Materials/mugMaterial.fbx
  artifactKey: Guid(3d497e3a0ce074b3cb67c627fe6e1cc7) Importer(2089858483,192608db42251d675da83286b1cce702)
Start importing Assets/Oculus/Interaction/Samples/Objects/Props/Mug/Materials/mugMaterial.fbx using Guid(3d497e3a0ce074b3cb67c627fe6e1cc7) Importer(2089858483,192608db42251d675da83286b1cce702) (ScriptedImporter) -> (artifact id: '3234192ecd4269a4c50f1236b3454c3e') in 0.0192804 seconds
Number of updated asset objects reloaded before import = 0Number of asset objects unloaded after import = 9

========================================================================
Received Import Request.
  Time since last request: 0.000013 seconds.
  path: Assets/Oculus/Interaction/Runtime/Scripts/Interaction/Models/HandGrab/IHandGrabState.cs
  artifactKey: Guid(2b03f0442bba98f4d99df1f95e1488a5) Importer(2089858483,192608db42251d675da83286b1cce702)
Start importing Assets/Oculus/Interaction/Runtime/Scripts/Interaction/Models/HandGrab/IHandGrabState.cs using Guid(2b03f0442bba98f4d99df1f95e1488a5) Importer(2089858483,192608db42251d675da83286b1cce702) (ScriptedImporter) -> (artifact id: '8ed6bbb51bc4f9e42cae618ed0ff226d') in 0.0121554 seconds
Number of updated asset objects reloaded before import = 0Number of asset objects unloaded after import = 0

========================================================================
Received Import Request.
  Time since last request: 0.000015 seconds.
  path: Assets/Oculus/VR/Editor/BuildingBlocks/BlockData/HandTracking/HandTracking.asset
  artifactKey: Guid(d5f88f354e8735b4eb8fe8e0e7d5d278) Importer(2089858483,192608db42251d675da83286b1cce702)
Start importing Assets/Oculus/VR/Editor/BuildingBlocks/BlockData/HandTracking/HandTracking.asset using Guid(d5f88f354e8735b4eb8fe8e0e7d5d278) Importer(2089858483,192608db42251d675da83286b1cce702) (ScriptedImporter) -> (artifact id: 'b47f63c84eb406cb91be5fcdb358cae7') in 0.0192668 seconds
Number of updated asset objects reloaded before import = 0Number of asset objects unloaded after import = 14

========================================================================
Received Import Request.
  Time since last request: 0.000014 seconds.
  path: Assets/Oculus/Voice/Lib/Wit.ai/Lib/Conduit/Runtime/Data/ManifestEntity.cs
  artifactKey: Guid(ea098bdc32c15f84d8e2e7081d164579) Importer(2089858483,192608db42251d675da83286b1cce702)
Start importing Assets/Oculus/Voice/Lib/Wit.ai/Lib/Conduit/Runtime/Data/ManifestEntity.cs using Guid(ea098bdc32c15f84d8e2e7081d164579) Importer(2089858483,192608db42251d675da83286b1cce702) (ScriptedImporter) -> (artifact id: 'f0c642ced40f487cd8daee66dbd9b81b') in 0.0149776 seconds
Number of updated asset objects reloaded before import = 0Number of asset objects unloaded after import = 0

========================================================================
Received Import Request.
  Time since last request: 0.000026 seconds.
  path: Assets/Oculus/Voice/Lib/Wit.ai/Lib/Wit/Runtime/Data/SimulatedResponse.cs
  artifactKey: Guid(2760ac95d5db4662b1923f3a8ab4c61d) Importer(2089858483,192608db42251d675da83286b1cce702)
Start importing Assets/Oculus/Voice/Lib/Wit.ai/Lib/Wit/Runtime/Data/SimulatedResponse.cs using Guid(2760ac95d5db4662b1923f3a8ab4c61d) Importer(2089858483,192608db42251d675da83286b1cce702) (ScriptedImporter) -> (artifact id: 'ffbd34f1c250ec8a4ba3c20d76906de9') in 0.0133877 seconds
Number of updated asset objects reloaded before import = 0Number of asset objects unloaded after import = 0

========================================================================
Received Import Request.
  Time since last request: 0.000012 seconds.
  path: Assets/Oculus/Voice/Lib/Wit.ai/Lib/Conduit/Editor/Training/IProcessStep.cs
  artifactKey: Guid(66566fb53fc4428299c03dd0563d4ab4) Importer(2089858483,192608db42251d675da83286b1cce702)
Start importing Assets/Oculus/Voice/Lib/Wit.ai/Lib/Conduit/Editor/Training/IProcessStep.cs using Guid(66566fb53fc4428299c03dd0563d4ab4) Importer(2089858483,192608db42251d675da83286b1cce702) (ScriptedImporter) -> (artifact id: '99d2d2998636ae9266488bbf1ece221c') in 0.0124856 seconds
Number of updated asset objects reloaded before import = 0Number of asset objects unloaded after import = 0

========================================================================
Received Import Request.
  Time since last request: 0.000012 seconds.
  path: Assets/Oculus/Voice/Lib/Wit.ai/Lib/Conduit/Editor/Training/TrainUtterances.cs
  artifactKey: Guid(e9472fadade3498f99ac09ff55817d41) Importer(2089858483,192608db42251d675da83286b1cce702)
Start importing Assets/Oculus/Voice/Lib/Wit.ai/Lib/Conduit/Editor/Training/TrainUtterances.cs using Guid(e9472fadade3498f99ac09ff55817d41) Importer(2089858483,192608db42251d675da83286b1cce702) (ScriptedImporter) -> (artifact id: 'cd705d23d00a720d9a0b62e5a7290b50') in 0.0145981 seconds
Number of updated asset objects reloaded before import = 0Number of asset objects unloaded after import = 0

========================================================================
Received Import Request.
  Time since last request: 0.000012 seconds.
  path: Assets/Oculus/Voice/Lib/Wit.ai/Lib/Wit/Runtime/Json/IJsonSerializer.cs
  artifactKey: Guid(032f79fd9ca8fad469c34309dc1a67ec) Importer(2089858483,192608db42251d675da83286b1cce702)
Start importing Assets/Oculus/Voice/Lib/Wit.ai/Lib/Wit/Runtime/Json/IJsonSerializer.cs using Guid(032f79fd9ca8fad469c34309dc1a67ec) Importer(2089858483,192608db42251d675da83286b1cce702) (ScriptedImporter) -> (artifact id: '0d7ed4a9dfd43ea1b6a4da08377519f8') in 0.0126375 seconds
Number of updated asset objects reloaded before import = 0Number of asset objects unloaded after import = 0

========================================================================
Received Import Request.
  Time since last request: 0.000012 seconds.
  path: Assets/Oculus/Voice/Lib/Wit.ai/Lib/Conduit/Runtime/Data/ManifestLoader.cs
  artifactKey: Guid(8b5f070f9e49f224ea528320b4e2b82f) Importer(2089858483,192608db42251d675da83286b1cce702)
Start importing Assets/Oculus/Voice/Lib/Wit.ai/Lib/Conduit/Runtime/Data/ManifestLoader.cs using Guid(8b5f070f9e49f224ea528320b4e2b82f) Importer(2089858483,192608db42251d675da83286b1cce702) (ScriptedImporter) -> (artifact id: '887ed5b953c3740a3ca4fc0821b2dbc4') in 0.0123187 seconds
Number of updated asset objects reloaded before import = 0Number of asset objects unloaded after import = 0

========================================================================
Received Import Request.
  Time since last request: 0.000012 seconds.
  path: Assets/Oculus/Interaction/Samples/Objects/Environment/Screen/Materials/FrameMaterial.fbx
  artifactKey: Guid(0149d0c06fc814c9abda2f5a244f6d81) Importer(2089858483,192608db42251d675da83286b1cce702)
Start importing Assets/Oculus/Interaction/Samples/Objects/Environment/Screen/Materials/FrameMaterial.fbx using Guid(0149d0c06fc814c9abda2f5a244f6d81) Importer(2089858483,192608db42251d675da83286b1cce702) (ScriptedImporter) -> (artifact id: '6936d78856e1f23f67e6fd907328ad11') in 0.019747 seconds
Number of updated asset objects reloaded before import = 0Number of asset objects unloaded after import = 9

========================================================================
Received Import Request.
  Time since last request: 0.000013 seconds.
  path: Assets/Oculus/Voice/Lib/Wit.ai/Lib/Conduit/Runtime/IParameterProvider.cs
  artifactKey: Guid(aa4de97ef2a04cddada072fd4034a494) Importer(2089858483,192608db42251d675da83286b1cce702)
Start importing Assets/Oculus/Voice/Lib/Wit.ai/Lib/Conduit/Runtime/IParameterProvider.cs using Guid(aa4de97ef2a04cddada072fd4034a494) Importer(2089858483,192608db42251d675da83286b1cce702) (ScriptedImporter) -> (artifact id: '5a8708e1ee2b7f9d3300db36a78caef5') in 0.0132979 seconds
Number of updated asset objects reloaded before import = 0Number of asset objects unloaded after import = 0

========================================================================
Received Import Request.
  Time since last request: 0.000022 seconds.
  path: Assets/Oculus/Voice/Lib/Wit.ai/Scripts/Runtime/Utilities/AudioClipAudioSource.cs
  artifactKey: Guid(4b79645f07e0044b397f62aa9d6cbce7) Importer(2089858483,192608db42251d675da83286b1cce702)
Start importing Assets/Oculus/Voice/Lib/Wit.ai/Scripts/Runtime/Utilities/AudioClipAudioSource.cs using Guid(4b79645f07e0044b397f62aa9d6cbce7) Importer(2089858483,192608db42251d675da83286b1cce702) (ScriptedImporter) -> (artifact id: 'f65781f6538aff2f5878d06c272d58e8') in 0.0161366 seconds
Number of updated asset objects reloaded before import = 0Number of asset objects unloaded after import = 0

========================================================================
Received Import Request.
  Time since last request: 0.000023 seconds.
  path: Assets/Oculus/Interaction/OVRIntegration/Editor/Blocks/InteractableItems/Prefabs/[BB] Grabbable Cube.prefab
  artifactKey: Guid(5cff07deb8a11467d99f87d7fc969bdd) Importer(2089858483,192608db42251d675da83286b1cce702)
Start importing Assets/Oculus/Interaction/OVRIntegration/Editor/Blocks/InteractableItems/Prefabs/[BB] Grabbable Cube.prefab using Guid(5cff07deb8a11467d99f87d7fc969bdd) Importer(2089858483,192608db42251d675da83286b1cce702) (ScriptedImporter) -> (artifact id: '1d06ffacfd089b22373c7ccfcddc3d03') in 0.0333842 seconds
Number of updated asset objects reloaded before import = 0Number of asset objects unloaded after import = 10

========================================================================
Received Import Request.
  Time since last request: 0.000013 seconds.
  path: Assets/Oculus/Interaction/Runtime/Scripts/Unity/UnityCanvas/UpdateCanvasSortingOrder.cs
  artifactKey: Guid(f40996cdf2361b8478af26d6e2630d42) Importer(2089858483,192608db42251d675da83286b1cce702)
Start importing Assets/Oculus/Interaction/Runtime/Scripts/Unity/UnityCanvas/UpdateCanvasSortingOrder.cs using Guid(f40996cdf2361b8478af26d6e2630d42) Importer(2089858483,192608db42251d675da83286b1cce702) (ScriptedImporter) -> (artifact id: 'c159640a7c896a2d19b4abf1dd03d774') in 0.0125441 seconds
Number of updated asset objects reloaded before import = 0Number of asset objects unloaded after import = 0

========================================================================
Received Import Request.
  Time since last request: 0.000013 seconds.
  path: Assets/Oculus/Voice/Lib/Wit.ai/Scripts/Runtime/CallbackHandlers/WitUtteranceMatcher.cs
  artifactKey: Guid(d0a93535f06eabe47bf93b4b504873c8) Importer(2089858483,192608db42251d675da83286b1cce702)
Start importing Assets/Oculus/Voice/Lib/Wit.ai/Scripts/Runtime/CallbackHandlers/WitUtteranceMatcher.cs using Guid(d0a93535f06eabe47bf93b4b504873c8) Importer(2089858483,192608db42251d675da83286b1cce702) (ScriptedImporter) -> (artifact id: '8c944145e9e3429c4aec16b34a13a50b') in 0.0132233 seconds
Number of updated asset objects reloaded before import = 0Number of asset objects unloaded after import = 0

========================================================================
Received Import Request.
  Time since last request: 0.000012 seconds.
  path: Assets/Oculus/VR/Editor/BuildingBlocks/BlockData/VirtualKeyboard/Textures/bb_thumb_vk.png
  artifactKey: Guid(15e1416ddcf591f488b000099283e5b4) Importer(2089858483,192608db42251d675da83286b1cce702)
Start importing Assets/Oculus/VR/Editor/BuildingBlocks/BlockData/VirtualKeyboard/Textures/bb_thumb_vk.png using Guid(15e1416ddcf591f488b000099283e5b4) Importer(2089858483,192608db42251d675da83286b1cce702) (ScriptedImporter) -> (artifact id: '598ab48da7bc38f145d23f2844e70cd8') in 0.0176505 seconds
Number of updated asset objects reloaded before import = 0Number of asset objects unloaded after import = 1

========================================================================
Received Import Request.
  Time since last request: 0.000014 seconds.
  path: Assets/Oculus/Voice/Lib/PlatformCompatibility/Scripts/Editor/Utils/AssistantEditorUtils.cs
  artifactKey: Guid(91dbfa5ea168d9444aeca84e19716861) Importer(2089858483,192608db42251d675da83286b1cce702)
Start importing Assets/Oculus/Voice/Lib/PlatformCompatibility/Scripts/Editor/Utils/AssistantEditorUtils.cs using Guid(91dbfa5ea168d9444aeca84e19716861) Importer(2089858483,192608db42251d675da83286b1cce702) (ScriptedImporter) -> (artifact id: '5a1323b010e05035258d34c9f12ba933') in 0.0123808 seconds
Number of updated asset objects reloaded before import = 0Number of asset objects unloaded after import = 0

========================================================================
Received Import Request.
  Time since last request: 0.000021 seconds.
  path: Assets/Oculus/Interaction/Samples/Objects/Environment/Tooltips/DialogVideos/Instruction_Poke_Button.mp4
  artifactKey: Guid(17b4a7a6ecf9f014d883a8d6ed71b5fa) Importer(2089858483,192608db42251d675da83286b1cce702)
Start importing Assets/Oculus/Interaction/Samples/Objects/Environment/Tooltips/DialogVideos/Instruction_Poke_Button.mp4 using Guid(17b4a7a6ecf9f014d883a8d6ed71b5fa) Importer(2089858483,192608db42251d675da83286b1cce702) (ScriptedImporter) -> (artifact id: 'abc2d311946e7d71ddafac21258b3e1e') in 0.0124214 seconds
Number of updated asset objects reloaded before import = 0Number of asset objects unloaded after import = 1

========================================================================
Received Import Request.
  Time since last request: 0.000017 seconds.
  path: Assets/Oculus/Voice/Lib/Wit.ai/Scripts/Runtime/Events/WitMicLevelChangedEvent.cs
  artifactKey: Guid(533049bdcc7a20a41b6fc9f90b951fd0) Importer(2089858483,192608db42251d675da83286b1cce702)
Start importing Assets/Oculus/Voice/Lib/Wit.ai/Scripts/Runtime/Events/WitMicLevelChangedEvent.cs using Guid(533049bdcc7a20a41b6fc9f90b951fd0) Importer(2089858483,192608db42251d675da83286b1cce702) (ScriptedImporter) -> (artifact id: '465c4a4de38fe4b8d7aab2fdc7998f68') in 0.0127306 seconds
Number of updated asset objects reloaded before import = 0Number of asset objects unloaded after import = 0

========================================================================
Received Import Request.
  Time since last request: 0.000014 seconds.
  path: Assets/Oculus/SampleFramework/Core/TouchControllers/Materials/Textures/R_controller_DIF.TGA
  artifactKey: Guid(19fc42fe258be4f4fad36df2d831d6d7) Importer(2089858483,192608db42251d675da83286b1cce702)
Start importing Assets/Oculus/SampleFramework/Core/TouchControllers/Materials/Textures/R_controller_DIF.TGA using Guid(19fc42fe258be4f4fad36df2d831d6d7) Importer(2089858483,192608db42251d675da83286b1cce702) (ScriptedImporter) -> (artifact id: '7b5306cfa92b69b0714f28fc5e460617') in 0.0230756 seconds
Number of updated asset objects reloaded before import = 0Number of asset objects unloaded after import = 1

========================================================================
Received Import Request.
  Time since last request: 0.000013 seconds.
  path: Assets/Oculus/VR/Editor/BuildingBlocks/BlockData/SurfaceProjectedPassthrough/Prefabs/PassthroughOverlay.prefab
  artifactKey: Guid(80945f991abd10648af6af586ce357b5) Importer(2089858483,192608db42251d675da83286b1cce702)
Start importing Assets/Oculus/VR/Editor/BuildingBlocks/BlockData/SurfaceProjectedPassthrough/Prefabs/PassthroughOverlay.prefab using Guid(80945f991abd10648af6af586ce357b5) Importer(2089858483,192608db42251d675da83286b1cce702) (ScriptedImporter) -> (artifact id: '526eceb4a9be695a2dce32cbc8316f3d') in 0.0204592 seconds
Number of updated asset objects reloaded before import = 0Number of asset objects unloaded after import = 5

========================================================================
Received Import Request.
  Time since last request: 0.000013 seconds.
  path: Assets/Oculus/Voice/Lib/Wit.ai/Scripts/Editor/Windows/PropertyDrawers/WitIntentPropertyDrawer.cs
  artifactKey: Guid(6e059ab3b14996e4db36ec3fd7155e12) Importer(2089858483,192608db42251d675da83286b1cce702)
Start importing Assets/Oculus/Voice/Lib/Wit.ai/Scripts/Editor/Windows/PropertyDrawers/WitIntentPropertyDrawer.cs using Guid(6e059ab3b14996e4db36ec3fd7155e12) Importer(2089858483,192608db42251d675da83286b1cce702) (ScriptedImporter) -> (artifact id: '07646bd8115f770d5277ff2246a85529') in 0.0131198 seconds
Number of updated asset objects reloaded before import = 0Number of asset objects unloaded after import = 0

========================================================================
Received Import Request.
  Time since last request: 0.000015 seconds.
  path: Assets/Oculus/Interaction/Runtime/Scripts/Interaction/Models/Locomotion/Teleport/Visuals/TeleportProceduralArcVisual.cs
  artifactKey: Guid(9fa76bd9e9d3a34429b6c90d00678855) Importer(2089858483,192608db42251d675da83286b1cce702)
Start importing Assets/Oculus/Interaction/Runtime/Scripts/Interaction/Models/Locomotion/Teleport/Visuals/TeleportProceduralArcVisual.cs using Guid(9fa76bd9e9d3a34429b6c90d00678855) Importer(2089858483,192608db42251d675da83286b1cce702) (ScriptedImporter) -> (artifact id: '3b9514f59afbe31d83d0d5f1df0be2ce') in 0.0122841 seconds
Number of updated asset objects reloaded before import = 0Number of asset objects unloaded after import = 0

========================================================================
Received Import Request.
  Time since last request: 0.000014 seconds.
  path: Assets/Oculus/Voice/Lib/Wit.ai/Lib/Wit/Runtime/Requests/IVoiceRequestOptions.cs
  artifactKey: Guid(52faf550b8372ba47ad567da469650be) Importer(2089858483,192608db42251d675da83286b1cce702)
Start importing Assets/Oculus/Voice/Lib/Wit.ai/Lib/Wit/Runtime/Requests/IVoiceRequestOptions.cs using Guid(52faf550b8372ba47ad567da469650be) Importer(2089858483,192608db42251d675da83286b1cce702) (ScriptedImporter) -> (artifact id: '04727ac090b932006c40ae8fa45727ad') in 0.0122117 seconds
Number of updated asset objects reloaded before import = 0Number of asset objects unloaded after import = 0

========================================================================
Received Import Request.
  Time since last request: 0.000022 seconds.
  path: Assets/Oculus/Voice/Lib/Wit.ai/Scripts/Runtime/Data/Configuration/WitRuntimeConfiguration.cs
  artifactKey: Guid(bd8d40c9f75b44b5940fcc21769d6af0) Importer(2089858483,192608db42251d675da83286b1cce702)
Start importing Assets/Oculus/Voice/Lib/Wit.ai/Scripts/Runtime/Data/Configuration/WitRuntimeConfiguration.cs using Guid(bd8d40c9f75b44b5940fcc21769d6af0) Importer(2089858483,192608db42251d675da83286b1cce702) (ScriptedImporter) -> (artifact id: '7be4116b7deca95071ca58a89cb9d36e') in 0.0128585 seconds
Number of updated asset objects reloaded before import = 0Number of asset objects unloaded after import = 0

========================================================================
Received Import Request.
  Time since last request: 0.000015 seconds.
  path: Assets/Oculus/Interaction/OVRIntegration/Runtime/Prefabs/DistanceHandGrab/Reticles/OVRLeftHandReticle.prefab
  artifactKey: Guid(50be278e32a579c47934a40be20880df) Importer(2089858483,192608db42251d675da83286b1cce702)
Start importing Assets/Oculus/Interaction/OVRIntegration/Runtime/Prefabs/DistanceHandGrab/Reticles/OVRLeftHandReticle.prefab using Guid(50be278e32a579c47934a40be20880df) Importer(2089858483,192608db42251d675da83286b1cce702) (ScriptedImporter) -> (artifact id: '5465b97f06e816064225e035aa279a25') in 0.0178155 seconds
Number of updated asset objects reloaded before import = 0Number of asset objects unloaded after import = 176

========================================================================
Received Import Request.
  Time since last request: 0.000014 seconds.
  path: Assets/Oculus/Voice/Lib/Wit.ai/Scripts/Editor/Windows/Components/WitMultiSelectionPopupContent.cs
  artifactKey: Guid(b720c5fa963394864bd7ed8ef330d0bc) Importer(2089858483,192608db42251d675da83286b1cce702)
Start importing Assets/Oculus/Voice/Lib/Wit.ai/Scripts/Editor/Windows/Components/WitMultiSelectionPopupContent.cs using Guid(b720c5fa963394864bd7ed8ef330d0bc) Importer(2089858483,192608db42251d675da83286b1cce702) (ScriptedImporter) -> (artifact id: '3e85cad44d306b852cb10d3cac25f6c9') in 0.0122401 seconds
Number of updated asset objects reloaded before import = 0Number of asset objects unloaded after import = 0

========================================================================
Received Import Request.
  Time since last request: 0.000012 seconds.
  path: Assets/Oculus/Interaction/Runtime/Scripts/Interaction/Models/HandGrab/HandGrabResult.cs
  artifactKey: Guid(6708305e0d1e2c542b3fdfc22137b513) Importer(2089858483,192608db42251d675da83286b1cce702)
Start importing Assets/Oculus/Interaction/Runtime/Scripts/Interaction/Models/HandGrab/HandGrabResult.cs using Guid(6708305e0d1e2c542b3fdfc22137b513) Importer(2089858483,192608db42251d675da83286b1cce702) (ScriptedImporter) -> (artifact id: 'db9ed009bb7dabc08638d5cf7a3694e0') in 0.0138942 seconds
Number of updated asset objects reloaded before import = 0Number of asset objects unloaded after import = 0

========================================================================
Received Import Request.
  Time since last request: 0.000018 seconds.
  path: Assets/Oculus/Voice/Lib/Wit.ai/Scripts/Editor/Data/Configuration/WitParameterValidator.cs
  artifactKey: Guid(b06aba70db204455b215439ad07b8253) Importer(2089858483,192608db42251d675da83286b1cce702)
Start importing Assets/Oculus/Voice/Lib/Wit.ai/Scripts/Editor/Data/Configuration/WitParameterValidator.cs using Guid(b06aba70db204455b215439ad07b8253) Importer(2089858483,192608db42251d675da83286b1cce702) (ScriptedImporter) -> (artifact id: '602bf6c0f3b7c7901261ec33c8a5061d') in 0.014217 seconds
Number of updated asset objects reloaded before import = 0Number of asset objects unloaded after import = 0

========================================================================
Received Import Request.
  Time since last request: 0.000016 seconds.
  path: Assets/Oculus/Interaction/Samples/Objects/Props/Key/Models/keyMesh.fbx
  artifactKey: Guid(e405223c5441ab54984c172e35b1b32f) Importer(2089858483,192608db42251d675da83286b1cce702)
Start importing Assets/Oculus/Interaction/Samples/Objects/Props/Key/Models/keyMesh.fbx using Guid(e405223c5441ab54984c172e35b1b32f) Importer(2089858483,192608db42251d675da83286b1cce702) (ScriptedImporter) -> (artifact id: '42b415454947c4c90448d9664981daf4') in 0.0180833 seconds
Number of updated asset objects reloaded before import = 0Number of asset objects unloaded after import = 7

========================================================================
Received Import Request.
  Time since last request: 0.000016 seconds.
  path: Assets/Oculus/Voice/Lib/Wit.ai/Scripts/Runtime/AudioDurationTracker.cs
  artifactKey: Guid(a325b28834054db2a96b89ac4354c880) Importer(2089858483,192608db42251d675da83286b1cce702)
Start importing Assets/Oculus/Voice/Lib/Wit.ai/Scripts/Runtime/AudioDurationTracker.cs using Guid(a325b28834054db2a96b89ac4354c880) Importer(2089858483,192608db42251d675da83286b1cce702) (ScriptedImporter) -> (artifact id: 'fd2b70dd237caafbbb01be883a0d69d5') in 0.0126273 seconds
Number of updated asset objects reloaded before import = 0Number of asset objects unloaded after import = 0

========================================================================
Received Import Request.
  Time since last request: 0.000023 seconds.
  path: Assets/Oculus/Voice/Lib/Wit.ai/Scripts/Runtime/Settings/WitSettingsUtility.cs
  artifactKey: Guid(8bc34db9a626d384ca92576365f67f9d) Importer(2089858483,192608db42251d675da83286b1cce702)
Start importing Assets/Oculus/Voice/Lib/Wit.ai/Scripts/Runtime/Settings/WitSettingsUtility.cs using Guid(8bc34db9a626d384ca92576365f67f9d) Importer(2089858483,192608db42251d675da83286b1cce702) (ScriptedImporter) -> (artifact id: '88859250820b2aabe29335262e31cc78') in 0.0160099 seconds
Number of updated asset objects reloaded before import = 0Number of asset objects unloaded after import = 0

========================================================================
Received Import Request.
  Time since last request: 0.000016 seconds.
  path: Assets/Oculus/Interaction/Samples/Objects/Environment/Locomotion/Models/Materials/LocomotionConcreteMat.mat
  artifactKey: Guid(9c1b64233560e0c4a9e466e92347a2aa) Importer(2089858483,192608db42251d675da83286b1cce702)
Start importing Assets/Oculus/Interaction/Samples/Objects/Environment/Locomotion/Models/Materials/LocomotionConcreteMat.mat using Guid(9c1b64233560e0c4a9e466e92347a2aa) Importer(2089858483,192608db42251d675da83286b1cce702) (ScriptedImporter) -> (artifact id: 'ccc5af41ddcffc8995ebdd1554635a46') in 0.0236157 seconds
Number of updated asset objects reloaded before import = 0Number of asset objects unloaded after import = 3

========================================================================
Received Import Request.
  Time since last request: 0.000013 seconds.
  path: Assets/Oculus/Interaction/Runtime/Scripts/Interaction/Models/Grab/ITween.cs
  artifactKey: Guid(f3d824acbbaa94f47acc0c3a2054d872) Importer(2089858483,192608db42251d675da83286b1cce702)
Start importing Assets/Oculus/Interaction/Runtime/Scripts/Interaction/Models/Grab/ITween.cs using Guid(f3d824acbbaa94f47acc0c3a2054d872) Importer(2089858483,192608db42251d675da83286b1cce702) (ScriptedImporter) -> (artifact id: '4595ed7379b3bc9b1f1a4c2823ebc546') in 0.0137928 seconds
Number of updated asset objects reloaded before import = 0Number of asset objects unloaded after import = 0

========================================================================
Received Import Request.
  Time since last request: 0.000014 seconds.
  path: Assets/Oculus/Interaction/Runtime/Scripts/Interaction/Models/HandGrab/HandGrabUtils.cs
  artifactKey: Guid(1ccecb418a724b54e82afa5b98208313) Importer(2089858483,192608db42251d675da83286b1cce702)
Start importing Assets/Oculus/Interaction/Runtime/Scripts/Interaction/Models/HandGrab/HandGrabUtils.cs using Guid(1ccecb418a724b54e82afa5b98208313) Importer(2089858483,192608db42251d675da83286b1cce702) (ScriptedImporter) -> (artifact id: '65c0152596594d9d9323e59d217573f9') in 0.016767 seconds
Number of updated asset objects reloaded before import = 0Number of asset objects unloaded after import = 0

========================================================================
Received Import Request.
  Time since last request: 0.000013 seconds.
  path: Assets/Oculus/Interaction/Runtime/Scripts/Interaction/Models/DropZone/IDropZoneSlotsProvider.cs
  artifactKey: Guid(6799830888e86054a834cfb1c996c9df) Importer(2089858483,192608db42251d675da83286b1cce702)
Start importing Assets/Oculus/Interaction/Runtime/Scripts/Interaction/Models/DropZone/IDropZoneSlotsProvider.cs using Guid(6799830888e86054a834cfb1c996c9df) Importer(2089858483,192608db42251d675da83286b1cce702) (ScriptedImporter) -> (artifact id: '3c7c868268837566dad2b715deefe2dc') in 0.0153644 seconds
Number of updated asset objects reloaded before import = 0Number of asset objects unloaded after import = 0

========================================================================
Received Import Request.
  Time since last request: 0.000013 seconds.
  path: Assets/Oculus/Voice/Lib/Wit.ai/Scripts/Editor/Windows/FieldGUI.cs
  artifactKey: Guid(0c6c2ebe0a6e80f4fa83611a03e7fecd) Importer(2089858483,192608db42251d675da83286b1cce702)
Start importing Assets/Oculus/Voice/Lib/Wit.ai/Scripts/Editor/Windows/FieldGUI.cs using Guid(0c6c2ebe0a6e80f4fa83611a03e7fecd) Importer(2089858483,192608db42251d675da83286b1cce702) (ScriptedImporter) -> (artifact id: '2281585d15731cbb5f8b234e3d3de516') in 0.0135243 seconds
Number of updated asset objects reloaded before import = 0Number of asset objects unloaded after import = 0

========================================================================
Received Import Request.
  Time since last request: 0.000029 seconds.
  path: Assets/Oculus/Voice/Lib/Wit.ai/Features/TTS/Scripts/Runtime/Integrations/TTSWit.cs
  artifactKey: Guid(a6b3124b830442d45b9f357ff99b152f) Importer(2089858483,192608db42251d675da83286b1cce702)
Start importing Assets/Oculus/Voice/Lib/Wit.ai/Features/TTS/Scripts/Runtime/Integrations/TTSWit.cs using Guid(a6b3124b830442d45b9f357ff99b152f) Importer(2089858483,192608db42251d675da83286b1cce702) (ScriptedImporter) -> (artifact id: 'e6831a8c8c696e3e7da78ccc54cc20db') in 0.0122305 seconds
Number of updated asset objects reloaded before import = 0Number of asset objects unloaded after import = 0

========================================================================
Received Import Request.
  Time since last request: 0.000021 seconds.
  path: Assets/Oculus/Voice/Lib/Wit.ai/Lib/Wit/Runtime/Data/Info/WitTraitInfo.cs
  artifactKey: Guid(b5a0fb5f0edecec4bb35b174bcbb2936) Importer(2089858483,192608db42251d675da83286b1cce702)
Start importing Assets/Oculus/Voice/Lib/Wit.ai/Lib/Wit/Runtime/Data/Info/WitTraitInfo.cs using Guid(b5a0fb5f0edecec4bb35b174bcbb2936) Importer(2089858483,192608db42251d675da83286b1cce702) (ScriptedImporter) -> (artifact id: 'ba0e2d0243b81f9662a2df6c5060e6e5') in 0.012871 seconds
Number of updated asset objects reloaded before import = 0Number of asset objects unloaded after import = 0

========================================================================
Received Import Request.
  Time since last request: 0.000012 seconds.
  path: Assets/Oculus/Voice/Lib/Wit.ai/Lib/Wit/Runtime/Requests/NLP/INLPRequestResults.cs
  artifactKey: Guid(7412847d186f7e146823def07efce5c1) Importer(2089858483,192608db42251d675da83286b1cce702)
Start importing Assets/Oculus/Voice/Lib/Wit.ai/Lib/Wit/Runtime/Requests/NLP/INLPRequestResults.cs using Guid(7412847d186f7e146823def07efce5c1) Importer(2089858483,192608db42251d675da83286b1cce702) (ScriptedImporter) -> (artifact id: '77eee63b08ef4aab8376ded15f68179b') in 0.0120138 seconds
Number of updated asset objects reloaded before import = 0Number of asset objects unloaded after import = 0

========================================================================
Received Import Request.
  Time since last request: 0.000013 seconds.
  path: Assets/Oculus/Voice/Lib/Wit.ai/Features/TTS/Scripts/Runtime/Utilities/TTSSpeechSplitter.cs
  artifactKey: Guid(d2accdd3f9f0a354b84b364eae500512) Importer(2089858483,192608db42251d675da83286b1cce702)
Start importing Assets/Oculus/Voice/Lib/Wit.ai/Features/TTS/Scripts/Runtime/Utilities/TTSSpeechSplitter.cs using Guid(d2accdd3f9f0a354b84b364eae500512) Importer(2089858483,192608db42251d675da83286b1cce702) (ScriptedImporter) -> (artifact id: '788c717974b83c688d335b3fca158c9f') in 0.0119713 seconds
Number of updated asset objects reloaded before import = 0Number of asset objects unloaded after import = 0

========================================================================
Received Import Request.
  Time since last request: 0.000016 seconds.
  path: Assets/Oculus/Voice/Lib/Wit.ai/Lib/Wit/Runtime/Requests/Transcription/ITranscriptionRequest.cs
  artifactKey: Guid(ab42c71fd4bfb6942b3e4c729b61ad76) Importer(2089858483,192608db42251d675da83286b1cce702)
Start importing Assets/Oculus/Voice/Lib/Wit.ai/Lib/Wit/Runtime/Requests/Transcription/ITranscriptionRequest.cs using Guid(ab42c71fd4bfb6942b3e4c729b61ad76) Importer(2089858483,192608db42251d675da83286b1cce702) (ScriptedImporter) -> (artifact id: '66326a56dfbd06e51f7853be36e6881d') in 0.0104341 seconds
Number of updated asset objects reloaded before import = 0Number of asset objects unloaded after import = 0

========================================================================
Received Import Request.
  Time since last request: 0.000013 seconds.
  path: Assets/Oculus/Voice/Lib/Wit.ai/Lib/Wit/Runtime/Data/Info/WitVersionTagInfo.cs
  artifactKey: Guid(abaa506a0cc8475288f8be685e349b52) Importer(2089858483,192608db42251d675da83286b1cce702)
Start importing Assets/Oculus/Voice/Lib/Wit.ai/Lib/Wit/Runtime/Data/Info/WitVersionTagInfo.cs using Guid(abaa506a0cc8475288f8be685e349b52) Importer(2089858483,192608db42251d675da83286b1cce702) (ScriptedImporter) -> (artifact id: '882386ea71bd563988a24a4e2e3edda2') in 0.01245 seconds
Number of updated asset objects reloaded before import = 0Number of asset objects unloaded after import = 0

========================================================================
Received Import Request.
  Time since last request: 0.000013 seconds.
  path: Assets/Oculus/Voice/Lib/Wit.ai/Lib/Wit/Runtime/Data/Info/WitConfigurationAssetData.cs
  artifactKey: Guid(002ec29e2fc64951b9d57ab4cdbf659e) Importer(2089858483,192608db42251d675da83286b1cce702)
Start importing Assets/Oculus/Voice/Lib/Wit.ai/Lib/Wit/Runtime/Data/Info/WitConfigurationAssetData.cs using Guid(002ec29e2fc64951b9d57ab4cdbf659e) Importer(2089858483,192608db42251d675da83286b1cce702) (ScriptedImporter) -> (artifact id: '2ca18a902b94c9e9e1b6de3c66869f23') in 0.0136831 seconds
Number of updated asset objects reloaded before import = 0Number of asset objects unloaded after import = 0

========================================================================
Received Import Request.
  Time since last request: 0.000015 seconds.
  path: Assets/Oculus/Interaction/Runtime/Scripts/Interaction/Models/Grab/Tween.cs
  artifactKey: Guid(aa82c0afb15eeb14c9e64cb3ac507103) Importer(2089858483,192608db42251d675da83286b1cce702)
Start importing Assets/Oculus/Interaction/Runtime/Scripts/Interaction/Models/Grab/Tween.cs using Guid(aa82c0afb15eeb14c9e64cb3ac507103) Importer(2089858483,192608db42251d675da83286b1cce702) (ScriptedImporter) -> (artifact id: '7c1afcd3407bdbb0a456e8b04fb5e429') in 0.0141544 seconds
Number of updated asset objects reloaded before import = 0Number of asset objects unloaded after import = 0

========================================================================
Received Import Request.
  Time since last request: 0.000019 seconds.
  path: Assets/Oculus/Voice/Features/Dictation/Scripts/Runtime/Bindings/Android/DictationListenerBinding.cs
  artifactKey: Guid(9ae8a1a01ce0f484eafa3e39954356dc) Importer(2089858483,192608db42251d675da83286b1cce702)
Start importing Assets/Oculus/Voice/Features/Dictation/Scripts/Runtime/Bindings/Android/DictationListenerBinding.cs using Guid(9ae8a1a01ce0f484eafa3e39954356dc) Importer(2089858483,192608db42251d675da83286b1cce702) (ScriptedImporter) -> (artifact id: '650ba73ad50b65c701a308530a13a253') in 0.013578 seconds
Number of updated asset objects reloaded before import = 0Number of asset objects unloaded after import = 0

========================================================================
Received Import Request.
  Time since last request: 0.000023 seconds.
  path: Assets/Oculus/VR/Editor/OVRProjectSetup/Tasks/Implementations/OVRProjectSetupQualityTasks.cs
  artifactKey: Guid(a9f06298f32b7b54985a5a7464381e8d) Importer(2089858483,192608db42251d675da83286b1cce702)
Start importing Assets/Oculus/VR/Editor/OVRProjectSetup/Tasks/Implementations/OVRProjectSetupQualityTasks.cs using Guid(a9f06298f32b7b54985a5a7464381e8d) Importer(2089858483,192608db42251d675da83286b1cce702) (ScriptedImporter) -> (artifact id: 'c38383f3817d517489ac4c3cdddd1e85') in 0.0130004 seconds
Number of updated asset objects reloaded before import = 0Number of asset objects unloaded after import = 0

========================================================================
Received Import Request.
  Time since last request: 0.000012 seconds.
  path: Assets/Oculus/Interaction/Runtime/Scripts/Interaction/Transformable/TwoHandPlaneTransformer.cs
  artifactKey: Guid(9cffed3c8dbe09543847404076a791e9) Importer(2089858483,192608db42251d675da83286b1cce702)
Start importing Assets/Oculus/Interaction/Runtime/Scripts/Interaction/Transformable/TwoHandPlaneTransformer.cs using Guid(9cffed3c8dbe09543847404076a791e9) Importer(2089858483,192608db42251d675da83286b1cce702) (ScriptedImporter) -> (artifact id: '548acd93f30d7d363d90dcd69af01808') in 0.0121652 seconds
Number of updated asset objects reloaded before import = 0Number of asset objects unloaded after import = 0

========================================================================
Received Import Request.
  Time since last request: 0.000013 seconds.
  path: Assets/Oculus/Voice/Lib/Wit.ai/Lib/Wit/Editor/csc.rsp
  artifactKey: Guid(2313e1eb73176bd46810d7829e3c87d9) Importer(2089858483,192608db42251d675da83286b1cce702)
Start importing Assets/Oculus/Voice/Lib/Wit.ai/Lib/Wit/Editor/csc.rsp using Guid(2313e1eb73176bd46810d7829e3c87d9) Importer(2089858483,192608db42251d675da83286b1cce702) (ScriptedImporter) -> (artifact id: '85d8e17f91710b95150ac9da03944d9d') in 0.0116304 seconds
Number of updated asset objects reloaded before import = 0Number of asset objects unloaded after import = 1

========================================================================
Received Import Request.
  Time since last request: 0.000012 seconds.
  path: Assets/Oculus/Interaction/Runtime/Scripts/Interaction/Models/Ray/RayInteractor.cs
  artifactKey: Guid(4733c5f009d26ad49b3685117b8d3eb4) Importer(2089858483,192608db42251d675da83286b1cce702)
Start importing Assets/Oculus/Interaction/Runtime/Scripts/Interaction/Models/Ray/RayInteractor.cs using Guid(4733c5f009d26ad49b3685117b8d3eb4) Importer(2089858483,192608db42251d675da83286b1cce702) (ScriptedImporter) -> (artifact id: '06102e16c28b9eae0d6474083c49a163') in 0.0117451 seconds
Number of updated asset objects reloaded before import = 0Number of asset objects unloaded after import = 0

========================================================================
Received Import Request.
  Time since last request: 0.000013 seconds.
  path: Assets/Oculus/Voice/Lib/Wit.ai/Features/Dictation/Scripts/Runtime/Dictation/MultiRequestTranscription.cs
  artifactKey: Guid(a960272debaf35b4f8df9292e4191044) Importer(2089858483,192608db42251d675da83286b1cce702)
Start importing Assets/Oculus/Voice/Lib/Wit.ai/Features/Dictation/Scripts/Runtime/Dictation/MultiRequestTranscription.cs using Guid(a960272debaf35b4f8df9292e4191044) Importer(2089858483,192608db42251d675da83286b1cce702) (ScriptedImporter) -> (artifact id: '05ec6603ef3280008c681910832b16e1') in 0.0150483 seconds
Number of updated asset objects reloaded before import = 0Number of asset objects unloaded after import = 0

========================================================================
Received Import Request.
  Time since last request: 0.000021 seconds.
  path: Assets/Oculus/Voice/Features/Hub/Scripts/Editor/ImagePage.cs
  artifactKey: Guid(a249c5c9df69431f935e9e49b478eab4) Importer(2089858483,192608db42251d675da83286b1cce702)
Start importing Assets/Oculus/Voice/Features/Hub/Scripts/Editor/ImagePage.cs using Guid(a249c5c9df69431f935e9e49b478eab4) Importer(2089858483,192608db42251d675da83286b1cce702) (ScriptedImporter) -> (artifact id: 'f6645c09f12a0babb291ca22c816724d') in 0.0130695 seconds
Number of updated asset objects reloaded before import = 0Number of asset objects unloaded after import = 0

========================================================================
Received Import Request.
  Time since last request: 0.000012 seconds.
  path: Assets/Oculus/Voice/Lib/Wit.ai/Scripts/Runtime/Lib/Mic/Other/Meta.VoiceSDK.Mic.Other.asmdef
  artifactKey: Guid(3e75c68ea2ce130409f7b96ae2110237) Importer(2089858483,192608db42251d675da83286b1cce702)
Start importing Assets/Oculus/Voice/Lib/Wit.ai/Scripts/Runtime/Lib/Mic/Other/Meta.VoiceSDK.Mic.Other.asmdef using Guid(3e75c68ea2ce130409f7b96ae2110237) Importer(2089858483,192608db42251d675da83286b1cce702) (ScriptedImporter) -> (artifact id: 'a5db31b0009b1c50db3ee59f3db04fbe') in 0.0138698 seconds
Number of updated asset objects reloaded before import = 0Number of asset objects unloaded after import = 1

========================================================================
Received Import Request.
  Time since last request: 0.000023 seconds.
  path: Assets/Oculus/Voice/Lib/Wit.ai/Scripts/Runtime/Data/Entities/EntityRegistryComponents/RegisteredDynamicEntityKeyword.cs
  artifactKey: Guid(314acb2f0d34f4d4b9a72bed29e990d4) Importer(2089858483,192608db42251d675da83286b1cce702)
Start importing Assets/Oculus/Voice/Lib/Wit.ai/Scripts/Runtime/Data/Entities/EntityRegistryComponents/RegisteredDynamicEntityKeyword.cs using Guid(314acb2f0d34f4d4b9a72bed29e990d4) Importer(2089858483,192608db42251d675da83286b1cce702) (ScriptedImporter) -> (artifact id: 'd781b92cd6d7b4e49934380dde87e0ac') in 0.0132644 seconds
Number of updated asset objects reloaded before import = 0Number of asset objects unloaded after import = 0

========================================================================
Received Import Request.
  Time since last request: 0.000022 seconds.
  path: Assets/Oculus/Voice/Lib/Wit.ai/Scripts/Runtime/Lib/Mic/Common/MicDebug.cs
  artifactKey: Guid(7023909b9ec8718488cc6e2a2082041b) Importer(2089858483,192608db42251d675da83286b1cce702)
Start importing Assets/Oculus/Voice/Lib/Wit.ai/Scripts/Runtime/Lib/Mic/Common/MicDebug.cs using Guid(7023909b9ec8718488cc6e2a2082041b) Importer(2089858483,192608db42251d675da83286b1cce702) (ScriptedImporter) -> (artifact id: 'b796daad49c4a45e31bf075eba4660e9') in 0.0125621 seconds
Number of updated asset objects reloaded before import = 0Number of asset objects unloaded after import = 0

========================================================================
Received Import Request.
  Time since last request: 0.000012 seconds.
  path: Assets/Oculus/Voice/Lib/Wit.ai/Lib/Wit/Runtime/Audio/AudioPlayer.cs
  artifactKey: Guid(ce3e5ad0f4ba49b448464a2e110dc935) Importer(2089858483,192608db42251d675da83286b1cce702)
Start importing Assets/Oculus/Voice/Lib/Wit.ai/Lib/Wit/Runtime/Audio/AudioPlayer.cs using Guid(ce3e5ad0f4ba49b448464a2e110dc935) Importer(2089858483,192608db42251d675da83286b1cce702) (ScriptedImporter) -> (artifact id: 'ae84e3af48606144544a79fb781d0478') in 0.0144476 seconds
Number of updated asset objects reloaded before import = 0Number of asset objects unloaded after import = 0

========================================================================
Received Import Request.
  Time since last request: 0.000012 seconds.
  path: Assets/Oculus/VR/Editor/BuildingBlocks/BlockData/Passthrough/Textures/bb_thumb_passthrough.png
  artifactKey: Guid(ce64ab3d091a156479551658e5748d77) Importer(2089858483,192608db42251d675da83286b1cce702)
Start importing Assets/Oculus/VR/Editor/BuildingBlocks/BlockData/Passthrough/Textures/bb_thumb_passthrough.png using Guid(ce64ab3d091a156479551658e5748d77) Importer(2089858483,192608db42251d675da83286b1cce702) (ScriptedImporter) -> (artifact id: '45fa750a69fb4ac7193ef179f50a35a7') in 0.0193117 seconds
Number of updated asset objects reloaded before import = 0Number of asset objects unloaded after import = 1

========================================================================
Received Import Request.
  Time since last request: 0.000012 seconds.
  path: Assets/Oculus/Voice/Lib/Wit.ai/Scripts/Runtime/Events/WitValidationEvent.cs
  artifactKey: Guid(ac70bc3fd716e564cb85c2e27b561144) Importer(2089858483,192608db42251d675da83286b1cce702)
Start importing Assets/Oculus/Voice/Lib/Wit.ai/Scripts/Runtime/Events/WitValidationEvent.cs using Guid(ac70bc3fd716e564cb85c2e27b561144) Importer(2089858483,192608db42251d675da83286b1cce702) (ScriptedImporter) -> (artifact id: 'd1d72dc2ba31a0c00b6385bc82d2b3bd') in 0.0147489 seconds
Number of updated asset objects reloaded before import = 0Number of asset objects unloaded after import = 0

========================================================================
Received Import Request.
  Time since last request: 0.000012 seconds.
  path: Assets/Oculus/Voice/Features/VoiceHub/Hub/Pages/WhatsNew/Images/ood.png
  artifactKey: Guid(19b27aedc66387a4498eadde5cf95a81) Importer(2089858483,192608db42251d675da83286b1cce702)
Start importing Assets/Oculus/Voice/Features/VoiceHub/Hub/Pages/WhatsNew/Images/ood.png using Guid(19b27aedc66387a4498eadde5cf95a81) Importer(2089858483,192608db42251d675da83286b1cce702) (ScriptedImporter) -> (artifact id: '94dd821609ac93622fed2bf7c1c3da29') in 0.0203795 seconds
Number of updated asset objects reloaded before import = 0Number of asset objects unloaded after import = 1

========================================================================
Received Import Request.
  Time since last request: 0.000014 seconds.
  path: Assets/Oculus/Interaction/Samples/Objects/Props/Cube/Models/CubeMesh.fbx
  artifactKey: Guid(2d1094ca45d7fbb4bb2fc2ba8b406ba0) Importer(2089858483,192608db42251d675da83286b1cce702)
Start importing Assets/Oculus/Interaction/Samples/Objects/Props/Cube/Models/CubeMesh.fbx using Guid(2d1094ca45d7fbb4bb2fc2ba8b406ba0) Importer(2089858483,192608db42251d675da83286b1cce702) (ScriptedImporter) -> (artifact id: '44164978f7ccd27887b0f3cec3ad7023') in 0.0207773 seconds
Number of updated asset objects reloaded before import = 0Number of asset objects unloaded after import = 8

========================================================================
Received Import Request.
  Time since last request: 0.000017 seconds.
  path: Assets/Oculus/SampleFramework/Usage/SceneManager/Scripts/CustomSceneManager/BasicSceneManager.cs
  artifactKey: Guid(c1ca019a7ed88b84792a6d0610555b21) Importer(2089858483,192608db42251d675da83286b1cce702)
Start importing Assets/Oculus/SampleFramework/Usage/SceneManager/Scripts/CustomSceneManager/BasicSceneManager.cs using Guid(c1ca019a7ed88b84792a6d0610555b21) Importer(2089858483,192608db42251d675da83286b1cce702) (ScriptedImporter) -> (artifact id: '3dff1c30e45f5a44757ff786c00d1e31') in 0.0148103 seconds
Number of updated asset objects reloaded before import = 0Number of asset objects unloaded after import = 0

========================================================================
Received Import Request.
  Time since last request: 0.000022 seconds.
  path: Assets/Oculus/Voice/Lib/Wit.ai/Lib/Conduit/Editor/IParameterFilter.cs
  artifactKey: Guid(cfe78278da6684d1fb6c0026badbde1c) Importer(2089858483,192608db42251d675da83286b1cce702)
Start importing Assets/Oculus/Voice/Lib/Wit.ai/Lib/Conduit/Editor/IParameterFilter.cs using Guid(cfe78278da6684d1fb6c0026badbde1c) Importer(2089858483,192608db42251d675da83286b1cce702) (ScriptedImporter) -> (artifact id: 'c13879886407eb26f3c91ac5fcc9d675') in 0.0141164 seconds
Number of updated asset objects reloaded before import = 0Number of asset objects unloaded after import = 0

========================================================================
Received Import Request.
  Time since last request: 0.000013 seconds.
  path: Assets/Oculus/Interaction/Samples/Objects/Props/Mug/Mug.prefab
  artifactKey: Guid(25c090698b1b94e4d9a8f6d5494bdf31) Importer(2089858483,192608db42251d675da83286b1cce702)
Start importing Assets/Oculus/Interaction/Samples/Objects/Props/Mug/Mug.prefab using Guid(25c090698b1b94e4d9a8f6d5494bdf31) Importer(2089858483,192608db42251d675da83286b1cce702) (ScriptedImporter) -> (artifact id: 'f0c097f71d2925f9b0c4a68f29e6c558') in 0.0250634 seconds
Number of updated asset objects reloaded before import = 0Number of asset objects unloaded after import = 127

========================================================================
Received Import Request.
  Time since last request: 0.000015 seconds.
  path: Assets/Oculus/SampleFramework/Core/HandsInteraction/Scripts/Tools/PinchStateModule.cs
  artifactKey: Guid(4a90623ee41311f42a1193b508156429) Importer(2089858483,192608db42251d675da83286b1cce702)
Start importing Assets/Oculus/SampleFramework/Core/HandsInteraction/Scripts/Tools/PinchStateModule.cs using Guid(4a90623ee41311f42a1193b508156429) Importer(2089858483,192608db42251d675da83286b1cce702) (ScriptedImporter) -> (artifact id: '2f056a4a9e7b0a8069dbf1322d553292') in 0.0117405 seconds
Number of updated asset objects reloaded before import = 0Number of asset objects unloaded after import = 0

========================================================================
Received Import Request.
  Time since last request: 0.000016 seconds.
  path: Assets/Oculus/VR/Editor/OVRProjectSetup/Tasks/Processors/OVRConfigurationTaskUpdater.cs
  artifactKey: Guid(36d246eb26384ec88c5d849668cf29a7) Importer(2089858483,192608db42251d675da83286b1cce702)
Start importing Assets/Oculus/VR/Editor/OVRProjectSetup/Tasks/Processors/OVRConfigurationTaskUpdater.cs using Guid(36d246eb26384ec88c5d849668cf29a7) Importer(2089858483,192608db42251d675da83286b1cce702) (ScriptedImporter) -> (artifact id: '17a8504a73382e89f5eca9b664181ec2') in 0.0156186 seconds
Number of updated asset objects reloaded before import = 0Number of asset objects unloaded after import = 0

========================================================================
Received Import Request.
  Time since last request: 0.000013 seconds.
  path: Assets/Oculus/Voice/Lib/Wit.ai/Scripts/Editor/Utility/AssetDatabaseUtility.cs
  artifactKey: Guid(4d247ae64c6547e4282a35e0b6b17b6f) Importer(2089858483,192608db42251d675da83286b1cce702)
Start importing Assets/Oculus/Voice/Lib/Wit.ai/Scripts/Editor/Utility/AssetDatabaseUtility.cs using Guid(4d247ae64c6547e4282a35e0b6b17b6f) Importer(2089858483,192608db42251d675da83286b1cce702) (ScriptedImporter) -> (artifact id: 'b8c542adfbb5f54b017d21a5dc4b0999') in 0.0131154 seconds
Number of updated asset objects reloaded before import = 0Number of asset objects unloaded after import = 0

========================================================================
Received Import Request.
  Time since last request: 0.000013 seconds.
  path: Assets/Oculus/Interaction/Samples/Objects/Environment/Room/Models/SmallRoom.fbx
  artifactKey: Guid(78906942dba6db24ca155679a45f60ef) Importer(2089858483,192608db42251d675da83286b1cce702)
Start importing Assets/Oculus/Interaction/Samples/Objects/Environment/Room/Models/SmallRoom.fbx using Guid(78906942dba6db24ca155679a45f60ef) Importer(2089858483,192608db42251d675da83286b1cce702) (ScriptedImporter) -> (artifact id: 'f0f7bdf7661fe6bb176a9e71270abf6c') in 0.0373706 seconds
Number of updated asset objects reloaded before import = 0Number of asset objects unloaded after import = 102

========================================================================
Received Import Request.
  Time since last request: 0.000016 seconds.
  path: Assets/Oculus/Interaction/Samples/Objects/Props/TennisBall/TennisBall_AlbedoRoughness.tga
  artifactKey: Guid(b54345c116093104db9bdb9aa7dddb6d) Importer(2089858483,192608db42251d675da83286b1cce702)
Start importing Assets/Oculus/Interaction/Samples/Objects/Props/TennisBall/TennisBall_AlbedoRoughness.tga using Guid(b54345c116093104db9bdb9aa7dddb6d) Importer(2089858483,192608db42251d675da83286b1cce702) (ScriptedImporter) -> (artifact id: '834371d3e2405bdb63d6c506f164a876') in 0.022388 seconds
Number of updated asset objects reloaded before import = 0Number of asset objects unloaded after import = 1

========================================================================
Received Import Request.
  Time since last request: 0.000024 seconds.
  path: Assets/Oculus/VR/Editor/OVRProjectSetup/Tasks/Implementations/OVRProjectSetupXRTasks.cs
  artifactKey: Guid(beb76c27b37f99e43a27f9d2656dafc6) Importer(2089858483,192608db42251d675da83286b1cce702)
Start importing Assets/Oculus/VR/Editor/OVRProjectSetup/Tasks/Implementations/OVRProjectSetupXRTasks.cs using Guid(beb76c27b37f99e43a27f9d2656dafc6) Importer(2089858483,192608db42251d675da83286b1cce702) (ScriptedImporter) -> (artifact id: 'd6bd7d9971473743257693fa0b426233') in 0.0148029 seconds
Number of updated asset objects reloaded before import = 0Number of asset objects unloaded after import = 0

========================================================================
Received Import Request.
  Time since last request: 0.000014 seconds.
  path: Assets/Oculus/Voice/Lib/Wit.ai/Scripts/Runtime/Utilities/FloatToStringEvent.cs
  artifactKey: Guid(c63293fa01c74b159135d721528a5c47) Importer(2089858483,192608db42251d675da83286b1cce702)
Start importing Assets/Oculus/Voice/Lib/Wit.ai/Scripts/Runtime/Utilities/FloatToStringEvent.cs using Guid(c63293fa01c74b159135d721528a5c47) Importer(2089858483,192608db42251d675da83286b1cce702) (ScriptedImporter) -> (artifact id: 'c6fa94e9460bae5d7c7cd9509af62c66') in 0.0174375 seconds
Number of updated asset objects reloaded before import = 0Number of asset objects unloaded after import = 0

========================================================================
Received Import Request.
  Time since last request: 0.000014 seconds.
  path: Assets/Oculus/Interaction/Samples/Objects/Environment/Locomotion/Models/Materials/BalconyViewBoxMat.mat
  artifactKey: Guid(92f8857f77aa21b4a84ddcd592201dbd) Importer(2089858483,192608db42251d675da83286b1cce702)
Start importing Assets/Oculus/Interaction/Samples/Objects/Environment/Locomotion/Models/Materials/BalconyViewBoxMat.mat using Guid(92f8857f77aa21b4a84ddcd592201dbd) Importer(2089858483,192608db42251d675da83286b1cce702) (ScriptedImporter) -> (artifact id: '00eef94c7d982664b9d9696201fc3b23') in 0.0149336 seconds
Number of updated asset objects reloaded before import = 0Number of asset objects unloaded after import = 1

========================================================================
Received Import Request.
  Time since last request: 0.000014 seconds.
  path: Assets/Oculus/Interaction/Samples/ThirdParty/Textures/EnvironmentMaps/photo_studio_broadway_hall_1k.exr
  artifactKey: Guid(02087f394db194f44b28f48e3a72c70b) Importer(2089858483,192608db42251d675da83286b1cce702)
Start importing Assets/Oculus/Interaction/Samples/ThirdParty/Textures/EnvironmentMaps/photo_studio_broadway_hall_1k.exr using Guid(02087f394db194f44b28f48e3a72c70b) Importer(2089858483,192608db42251d675da83286b1cce702) (ScriptedImporter) -> (artifact id: '5c0187ff4d8fc44a0b4193eb352f2d50') in 0.0177403 seconds
Number of updated asset objects reloaded before import = 0Number of asset objects unloaded after import = 1

========================================================================
Received Import Request.
  Time since last request: 0.000014 seconds.
  path: Assets/Oculus/Voice/Lib/Wit.ai/Features/Dictation/Scripts/Runtime/Dictation/DictationService.cs
  artifactKey: Guid(2d481126888a4412939f6940b2fa3950) Importer(2089858483,192608db42251d675da83286b1cce702)
Start importing Assets/Oculus/Voice/Lib/Wit.ai/Features/Dictation/Scripts/Runtime/Dictation/DictationService.cs using Guid(2d481126888a4412939f6940b2fa3950) Importer(2089858483,192608db42251d675da83286b1cce702) (ScriptedImporter) -> (artifact id: '1b61d9b8007e19eeb41bdf9e70c89aa5') in 0.0143322 seconds
Number of updated asset objects reloaded before import = 0Number of asset objects unloaded after import = 0

========================================================================
Received Import Request.
  Time since last request: 0.000016 seconds.
  path: Assets/Oculus/Interaction/Samples/Objects/Environment/Locomotion/Models/Materials/InteriorDoorMat.mat
  artifactKey: Guid(2f8f24c4b695e264e905df001683ba11) Importer(2089858483,192608db42251d675da83286b1cce702)
Start importing Assets/Oculus/Interaction/Samples/Objects/Environment/Locomotion/Models/Materials/InteriorDoorMat.mat using Guid(2f8f24c4b695e264e905df001683ba11) Importer(2089858483,192608db42251d675da83286b1cce702) (ScriptedImporter) -> (artifact id: 'ae4023cc9ee41a76b55dba32e070d562') in 0.0188373 seconds
Number of updated asset objects reloaded before import = 0Number of asset objects unloaded after import = 3

========================================================================
Received Import Request.
  Time since last request: 0.000023 seconds.
  path: Assets/Oculus/Interaction/Samples/Objects/Environment/Tooltips/DialogVideos/Instruction_HandGrab.mp4
  artifactKey: Guid(ceab3fdb030a3d74eafac9c5cd1dc739) Importer(2089858483,192608db42251d675da83286b1cce702)
Start importing Assets/Oculus/Interaction/Samples/Objects/Environment/Tooltips/DialogVideos/Instruction_HandGrab.mp4 using Guid(ceab3fdb030a3d74eafac9c5cd1dc739) Importer(2089858483,192608db42251d675da83286b1cce702) (ScriptedImporter) -> (artifact id: 'fda2a5ee2b9c3892d282e514140f4fd5') in 0.0155628 seconds
Number of updated asset objects reloaded before import = 0Number of asset objects unloaded after import = 1

========================================================================
Received Import Request.
  Time since last request: 0.000013 seconds.
  path: Assets/Oculus/VR/Editor/BuildingBlocks/BlockData/EyeGaze/Prefabs/bb_prefab_eyegaze.prefab
  artifactKey: Guid(cd20efabdb0a60745a5015c0d733df31) Importer(2089858483,192608db42251d675da83286b1cce702)
Start importing Assets/Oculus/VR/Editor/BuildingBlocks/BlockData/EyeGaze/Prefabs/bb_prefab_eyegaze.prefab using Guid(cd20efabdb0a60745a5015c0d733df31) Importer(2089858483,192608db42251d675da83286b1cce702) (ScriptedImporter) -> (artifact id: '3ec84af888e1762fdcaa39f2869c0a7b') in 0.0154353 seconds
Number of updated asset objects reloaded before import = 0Number of asset objects unloaded after import = 5

========================================================================
Received Import Request.
  Time since last request: 0.000013 seconds.
  path: Assets/Oculus/Interaction/Runtime/Scripts/Interaction/Models/TouchHandGrab/TouchHandGrabInteractable.cs
  artifactKey: Guid(7cb4a09355f9dc244bfbcd2ac9208ef7) Importer(2089858483,192608db42251d675da83286b1cce702)
Start importing Assets/Oculus/Interaction/Runtime/Scripts/Interaction/Models/TouchHandGrab/TouchHandGrabInteractable.cs using Guid(7cb4a09355f9dc244bfbcd2ac9208ef7) Importer(2089858483,192608db42251d675da83286b1cce702) (ScriptedImporter) -> (artifact id: '97a67fdef22811b0ba64a52e3ed00853') in 0.0147256 seconds
Number of updated asset objects reloaded before import = 0Number of asset objects unloaded after import = 0

========================================================================
Received Import Request.
  Time since last request: 0.000013 seconds.
  path: Assets/Oculus/SampleFramework/Usage/TouchPro/Scripts/Ui/UiDeviceInspector.cs
  artifactKey: Guid(e6c7e66b7c8ee684ab35e741ee622a32) Importer(2089858483,192608db42251d675da83286b1cce702)
Start importing Assets/Oculus/SampleFramework/Usage/TouchPro/Scripts/Ui/UiDeviceInspector.cs using Guid(e6c7e66b7c8ee684ab35e741ee622a32) Importer(2089858483,192608db42251d675da83286b1cce702) (ScriptedImporter) -> (artifact id: '0a115a921d7b90fb95b00d4298e74144') in 0.0143975 seconds
Number of updated asset objects reloaded before import = 0Number of asset objects unloaded after import = 0

========================================================================
Received Import Request.
  Time since last request: 0.000013 seconds.
  path: Assets/Oculus/Voice/Lib/Wit.ai/Lib/Wit/Runtime/Json/HashSetConverter.cs
  artifactKey: Guid(c3859b070b3f45afa0143d0eb159e0df) Importer(2089858483,192608db42251d675da83286b1cce702)
Start importing Assets/Oculus/Voice/Lib/Wit.ai/Lib/Wit/Runtime/Json/HashSetConverter.cs using Guid(c3859b070b3f45afa0143d0eb159e0df) Importer(2089858483,192608db42251d675da83286b1cce702) (ScriptedImporter) -> (artifact id: '0230199a16d82c79cc9e274a420dadbc') in 0.0130373 seconds
Number of updated asset objects reloaded before import = 0Number of asset objects unloaded after import = 0

========================================================================
Received Import Request.
  Time since last request: 0.000017 seconds.
  path: Assets/Oculus/Interaction/Runtime/Scripts/Interaction/Models/Snap/ListSnapPoseDelegate.cs
  artifactKey: Guid(330109a151cd71c4d85d95ee12792b09) Importer(2089858483,192608db42251d675da83286b1cce702)
Start importing Assets/Oculus/Interaction/Runtime/Scripts/Interaction/Models/Snap/ListSnapPoseDelegate.cs using Guid(330109a151cd71c4d85d95ee12792b09) Importer(2089858483,192608db42251d675da83286b1cce702) (ScriptedImporter) -> (artifact id: '92eb1efc7d570011a03c94ace0fcdd01') in 0.0160313 seconds
Number of updated asset objects reloaded before import = 0Number of asset objects unloaded after import = 0

========================================================================
Received Import Request.
  Time since last request: 0.000027 seconds.
  path: Assets/Oculus/Interaction/Samples/Objects/Props/BigRedButton/Textures/Podium/Podium_AO.png
  artifactKey: Guid(48b5754585338eb40872d655be3f9d31) Importer(2089858483,192608db42251d675da83286b1cce702)
Start importing Assets/Oculus/Interaction/Samples/Objects/Props/BigRedButton/Textures/Podium/Podium_AO.png using Guid(48b5754585338eb40872d655be3f9d31) Importer(2089858483,192608db42251d675da83286b1cce702) (ScriptedImporter) -> (artifact id: '8b734eb8af144566dfa79f5eb32c81fb') in 0.01778 seconds
Number of updated asset objects reloaded before import = 0Number of asset objects unloaded after import = 1

========================================================================
Received Import Request.
  Time since last request: 0.000012 seconds.
  path: Assets/Oculus/Voice/Lib/Wit.ai/Lib/Wit/Runtime/Requests/NLP/INLPTextRequest.cs
  artifactKey: Guid(866c73d63712e2b4d9d567d1f6775ee4) Importer(2089858483,192608db42251d675da83286b1cce702)
Start importing Assets/Oculus/Voice/Lib/Wit.ai/Lib/Wit/Runtime/Requests/NLP/INLPTextRequest.cs using Guid(866c73d63712e2b4d9d567d1f6775ee4) Importer(2089858483,192608db42251d675da83286b1cce702) (ScriptedImporter) -> (artifact id: 'b1feb37a77f08de95545779a2d708f3f') in 0.0138174 seconds
Number of updated asset objects reloaded before import = 0Number of asset objects unloaded after import = 0

========================================================================
Received Import Request.
  Time since last request: 0.000014 seconds.
  path: Assets/Oculus/Voice/Lib/Wit.ai/Features/Dictation/Scripts/Runtime/Dictation/Facebook.Wit.Dictation.asmdef
  artifactKey: Guid(910a956078d2ff4429c717211dcfaecb) Importer(2089858483,192608db42251d675da83286b1cce702)
Start importing Assets/Oculus/Voice/Lib/Wit.ai/Features/Dictation/Scripts/Runtime/Dictation/Facebook.Wit.Dictation.asmdef using Guid(910a956078d2ff4429c717211dcfaecb) Importer(2089858483,192608db42251d675da83286b1cce702) (ScriptedImporter) -> (artifact id: '04080d4ac1e26c47392c380248e82f42') in 0.0153762 seconds
Number of updated asset objects reloaded before import = 0Number of asset objects unloaded after import = 1

========================================================================
Received Import Request.
  Time since last request: 0.000014 seconds.
  path: Assets/Oculus/Voice/Features/Dictation/Scripts/Runtime/Bindings/Android/DictationConfigurationBinding.cs
  artifactKey: Guid(c72e9e84ab9e87741986d6efe576e0d9) Importer(2089858483,192608db42251d675da83286b1cce702)
Start importing Assets/Oculus/Voice/Features/Dictation/Scripts/Runtime/Bindings/Android/DictationConfigurationBinding.cs using Guid(c72e9e84ab9e87741986d6efe576e0d9) Importer(2089858483,192608db42251d675da83286b1cce702) (ScriptedImporter) -> (artifact id: 'f469a846c2b0ec2988fb7116c9b33851') in 0.0188057 seconds
Number of updated asset objects reloaded before import = 0Number of asset objects unloaded after import = 0

========================================================================
Received Import Request.
  Time since last request: 0.000014 seconds.
  path: Assets/Oculus/Voice/Lib/Wit.ai/Lib/Wit/Runtime/Requests/VoiceAudioInputState.cs
  artifactKey: Guid(bf5c9ffc4c085f44fa280c421b97d49a) Importer(2089858483,192608db42251d675da83286b1cce702)
Start importing Assets/Oculus/Voice/Lib/Wit.ai/Lib/Wit/Runtime/Requests/VoiceAudioInputState.cs using Guid(bf5c9ffc4c085f44fa280c421b97d49a) Importer(2089858483,192608db42251d675da83286b1cce702) (ScriptedImporter) -> (artifact id: '0b6c90ad1c8ec6b2d0fe82dc56d56312') in 0.0192333 seconds
Number of updated asset objects reloaded before import = 0Number of asset objects unloaded after import = 0

========================================================================
Received Import Request.
  Time since last request: 0.000011 seconds.
  path: Assets/Oculus/Voice/Lib/Wit.ai/Lib/Wit/Runtime/Requests/NLP/INLPAudioRequestResults.cs
  artifactKey: Guid(01a8821bc7215e74191fc399897b2baa) Importer(2089858483,192608db42251d675da83286b1cce702)
Start importing Assets/Oculus/Voice/Lib/Wit.ai/Lib/Wit/Runtime/Requests/NLP/INLPAudioRequestResults.cs using Guid(01a8821bc7215e74191fc399897b2baa) Importer(2089858483,192608db42251d675da83286b1cce702) (ScriptedImporter) -> (artifact id: 'aeb40cece6203436319259d75c159748') in 0.0157671 seconds
Number of updated asset objects reloaded before import = 0Number of asset objects unloaded after import = 0

========================================================================
Received Import Request.
  Time since last request: 0.000015 seconds.
  path: Assets/Oculus/Voice/Lib/Wit.ai/Lib/Wit/Runtime/Requests/UnityRequests/AudioStreamHandler.cs
  artifactKey: Guid(e655ea64e620345448d9c6c04de80316) Importer(2089858483,192608db42251d675da83286b1cce702)
Start importing Assets/Oculus/Voice/Lib/Wit.ai/Lib/Wit/Runtime/Requests/UnityRequests/AudioStreamHandler.cs using Guid(e655ea64e620345448d9c6c04de80316) Importer(2089858483,192608db42251d675da83286b1cce702) (ScriptedImporter) -> (artifact id: 'cbed77c35303229d7346172c87401230') in 0.0137715 seconds
Number of updated asset objects reloaded before import = 0Number of asset objects unloaded after import = 0

========================================================================
Received Import Request.
  Time since last request: 0.000025 seconds.
  path: Assets/Oculus/Voice/Lib/Wit.ai/Scripts/Editor/Data/Configuration/WitWelcomeWizard.cs
  artifactKey: Guid(842ab427b28d8450597f95ef8c8689f7) Importer(2089858483,192608db42251d675da83286b1cce702)
Start importing Assets/Oculus/Voice/Lib/Wit.ai/Scripts/Editor/Data/Configuration/WitWelcomeWizard.cs using Guid(842ab427b28d8450597f95ef8c8689f7) Importer(2089858483,192608db42251d675da83286b1cce702) (ScriptedImporter) -> (artifact id: 'e02dc9bbdf449cfe257db860df393b24') in 0.0148952 seconds
Number of updated asset objects reloaded before import = 0Number of asset objects unloaded after import = 0

========================================================================
Received Import Request.
  Time since last request: 0.000013 seconds.
  path: Assets/Oculus/Voice/Lib/Wit.ai/Features/TTS/Scripts/Editor/Voices/TTSWitVoiceData.cs
  artifactKey: Guid(0b485971ba702574fa0f255d17bbc46f) Importer(2089858483,192608db42251d675da83286b1cce702)
Start importing Assets/Oculus/Voice/Lib/Wit.ai/Features/TTS/Scripts/Editor/Voices/TTSWitVoiceData.cs using Guid(0b485971ba702574fa0f255d17bbc46f) Importer(2089858483,192608db42251d675da83286b1cce702) (ScriptedImporter) -> (artifact id: '1866eec4c605178d81f823c532759ff2') in 0.0151973 seconds
Number of updated asset objects reloaded before import = 0Number of asset objects unloaded after import = 0

========================================================================
Received Import Request.
  Time since last request: 0.000013 seconds.
  path: Assets/Oculus/Voice/Lib/Wit.ai/Lib/Wit/Runtime/Requests/Transcription/TranscriptionRequestEvents.cs
  artifactKey: Guid(60e52fb326a04854bb809c362583ad1d) Importer(2089858483,192608db42251d675da83286b1cce702)
Start importing Assets/Oculus/Voice/Lib/Wit.ai/Lib/Wit/Runtime/Requests/Transcription/TranscriptionRequestEvents.cs using Guid(60e52fb326a04854bb809c362583ad1d) Importer(2089858483,192608db42251d675da83286b1cce702) (ScriptedImporter) -> (artifact id: 'd61a8603900eb8d10e5ec70073fcc4ba') in 0.0184694 seconds
Number of updated asset objects reloaded before import = 0Number of asset objects unloaded after import = 0

========================================================================
Received Import Request.
  Time since last request: 0.000013 seconds.
  path: Assets/Oculus/Voice/Lib/Wit.ai/Lib/Wit/Runtime/Utilities/CoroutineUtility.cs
  artifactKey: Guid(4491e38febc6ebd44a3e1b4539b28531) Importer(2089858483,192608db42251d675da83286b1cce702)
Start importing Assets/Oculus/Voice/Lib/Wit.ai/Lib/Wit/Runtime/Utilities/CoroutineUtility.cs using Guid(4491e38febc6ebd44a3e1b4539b28531) Importer(2089858483,192608db42251d675da83286b1cce702) (ScriptedImporter) -> (artifact id: '65388a660abc363c2c55d841f2e8b24b') in 0.0139166 seconds
Number of updated asset objects reloaded before import = 0Number of asset objects unloaded after import = 0

========================================================================
Received Import Request.
  Time since last request: 0.000013 seconds.
  path: Assets/Oculus/Voice/Lib/Wit.ai/Lib/Conduit/Editor/Training/EnumSynchronizer.cs
  artifactKey: Guid(d2283b6a21d94c3db0a2b6f76b4cd90f) Importer(2089858483,192608db42251d675da83286b1cce702)
Start importing Assets/Oculus/Voice/Lib/Wit.ai/Lib/Conduit/Editor/Training/EnumSynchronizer.cs using Guid(d2283b6a21d94c3db0a2b6f76b4cd90f) Importer(2089858483,192608db42251d675da83286b1cce702) (ScriptedImporter) -> (artifact id: '6f9a6cfb069925a5741489ec36f8468c') in 0.0145977 seconds
Number of updated asset objects reloaded before import = 0Number of asset objects unloaded after import = 0

========================================================================
Received Import Request.
  Time since last request: 0.000014 seconds.
  path: Assets/Oculus/Voice/Lib/Wit.ai/Scripts/Runtime/Lib/Mic/Common/Meta.VoiceSDK.Mic.Common.asmdef
  artifactKey: Guid(92a2c14febc027049bf15fe8da646123) Importer(2089858483,192608db42251d675da83286b1cce702)
Start importing Assets/Oculus/Voice/Lib/Wit.ai/Scripts/Runtime/Lib/Mic/Common/Meta.VoiceSDK.Mic.Common.asmdef using Guid(92a2c14febc027049bf15fe8da646123) Importer(2089858483,192608db42251d675da83286b1cce702) (ScriptedImporter) -> (artifact id: 'fc8bef8b225a42d932a33c5cbc4ca077') in 0.0205482 seconds
Number of updated asset objects reloaded before import = 0Number of asset objects unloaded after import = 1

========================================================================
Received Import Request.
  Time since last request: 0.000023 seconds.
  path: Assets/Oculus/Interaction/Samples/Objects/Environment/Locomotion/Models/Materials/LocomotionMirrorMat.mat
  artifactKey: Guid(116ea48a5d0307d4b99006d38bafbb80) Importer(2089858483,192608db42251d675da83286b1cce702)
Start importing Assets/Oculus/Interaction/Samples/Objects/Environment/Locomotion/Models/Materials/LocomotionMirrorMat.mat using Guid(116ea48a5d0307d4b99006d38bafbb80) Importer(2089858483,192608db42251d675da83286b1cce702) (ScriptedImporter) -> (artifact id: '41c89ce1046e2edf205c2cb30a7133ad') in 0.0156664 seconds
Number of updated asset objects reloaded before import = 0Number of asset objects unloaded after import = 1

========================================================================
Received Import Request.
  Time since last request: 0.000012 seconds.
  path: Assets/Oculus/Voice/Lib/Wit.ai/Features/TTS/Scripts/Runtime/Data/TTSClipData.cs
  artifactKey: Guid(ef626b8cea4f59646a5076430a0e14aa) Importer(2089858483,192608db42251d675da83286b1cce702)
Start importing Assets/Oculus/Voice/Lib/Wit.ai/Features/TTS/Scripts/Runtime/Data/TTSClipData.cs using Guid(ef626b8cea4f59646a5076430a0e14aa) Importer(2089858483,192608db42251d675da83286b1cce702) (ScriptedImporter) -> (artifact id: 'cca4a56fd153572c2caa44a9dadce96d') in 0.0150887 seconds
Number of updated asset objects reloaded before import = 0Number of asset objects unloaded after import = 0

========================================================================
Received Import Request.
  Time since last request: 0.000013 seconds.
  path: Assets/Oculus/Voice/Lib/Wit.ai/Lib/Wit/Runtime/Audio/UnityAudioClipStream.cs
  artifactKey: Guid(cfd8c6095070c6941a1c64a26d980785) Importer(2089858483,192608db42251d675da83286b1cce702)
Start importing Assets/Oculus/Voice/Lib/Wit.ai/Lib/Wit/Runtime/Audio/UnityAudioClipStream.cs using Guid(cfd8c6095070c6941a1c64a26d980785) Importer(2089858483,192608db42251d675da83286b1cce702) (ScriptedImporter) -> (artifact id: 'f20ab79cdd7e146d0f305f613a50df83') in 0.0132348 seconds
Number of updated asset objects reloaded before import = 0Number of asset objects unloaded after import = 0

========================================================================
Received Import Request.
  Time since last request: 0.000012 seconds.
  path: Assets/Oculus/Voice/Lib/Wit.ai/Lib/Wit/Runtime/Audio/IAudioSystem.cs
  artifactKey: Guid(b7beb703e95eafa41abe68445cfbc091) Importer(2089858483,192608db42251d675da83286b1cce702)
Start importing Assets/Oculus/Voice/Lib/Wit.ai/Lib/Wit/Runtime/Audio/IAudioSystem.cs using Guid(b7beb703e95eafa41abe68445cfbc091) Importer(2089858483,192608db42251d675da83286b1cce702) (ScriptedImporter) -> (artifact id: '15dd927401afa2a89940923c3addb818') in 0.0148398 seconds
Number of updated asset objects reloaded before import = 0Number of asset objects unloaded after import = 0

========================================================================
Received Import Request.
  Time since last request: 0.000021 seconds.
  path: Assets/Oculus/Spatializer/scenes/Standard Assets/Character Controllers/Sources/PrototypeCharacter/Materials/constructor_done.mat
  artifactKey: Guid(ca49380a71a2bb64c830d06bd421b9d1) Importer(2089858483,192608db42251d675da83286b1cce702)
Start importing Assets/Oculus/Spatializer/scenes/Standard Assets/Character Controllers/Sources/PrototypeCharacter/Materials/constructor_done.mat using Guid(ca49380a71a2bb64c830d06bd421b9d1) Importer(2089858483,192608db42251d675da83286b1cce702) (ScriptedImporter) -> (artifact id: 'e61dbd55f2ae19d4e5840f242f6d654f') in 0.0190116 seconds
Number of updated asset objects reloaded before import = 0Number of asset objects unloaded after import = 2

========================================================================
Received Import Request.
  Time since last request: 0.000012 seconds.
  path: Assets/Oculus/Voice/Lib/Wit.ai/Lib/Wit/Runtime/Requests/NLP/INLPAudioRequestEvents.cs
  artifactKey: Guid(8216a0bc771b78846bb5581dda39e6f0) Importer(2089858483,192608db42251d675da83286b1cce702)
Start importing Assets/Oculus/Voice/Lib/Wit.ai/Lib/Wit/Runtime/Requests/NLP/INLPAudioRequestEvents.cs using Guid(8216a0bc771b78846bb5581dda39e6f0) Importer(2089858483,192608db42251d675da83286b1cce702) (ScriptedImporter) -> (artifact id: '8ed8d7417737c53ce3a2f9d46e462bdb') in 0.0150965 seconds
Number of updated asset objects reloaded before import = 0Number of asset objects unloaded after import = 0

========================================================================
Received Import Request.
  Time since last request: 0.000017 seconds.
  path: Assets/Oculus/Voice/Lib/Wit.ai/Lib/Wit/Runtime/Requests/NLP/INLPTextRequestResults.cs
  artifactKey: Guid(5fceee57412e36c47b50dd8d83b8b507) Importer(2089858483,192608db42251d675da83286b1cce702)
Start importing Assets/Oculus/Voice/Lib/Wit.ai/Lib/Wit/Runtime/Requests/NLP/INLPTextRequestResults.cs using Guid(5fceee57412e36c47b50dd8d83b8b507) Importer(2089858483,192608db42251d675da83286b1cce702) (ScriptedImporter) -> (artifact id: 'ee9b3f97fdf3983a9f98a604dae972ea') in 0.0159999 seconds
Number of updated asset objects reloaded before import = 0Number of asset objects unloaded after import = 0

========================================================================
Received Import Request.
  Time since last request: 0.000024 seconds.
  path: Assets/Oculus/Interaction/Runtime/Scripts/Input/Hands/DataModifiers/FixedScaleDataModifier.cs
  artifactKey: Guid(97da7545d22d17148b34830b8481bae3) Importer(2089858483,192608db42251d675da83286b1cce702)
Start importing Assets/Oculus/Interaction/Runtime/Scripts/Input/Hands/DataModifiers/FixedScaleDataModifier.cs using Guid(97da7545d22d17148b34830b8481bae3) Importer(2089858483,192608db42251d675da83286b1cce702) (ScriptedImporter) -> (artifact id: 'cd8e413eaefd3769500527852996707a') in 0.0144338 seconds
Number of updated asset objects reloaded before import = 0Number of asset objects unloaded after import = 0

========================================================================
Received Import Request.
  Time since last request: 0.000012 seconds.
  path: Assets/Oculus/Voice/Features/Dictation/Scripts/Runtime/Bindings/Android/IServiceEvents.cs
  artifactKey: Guid(d37d74b88e6244ad83c9242662e8dd7c) Importer(2089858483,192608db42251d675da83286b1cce702)
Start importing Assets/Oculus/Voice/Features/Dictation/Scripts/Runtime/Bindings/Android/IServiceEvents.cs using Guid(d37d74b88e6244ad83c9242662e8dd7c) Importer(2089858483,192608db42251d675da83286b1cce702) (ScriptedImporter) -> (artifact id: '99350b46cd8aecedeaac5a2c140509ee') in 0.0163765 seconds
Number of updated asset objects reloaded before import = 0Number of asset objects unloaded after import = 0

========================================================================
Received Import Request.
  Time since last request: 0.000013 seconds.
  path: Assets/Oculus/VR/Editor/BuildingBlocks/BlockData/CameraRig/Scripts/CameraRigSetupRules.cs
  artifactKey: Guid(11c63c21b94a3ff4088dda6ac3ca01cb) Importer(2089858483,192608db42251d675da83286b1cce702)
Start importing Assets/Oculus/VR/Editor/BuildingBlocks/BlockData/CameraRig/Scripts/CameraRigSetupRules.cs using Guid(11c63c21b94a3ff4088dda6ac3ca01cb) Importer(2089858483,192608db42251d675da83286b1cce702) (ScriptedImporter) -> (artifact id: 'c8b0bbf092a6d7cfe0e1a30bbdad95ef') in 0.0141182 seconds
Number of updated asset objects reloaded before import = 0Number of asset objects unloaded after import = 0

========================================================================
Received Import Request.
  Time since last request: 0.000013 seconds.
  path: Assets/Oculus/Voice/Lib/Wit.ai/Features/TTS/Scripts/Runtime/Utilities/WitUnityRequest.cs
  artifactKey: Guid(3010b240dac799a4faf046323c12e522) Importer(2089858483,192608db42251d675da83286b1cce702)
Start importing Assets/Oculus/Voice/Lib/Wit.ai/Features/TTS/Scripts/Runtime/Utilities/WitUnityRequest.cs using Guid(3010b240dac799a4faf046323c12e522) Importer(2089858483,192608db42251d675da83286b1cce702) (ScriptedImporter) -> (artifact id: 'b9f20ea3260085aa8d7f7669cd90352e') in 0.0144239 seconds
Number of updated asset objects reloaded before import = 0Number of asset objects unloaded after import = 0

========================================================================
Received Import Request.
  Time since last request: 0.000017 seconds.
  path: Assets/Oculus/Interaction/Samples/Objects/Environment/Screen/Materials/FrameMaterial.mat
  artifactKey: Guid(66ad1818cc27f3840b0350726d52fa3d) Importer(2089858483,192608db42251d675da83286b1cce702)
Start importing Assets/Oculus/Interaction/Samples/Objects/Environment/Screen/Materials/FrameMaterial.mat using Guid(66ad1818cc27f3840b0350726d52fa3d) Importer(2089858483,192608db42251d675da83286b1cce702) (ScriptedImporter) -> (artifact id: 'e9277ef6654d84951665a0d9c8460dff') in 0.0177911 seconds
Number of updated asset objects reloaded before import = 0Number of asset objects unloaded after import = 2

========================================================================
Received Import Request.
  Time since last request: 0.000016 seconds.
  path: Assets/Oculus/Interaction/OVRIntegration/Editor/Blocks/InteractableItems/Prefabs/[BB] Pointable Cube.prefab
  artifactKey: Guid(09afcf33928494372befbc553eb0fc43) Importer(2089858483,192608db42251d675da83286b1cce702)
Start importing Assets/Oculus/Interaction/OVRIntegration/Editor/Blocks/InteractableItems/Prefabs/[BB] Pointable Cube.prefab using Guid(09afcf33928494372befbc553eb0fc43) Importer(2089858483,192608db42251d675da83286b1cce702) (ScriptedImporter) -> (artifact id: '15b4c5260305533503e256290dec95be') in 0.0199999 seconds
Number of updated asset objects reloaded before import = 0Number of asset objects unloaded after import = 12

========================================================================
Received Import Request.
  Time since last request: 0.000022 seconds.
  path: Assets/Oculus/Voice/Lib/Wit.ai/Scripts/Runtime/Interfaces/ITranscriptionEvent.cs
  artifactKey: Guid(84ba7d612a6d44bdabd374c5ab8c28ac) Importer(2089858483,192608db42251d675da83286b1cce702)
Start importing Assets/Oculus/Voice/Lib/Wit.ai/Scripts/Runtime/Interfaces/ITranscriptionEvent.cs using Guid(84ba7d612a6d44bdabd374c5ab8c28ac) Importer(2089858483,192608db42251d675da83286b1cce702) (ScriptedImporter) -> (artifact id: '8ef86c91366eae550ddbb567fa801d7c') in 0.0134343 seconds
Number of updated asset objects reloaded before import = 0Number of asset objects unloaded after import = 0

========================================================================
Received Import Request.
  Time since last request: 0.000012 seconds.
  path: Assets/Oculus/Interaction/Samples/Objects/Props/BigRedButton/Textures/Podium/Podium_SpecularSmoothness.png
  artifactKey: Guid(d067328b96a9e22468bb2cbd30c51050) Importer(2089858483,192608db42251d675da83286b1cce702)
Start importing Assets/Oculus/Interaction/Samples/Objects/Props/BigRedButton/Textures/Podium/Podium_SpecularSmoothness.png using Guid(d067328b96a9e22468bb2cbd30c51050) Importer(2089858483,192608db42251d675da83286b1cce702) (ScriptedImporter) -> (artifact id: '704552b19d2f2ebc825a3ec8baf65ba6') in 0.0190716 seconds
Number of updated asset objects reloaded before import = 0Number of asset objects unloaded after import = 1

========================================================================
Received Import Request.
  Time since last request: 0.000014 seconds.
  path: Assets/Oculus/SampleFramework/Usage/SceneManager/Scripts/CustomSceneManager/DynamicSceneManager.cs
  artifactKey: Guid(36623bf873a22fc498789172d2842726) Importer(2089858483,192608db42251d675da83286b1cce702)
Start importing Assets/Oculus/SampleFramework/Usage/SceneManager/Scripts/CustomSceneManager/DynamicSceneManager.cs using Guid(36623bf873a22fc498789172d2842726) Importer(2089858483,192608db42251d675da83286b1cce702) (ScriptedImporter) -> (artifact id: 'b0281dd45add7c3a7ce0e90e4a785234') in 0.0141345 seconds
Number of updated asset objects reloaded before import = 0Number of asset objects unloaded after import = 0

========================================================================
Received Import Request.
  Time since last request: 0.000012 seconds.
  path: Assets/Oculus/VR/Editor/OVRProjectSetup/Tasks/Implementations/OVRProjectSetupCompatibilityTasks.cs
  artifactKey: Guid(f23b5d0d61a07874aa97d72200848188) Importer(2089858483,192608db42251d675da83286b1cce702)
Start importing Assets/Oculus/VR/Editor/OVRProjectSetup/Tasks/Implementations/OVRProjectSetupCompatibilityTasks.cs using Guid(f23b5d0d61a07874aa97d72200848188) Importer(2089858483,192608db42251d675da83286b1cce702) (ScriptedImporter) -> (artifact id: '8834a505bb462c5f79c51bc596b07b85') in 0.0144255 seconds
Number of updated asset objects reloaded before import = 0Number of asset objects unloaded after import = 0

========================================================================
Received Import Request.
  Time since last request: 0.000013 seconds.
  path: Assets/Oculus/Interaction/Samples/Objects/Environment/MRDesk/Materials/MRDeskShadow.mat
  artifactKey: Guid(b8b2855e2f2d82f47a440a0f16dbfd71) Importer(2089858483,192608db42251d675da83286b1cce702)
Start importing Assets/Oculus/Interaction/Samples/Objects/Environment/MRDesk/Materials/MRDeskShadow.mat using Guid(b8b2855e2f2d82f47a440a0f16dbfd71) Importer(2089858483,192608db42251d675da83286b1cce702) (ScriptedImporter) -> (artifact id: '1bdb1442f2b19e0afb982b9a73660ea8') in 0.0192473 seconds
Number of updated asset objects reloaded before import = 0Number of asset objects unloaded after import = 2

========================================================================
Received Import Request.
  Time since last request: 0.000014 seconds.
  path: Assets/Oculus/Interaction/Samples/Objects/Environment/Locomotion/Models/Meta_LocomotionBench.fbx
  artifactKey: Guid(5591613db3f171d44ba7aed51c6351f9) Importer(2089858483,192608db42251d675da83286b1cce702)
Start importing Assets/Oculus/Interaction/Samples/Objects/Environment/Locomotion/Models/Meta_LocomotionBench.fbx using Guid(5591613db3f171d44ba7aed51c6351f9) Importer(2089858483,192608db42251d675da83286b1cce702) (ScriptedImporter) -> (artifact id: 'b0b0452b0affe975a6de4fd266e033d6') in 0.0277047 seconds
Number of updated asset objects reloaded before import = 0Number of asset objects unloaded after import = 19

========================================================================
Received Import Request.
  Time since last request: 0.000022 seconds.
  path: Assets/Oculus/Interaction/Samples/Objects/Props/CoffeeCup/CoffeeCupFractured.fbx
  artifactKey: Guid(055b4edebb104c34c842d52b42aca235) Importer(2089858483,192608db42251d675da83286b1cce702)
Start importing Assets/Oculus/Interaction/Samples/Objects/Props/CoffeeCup/CoffeeCupFractured.fbx using Guid(055b4edebb104c34c842d52b42aca235) Importer(2089858483,192608db42251d675da83286b1cce702) (ScriptedImporter) -> (artifact id: '14a04ed12244c79f13dbd67676181537') in 0.0356612 seconds
Number of updated asset objects reloaded before import = 0Number of asset objects unloaded after import = 84

========================================================================
Received Import Request.
  Time since last request: 0.000015 seconds.
  path: Assets/Oculus/Voice/Lib/Wit.ai/Scripts/Runtime/CallbackHandlers/ConfidenceRange.cs
  artifactKey: Guid(8a9a869d94ca2214fb1f2f5c3aeef455) Importer(2089858483,192608db42251d675da83286b1cce702)
Start importing Assets/Oculus/Voice/Lib/Wit.ai/Scripts/Runtime/CallbackHandlers/ConfidenceRange.cs using Guid(8a9a869d94ca2214fb1f2f5c3aeef455) Importer(2089858483,192608db42251d675da83286b1cce702) (ScriptedImporter) -> (artifact id: 'f6caba9a68a1b42ff0500b3c86c2ad6f') in 0.0134566 seconds
Number of updated asset objects reloaded before import = 0Number of asset objects unloaded after import = 0

========================================================================
Received Import Request.
  Time since last request: 0.000014 seconds.
  path: Assets/Oculus/Interaction/OVRIntegration/Editor/Blocks/InteractableItems/Prefabs/[BB] Pokeable Plane.prefab
  artifactKey: Guid(7aec9913f7f564a05883130bcdaf2347) Importer(2089858483,192608db42251d675da83286b1cce702)
Start importing Assets/Oculus/Interaction/OVRIntegration/Editor/Blocks/InteractableItems/Prefabs/[BB] Pokeable Plane.prefab using Guid(7aec9913f7f564a05883130bcdaf2347) Importer(2089858483,192608db42251d675da83286b1cce702) (ScriptedImporter) -> (artifact id: 'e514991b543ba18fa07ce4be5c80b1f2') in 0.0185261 seconds
Number of updated asset objects reloaded before import = 0Number of asset objects unloaded after import = 22

========================================================================
Received Import Request.
  Time since last request: 0.000015 seconds.
  path: Assets/Oculus/Voice/Lib/Wit.ai/Lib/Conduit/Runtime/Attributes/OnConduitFailedParameterResolutionAttribute.cs
  artifactKey: Guid(c5f6b4977623440a8aacf990eabdbb52) Importer(2089858483,192608db42251d675da83286b1cce702)
Start importing Assets/Oculus/Voice/Lib/Wit.ai/Lib/Conduit/Runtime/Attributes/OnConduitFailedParameterResolutionAttribute.cs using Guid(c5f6b4977623440a8aacf990eabdbb52) Importer(2089858483,192608db42251d675da83286b1cce702) (ScriptedImporter) -> (artifact id: 'd1ad9e9580ccb0b2b366f808f6ca5ff9') in 0.0141679 seconds
Number of updated asset objects reloaded before import = 0Number of asset objects unloaded after import = 0

========================================================================
Received Import Request.
  Time since last request: 0.000015 seconds.
  path: Assets/Oculus/Voice/Lib/Wit.ai/Lib/Wit/Runtime/Requests/Transcription/ITranscriptionRequestEvents.cs
  artifactKey: Guid(92ef02da129d5254790b96422ef4f48f) Importer(2089858483,192608db42251d675da83286b1cce702)
Start importing Assets/Oculus/Voice/Lib/Wit.ai/Lib/Wit/Runtime/Requests/Transcription/ITranscriptionRequestEvents.cs using Guid(92ef02da129d5254790b96422ef4f48f) Importer(2089858483,192608db42251d675da83286b1cce702) (ScriptedImporter) -> (artifact id: 'b3be6d3c60ca585ca85f1a3b2a481859') in 0.016859 seconds
Number of updated asset objects reloaded before import = 0Number of asset objects unloaded after import = 0

========================================================================
Received Import Request.
  Time since last request: 0.000017 seconds.
  path: Assets/Oculus/Interaction/Runtime/Scripts/Unity/UnityCanvas/CanvasCylinder.cs
  artifactKey: Guid(85ef10d17088b3c4cad9a5d13887b157) Importer(2089858483,192608db42251d675da83286b1cce702)
Start importing Assets/Oculus/Interaction/Runtime/Scripts/Unity/UnityCanvas/CanvasCylinder.cs using Guid(85ef10d17088b3c4cad9a5d13887b157) Importer(2089858483,192608db42251d675da83286b1cce702) (ScriptedImporter) -> (artifact id: 'd68cc95d51222e5e1630a2c27ce771de') in 0.0136811 seconds
Number of updated asset objects reloaded before import = 0Number of asset objects unloaded after import = 0

========================================================================
Received Import Request.
  Time since last request: 0.000024 seconds.
  path: Assets/Oculus/Voice/Features/Hub/Scripts/Editor/Utilities/PageFinder.cs
  artifactKey: Guid(b5b71dcbc6c2475a831e119b0d8701cf) Importer(2089858483,192608db42251d675da83286b1cce702)
Start importing Assets/Oculus/Voice/Features/Hub/Scripts/Editor/Utilities/PageFinder.cs using Guid(b5b71dcbc6c2475a831e119b0d8701cf) Importer(2089858483,192608db42251d675da83286b1cce702) (ScriptedImporter) -> (artifact id: '0bf2d9ddd8e40b4bcafcd8d9b44c6805') in 0.0140293 seconds
Number of updated asset objects reloaded before import = 0Number of asset objects unloaded after import = 0

========================================================================
Received Import Request.
  Time since last request: 0.000016 seconds.
  path: Assets/Oculus/Voice/Lib/Wit.ai/Scripts/Editor/WitConfigurationEditorUI.cs
  artifactKey: Guid(2ba15d03273868f4699ab7b133572d8a) Importer(2089858483,192608db42251d675da83286b1cce702)
Start importing Assets/Oculus/Voice/Lib/Wit.ai/Scripts/Editor/WitConfigurationEditorUI.cs using Guid(2ba15d03273868f4699ab7b133572d8a) Importer(2089858483,192608db42251d675da83286b1cce702) (ScriptedImporter) -> (artifact id: '0b2747361cf2933b59eb0c58061557e2') in 0.0149253 seconds
Number of updated asset objects reloaded before import = 0Number of asset objects unloaded after import = 0

========================================================================
Received Import Request.
  Time since last request: 0.000016 seconds.
  path: Assets/Oculus/Voice/Features/Dictation/Scripts/Runtime/Bindings/Android/PlatformDictationSession.cs
  artifactKey: Guid(87bac4c0262b45dcbbf302346ee10eb4) Importer(2089858483,192608db42251d675da83286b1cce702)
Start importing Assets/Oculus/Voice/Features/Dictation/Scripts/Runtime/Bindings/Android/PlatformDictationSession.cs using Guid(87bac4c0262b45dcbbf302346ee10eb4) Importer(2089858483,192608db42251d675da83286b1cce702) (ScriptedImporter) -> (artifact id: '138e5b972723d4eec5dda8099bfd1aa1') in 0.0149657 seconds
Number of updated asset objects reloaded before import = 0Number of asset objects unloaded after import = 0

========================================================================
Received Import Request.
  Time since last request: 0.000015 seconds.
  path: Assets/Oculus/Voice/Lib/Wit.ai/Lib/Wit/Runtime/Json/ColorConverter.cs
  artifactKey: Guid(a8211bee17356ba498fd206c0c54e117) Importer(2089858483,192608db42251d675da83286b1cce702)
Start importing Assets/Oculus/Voice/Lib/Wit.ai/Lib/Wit/Runtime/Json/ColorConverter.cs using Guid(a8211bee17356ba498fd206c0c54e117) Importer(2089858483,192608db42251d675da83286b1cce702) (ScriptedImporter) -> (artifact id: '1c0e1f439f232ab1aca6503dd4881a1a') in 0.0112014 seconds
Number of updated asset objects reloaded before import = 0Number of asset objects unloaded after import = 0

========================================================================
Received Import Request.
  Time since last request: 0.000013 seconds.
  path: Assets/Oculus/VR/Editor/BuildingBlocks/BlockData/EyeGaze/Scripts/EyeGazeBlockData.cs
  artifactKey: Guid(97dca17360f5b2a42ba159835181cd60) Importer(2089858483,192608db42251d675da83286b1cce702)
Start importing Assets/Oculus/VR/Editor/BuildingBlocks/BlockData/EyeGaze/Scripts/EyeGazeBlockData.cs using Guid(97dca17360f5b2a42ba159835181cd60) Importer(2089858483,192608db42251d675da83286b1cce702) (ScriptedImporter) -> (artifact id: 'c7dc26645e8bb4478acf8ddb7e005d00') in 0.0123807 seconds
Number of updated asset objects reloaded before import = 0Number of asset objects unloaded after import = 0

========================================================================
Received Import Request.
  Time since last request: 0.000015 seconds.
  path: Assets/Oculus/Voice/Lib/Wit.ai/Scripts/Runtime/Data/Entities/DynamicEntityDataProvider.cs
  artifactKey: Guid(4b4e835dcc764fee99862c3c535ab5fa) Importer(2089858483,192608db42251d675da83286b1cce702)
Start importing Assets/Oculus/Voice/Lib/Wit.ai/Scripts/Runtime/Data/Entities/DynamicEntityDataProvider.cs using Guid(4b4e835dcc764fee99862c3c535ab5fa) Importer(2089858483,192608db42251d675da83286b1cce702) (ScriptedImporter) -> (artifact id: 'd948d5738263c21c81cbac3e61842d6a') in 0.0145348 seconds
Number of updated asset objects reloaded before import = 0Number of asset objects unloaded after import = 0

========================================================================
Received Import Request.
  Time since last request: 0.000016 seconds.
  path: Assets/Oculus/Interaction/Samples/Prefabs/OVRIntegration/Legacy/legacy.txt
  artifactKey: Guid(961c534a8c3090742bd1a5fcf8edd46e) Importer(2089858483,192608db42251d675da83286b1cce702)
Start importing Assets/Oculus/Interaction/Samples/Prefabs/OVRIntegration/Legacy/legacy.txt using Guid(961c534a8c3090742bd1a5fcf8edd46e) Importer(2089858483,192608db42251d675da83286b1cce702) (ScriptedImporter) -> (artifact id: 'a1ab5647d97ee11b17e80d68a36fd226') in 0.0124529 seconds
Number of updated asset objects reloaded before import = 0Number of asset objects unloaded after import = 1

========================================================================
Received Import Request.
  Time since last request: 0.000025 seconds.
  path: Assets/Oculus/Interaction/Runtime/Scripts/Input/Hands/DataModifiers/OneEuroFilterPositionHand.cs
  artifactKey: Guid(77f93b4928ccdb2448c377308b7f4731) Importer(2089858483,192608db42251d675da83286b1cce702)
Start importing Assets/Oculus/Interaction/Runtime/Scripts/Input/Hands/DataModifiers/OneEuroFilterPositionHand.cs using Guid(77f93b4928ccdb2448c377308b7f4731) Importer(2089858483,192608db42251d675da83286b1cce702) (ScriptedImporter) -> (artifact id: 'e76ffe3c686b9c5b6b7a54d37ed1ae3b') in 0.0129594 seconds
Number of updated asset objects reloaded before import = 0Number of asset objects unloaded after import = 0

========================================================================
Received Import Request.
  Time since last request: 0.000012 seconds.
  path: Assets/Oculus/Voice/Lib/Wit.ai/Scripts/Runtime/ServiceReferences/VoiceServiceAudioEventReference.cs
  artifactKey: Guid(5043dd44ef87a4361af6bc4f3be2da5d) Importer(2089858483,192608db42251d675da83286b1cce702)
Start importing Assets/Oculus/Voice/Lib/Wit.ai/Scripts/Runtime/ServiceReferences/VoiceServiceAudioEventReference.cs using Guid(5043dd44ef87a4361af6bc4f3be2da5d) Importer(2089858483,192608db42251d675da83286b1cce702) (ScriptedImporter) -> (artifact id: '46a614d1ba1bb6f3af04d23c2588981f') in 0.0127626 seconds
Number of updated asset objects reloaded before import = 0Number of asset objects unloaded after import = 0

========================================================================
Received Import Request.
  Time since last request: 0.000013 seconds.
  path: Assets/Oculus/Voice/Lib/Wit.ai/Lib/Wit/Runtime/Data/Info/WitIntentInfo.cs
  artifactKey: Guid(ac032a81358dadc41b4b9aad9e9d8f3f) Importer(2089858483,192608db42251d675da83286b1cce702)
Start importing Assets/Oculus/Voice/Lib/Wit.ai/Lib/Wit/Runtime/Data/Info/WitIntentInfo.cs using Guid(ac032a81358dadc41b4b9aad9e9d8f3f) Importer(2089858483,192608db42251d675da83286b1cce702) (ScriptedImporter) -> (artifact id: '835d656cf2d3650e894e0eec2b4452f8') in 0.0124984 seconds
Number of updated asset objects reloaded before import = 0Number of asset objects unloaded after import = 0

========================================================================
Received Import Request.
  Time since last request: 0.000015 seconds.
  path: Assets/Oculus/Voice/Lib/Wit.ai/Scripts/Runtime/Data/Configuration/WitRequestOptions.cs
  artifactKey: Guid(a6834fd3c55fb41a1885302e6043f5d6) Importer(2089858483,192608db42251d675da83286b1cce702)
Start importing Assets/Oculus/Voice/Lib/Wit.ai/Scripts/Runtime/Data/Configuration/WitRequestOptions.cs using Guid(a6834fd3c55fb41a1885302e6043f5d6) Importer(2089858483,192608db42251d675da83286b1cce702) (ScriptedImporter) -> (artifact id: '338c1e832bbf9687218244c702fdcd6d') in 0.0138509 seconds
Number of updated asset objects reloaded before import = 0Number of asset objects unloaded after import = 0

========================================================================
Received Import Request.
  Time since last request: 0.000015 seconds.
  path: Assets/Oculus/Interaction/Samples/Objects/Environment/Tooltips/DialogVideos/DialogVideos.renderTexture
  artifactKey: Guid(111856c8bcade9a44a279d27230f0203) Importer(2089858483,192608db42251d675da83286b1cce702)
Start importing Assets/Oculus/Interaction/Samples/Objects/Environment/Tooltips/DialogVideos/DialogVideos.renderTexture using Guid(111856c8bcade9a44a279d27230f0203) Importer(2089858483,192608db42251d675da83286b1cce702) (ScriptedImporter) -> (artifact id: '58b79d2d21d18cb1bd19a6d02db39356') in 0.014912 seconds
Number of updated asset objects reloaded before import = 0Number of asset objects unloaded after import = 1

========================================================================
Received Import Request.
  Time since last request: 0.000015 seconds.
  path: Assets/Oculus/Voice/Lib/Wit.ai/Scripts/Runtime/Data/Entities/WitEntityKeyword.cs
  artifactKey: Guid(238c5744a5ded9a43b163802d60185b8) Importer(2089858483,192608db42251d675da83286b1cce702)
Start importing Assets/Oculus/Voice/Lib/Wit.ai/Scripts/Runtime/Data/Entities/WitEntityKeyword.cs using Guid(238c5744a5ded9a43b163802d60185b8) Importer(2089858483,192608db42251d675da83286b1cce702) (ScriptedImporter) -> (artifact id: '4f25de52a13a304a71fe56d50e775f81') in 0.0137903 seconds
Number of updated asset objects reloaded before import = 0Number of asset objects unloaded after import = 0

========================================================================
Received Import Request.
  Time since last request: 0.000017 seconds.
  path: Assets/Oculus/Interaction/Runtime/Scripts/Interaction/Models/UseGrab/IFingerUseAPI.cs
  artifactKey: Guid(b1d6aa058bd6f70428edf52ee28c10ed) Importer(2089858483,192608db42251d675da83286b1cce702)
Start importing Assets/Oculus/Interaction/Runtime/Scripts/Interaction/Models/UseGrab/IFingerUseAPI.cs using Guid(b1d6aa058bd6f70428edf52ee28c10ed) Importer(2089858483,192608db42251d675da83286b1cce702) (ScriptedImporter) -> (artifact id: 'aba75908544036ab8b249ba863d44b78') in 0.0111422 seconds
Number of updated asset objects reloaded before import = 0Number of asset objects unloaded after import = 0

========================================================================
Received Import Request.
  Time since last request: 0.000023 seconds.
  path: Assets/Oculus/Interaction/Samples/Objects/Environment/Tooltips/DialogVideos/Instruction_TouchGrab.mp4
  artifactKey: Guid(048e32cae8e80b247835e0fe39b2898b) Importer(2089858483,192608db42251d675da83286b1cce702)
Start importing Assets/Oculus/Interaction/Samples/Objects/Environment/Tooltips/DialogVideos/Instruction_TouchGrab.mp4 using Guid(048e32cae8e80b247835e0fe39b2898b) Importer(2089858483,192608db42251d675da83286b1cce702) (ScriptedImporter) -> (artifact id: '05bea7c460f25243f8a944602a7c27c0') in 0.0139579 seconds
Number of updated asset objects reloaded before import = 0Number of asset objects unloaded after import = 1

========================================================================
Received Import Request.
  Time since last request: 0.000015 seconds.
  path: Assets/Oculus/Voice/Lib/Wit.ai/Lib/Conduit/Runtime/Attributes/ConduitActionAttribute.cs
  artifactKey: Guid(63c4a0078c9c30843ada8b6fdcd71f41) Importer(2089858483,192608db42251d675da83286b1cce702)
Start importing Assets/Oculus/Voice/Lib/Wit.ai/Lib/Conduit/Runtime/Attributes/ConduitActionAttribute.cs using Guid(63c4a0078c9c30843ada8b6fdcd71f41) Importer(2089858483,192608db42251d675da83286b1cce702) (ScriptedImporter) -> (artifact id: '0c6c4ce9eb42e7aef88fa23d6deef080') in 0.0132449 seconds
Number of updated asset objects reloaded before import = 0Number of asset objects unloaded after import = 0

========================================================================
Received Import Request.
  Time since last request: 0.000013 seconds.
  path: Assets/Oculus/Interaction/Runtime/Scripts/Input/Hands/DataModifiers/OneEuroFilterRotationHand.cs
  artifactKey: Guid(e410712d2f3ef084daeb2eac77899ce2) Importer(2089858483,192608db42251d675da83286b1cce702)
Start importing Assets/Oculus/Interaction/Runtime/Scripts/Input/Hands/DataModifiers/OneEuroFilterRotationHand.cs using Guid(e410712d2f3ef084daeb2eac77899ce2) Importer(2089858483,192608db42251d675da83286b1cce702) (ScriptedImporter) -> (artifact id: '46cb59dbed1ba122b0a950f25a9b7ea5') in 0.014987 seconds
Number of updated asset objects reloaded before import = 0Number of asset objects unloaded after import = 0

========================================================================
Received Import Request.
  Time since last request: 0.000014 seconds.
  path: Assets/Oculus/Interaction/Samples/Objects/Props/ToyBox/ToyBoxes.fbx
  artifactKey: Guid(d8142cf98aa0bf44c9b088fd9081a761) Importer(2089858483,192608db42251d675da83286b1cce702)
Start importing Assets/Oculus/Interaction/Samples/Objects/Props/ToyBox/ToyBoxes.fbx using Guid(d8142cf98aa0bf44c9b088fd9081a761) Importer(2089858483,192608db42251d675da83286b1cce702) (ScriptedImporter) -> (artifact id: '97883eb5716f9a85f24c7c396f9bc867') in 0.0213044 seconds
Number of updated asset objects reloaded before import = 0Number of asset objects unloaded after import = 25

========================================================================
Received Import Request.
  Time since last request: 0.000012 seconds.
  path: Assets/Oculus/Interaction/Samples/Objects/Environment/SmallRoom/Textures/groundBake.png
  artifactKey: Guid(83253f04135590d4590783d7c3fdd99e) Importer(2089858483,192608db42251d675da83286b1cce702)
Start importing Assets/Oculus/Interaction/Samples/Objects/Environment/SmallRoom/Textures/groundBake.png using Guid(83253f04135590d4590783d7c3fdd99e) Importer(2089858483,192608db42251d675da83286b1cce702) (ScriptedImporter) -> (artifact id: 'd9a435baf8ff5d7dbe98662817e3a835') in 0.0243602 seconds
Number of updated asset objects reloaded before import = 0Number of asset objects unloaded after import = 1

========================================================================
Received Import Request.
  Time since last request: 0.000014 seconds.
  path: Assets/Oculus/Voice/Lib/Wit.ai/Scripts/Runtime/Data/Configuration/WitEndpointConfig.cs
  artifactKey: Guid(61a0415bfdfa4d64e89801fbc0b30ec7) Importer(2089858483,192608db42251d675da83286b1cce702)
Start importing Assets/Oculus/Voice/Lib/Wit.ai/Scripts/Runtime/Data/Configuration/WitEndpointConfig.cs using Guid(61a0415bfdfa4d64e89801fbc0b30ec7) Importer(2089858483,192608db42251d675da83286b1cce702) (ScriptedImporter) -> (artifact id: '0c5325fd87a042e6a7da213fdaf66962') in 0.0127569 seconds
Number of updated asset objects reloaded before import = 0Number of asset objects unloaded after import = 0

========================================================================
Received Import Request.
  Time since last request: 0.000015 seconds.
  path: Assets/Oculus/Interaction/Samples/Objects/Props/ChessPiece/Textures/simpleGrabKnight_AlbedoRoughness.png
  artifactKey: Guid(e35eeeb9c4e16fa469f141d669ed69d7) Importer(2089858483,192608db42251d675da83286b1cce702)
Start importing Assets/Oculus/Interaction/Samples/Objects/Props/ChessPiece/Textures/simpleGrabKnight_AlbedoRoughness.png using Guid(e35eeeb9c4e16fa469f141d669ed69d7) Importer(2089858483,192608db42251d675da83286b1cce702) (ScriptedImporter) -> (artifact id: '4c82df3c68f6cbc254fdef7945ce83a3') in 0.0174964 seconds
Number of updated asset objects reloaded before import = 0Number of asset objects unloaded after import = 1

========================================================================
Received Import Request.
  Time since last request: 0.000021 seconds.
  path: Assets/Oculus/Voice/Lib/Wit.ai/Scripts/Runtime/WitAuthUtility.cs
  artifactKey: Guid(429feb10fcc04f544b5d400a5c0cabd3) Importer(2089858483,192608db42251d675da83286b1cce702)
Start importing Assets/Oculus/Voice/Lib/Wit.ai/Scripts/Runtime/WitAuthUtility.cs using Guid(429feb10fcc04f544b5d400a5c0cabd3) Importer(2089858483,192608db42251d675da83286b1cce702) (ScriptedImporter) -> (artifact id: 'fb611b502a370a45f92eeffa7ee3ec7e') in 0.0121849 seconds
Number of updated asset objects reloaded before import = 0Number of asset objects unloaded after import = 0

========================================================================
Received Import Request.
  Time since last request: 0.000015 seconds.
  path: Assets/Oculus/Voice/Lib/Wit.ai/Features/TTS/Scripts/Runtime/Integrations/TTSDiskCache.cs
  artifactKey: Guid(b0ffdd015bcb8ea41bb96f19a723bf7d) Importer(2089858483,192608db42251d675da83286b1cce702)
Start importing Assets/Oculus/Voice/Lib/Wit.ai/Features/TTS/Scripts/Runtime/Integrations/TTSDiskCache.cs using Guid(b0ffdd015bcb8ea41bb96f19a723bf7d) Importer(2089858483,192608db42251d675da83286b1cce702) (ScriptedImporter) -> (artifact id: '7c23865344cc02d948d3cf120b04072e') in 0.0130147 seconds
Number of updated asset objects reloaded before import = 0Number of asset objects unloaded after import = 0

========================================================================
Received Import Request.
  Time since last request: 0.000014 seconds.
  path: Assets/Oculus/Voice/Lib/Wit.ai/Features/TTS/Scripts/Editor/TTSEditorUtilities.cs
  artifactKey: Guid(c590c0f8426e4194db6efc14c68db75c) Importer(2089858483,192608db42251d675da83286b1cce702)
Start importing Assets/Oculus/Voice/Lib/Wit.ai/Features/TTS/Scripts/Editor/TTSEditorUtilities.cs using Guid(c590c0f8426e4194db6efc14c68db75c) Importer(2089858483,192608db42251d675da83286b1cce702) (ScriptedImporter) -> (artifact id: 'a99cfb6092a8e1814dcf65a757176eac') in 0.0135819 seconds
Number of updated asset objects reloaded before import = 0Number of asset objects unloaded after import = 0

========================================================================
Received Import Request.
  Time since last request: 0.000015 seconds.
  path: Assets/Oculus/Interaction/Runtime/Scripts/Interaction/Models/Locomotion/Teleport/Visuals/TeleportArcVisual.cs
  artifactKey: Guid(e5b5f89edd2787e4dadc54c07f4bf8b3) Importer(2089858483,192608db42251d675da83286b1cce702)
Start importing Assets/Oculus/Interaction/Runtime/Scripts/Interaction/Models/Locomotion/Teleport/Visuals/TeleportArcVisual.cs using Guid(e5b5f89edd2787e4dadc54c07f4bf8b3) Importer(2089858483,192608db42251d675da83286b1cce702) (ScriptedImporter) -> (artifact id: '6f4590cfb5150c3cb45942b9a84b52e8') in 0.0134764 seconds
Number of updated asset objects reloaded before import = 0Number of asset objects unloaded after import = 0

========================================================================
Received Import Request.
  Time since last request: 0.000015 seconds.
  path: Assets/Oculus/Voice/Lib/Wit.ai/Scripts/Runtime/Interfaces/IDynamicEntitiesProvider.cs
  artifactKey: Guid(a8d2a4f3de747488da5e7ae246145740) Importer(2089858483,192608db42251d675da83286b1cce702)
Start importing Assets/Oculus/Voice/Lib/Wit.ai/Scripts/Runtime/Interfaces/IDynamicEntitiesProvider.cs using Guid(a8d2a4f3de747488da5e7ae246145740) Importer(2089858483,192608db42251d675da83286b1cce702) (ScriptedImporter) -> (artifact id: '913a4ca387effeb23e8cb9f4f09800b6') in 0.0130075 seconds
Number of updated asset objects reloaded before import = 0Number of asset objects unloaded after import = 0

========================================================================
Received Import Request.
  Time since last request: 0.000014 seconds.
  path: Assets/Oculus/Interaction/Samples/Scripts/HandGrabUse/Effects/WaterSpray/WaterSpray.cs
  artifactKey: Guid(00b3471f79f999345b21b7979abca356) Importer(2089858483,192608db42251d675da83286b1cce702)
Start importing Assets/Oculus/Interaction/Samples/Scripts/HandGrabUse/Effects/WaterSpray/WaterSpray.cs using Guid(00b3471f79f999345b21b7979abca356) Importer(2089858483,192608db42251d675da83286b1cce702) (ScriptedImporter) -> (artifact id: '0a2aee4176dfe8c5a12a47fc88c33ade') in 0.0130359 seconds
Number of updated asset objects reloaded before import = 0Number of asset objects unloaded after import = 0

========================================================================
Received Import Request.
  Time since last request: 0.000015 seconds.
  path: Assets/Oculus/Voice/Lib/Wit.ai/Lib/Conduit/Editor/Training/KeywordsDelta.cs
  artifactKey: Guid(59244493b3074e128bc55157264df6ab) Importer(2089858483,192608db42251d675da83286b1cce702)
Start importing Assets/Oculus/Voice/Lib/Wit.ai/Lib/Conduit/Editor/Training/KeywordsDelta.cs using Guid(59244493b3074e128bc55157264df6ab) Importer(2089858483,192608db42251d675da83286b1cce702) (ScriptedImporter) -> (artifact id: '37b63f1739b0265ef3bcb227c00868bf') in 0.0130895 seconds
Number of updated asset objects reloaded before import = 0Number of asset objects unloaded after import = 0

========================================================================
Received Import Request.
  Time since last request: 0.000019 seconds.
  path: Assets/Oculus/Voice/Lib/Wit.ai/Lib/Wit/Editor/Requests/WitInfoVRequest.cs
  artifactKey: Guid(9bbe52f6f362dcb459d5ea5f58e467aa) Importer(2089858483,192608db42251d675da83286b1cce702)
Start importing Assets/Oculus/Voice/Lib/Wit.ai/Lib/Wit/Editor/Requests/WitInfoVRequest.cs using Guid(9bbe52f6f362dcb459d5ea5f58e467aa) Importer(2089858483,192608db42251d675da83286b1cce702) (ScriptedImporter) -> (artifact id: '5efd45817b98c180f595cfe141051346') in 0.0139877 seconds
Number of updated asset objects reloaded before import = 0Number of asset objects unloaded after import = 0

========================================================================
Received Import Request.
  Time since last request: 0.000023 seconds.
  path: Assets/Oculus/Interaction/Samples/Objects/Environment/Tooltips/NearSwipe/SwipeInstructions.mp4
  artifactKey: Guid(54f346f33d8ec11468b75cd1b827ab51) Importer(2089858483,192608db42251d675da83286b1cce702)
Start importing Assets/Oculus/Interaction/Samples/Objects/Environment/Tooltips/NearSwipe/SwipeInstructions.mp4 using Guid(54f346f33d8ec11468b75cd1b827ab51) Importer(2089858483,192608db42251d675da83286b1cce702) (ScriptedImporter) -> (artifact id: 'd8041d56b56529a406873e10365b71d9') in 0.0129546 seconds
Number of updated asset objects reloaded before import = 0Number of asset objects unloaded after import = 1

========================================================================
Received Import Request.
  Time since last request: 0.000012 seconds.
  path: Assets/Oculus/Interaction/Runtime/Scripts/Interaction/Models/Locomotion/LocomotionEvent.cs
  artifactKey: Guid(ea1801d2d917cda43aa2e82272770810) Importer(2089858483,192608db42251d675da83286b1cce702)
Start importing Assets/Oculus/Interaction/Runtime/Scripts/Interaction/Models/Locomotion/LocomotionEvent.cs using Guid(ea1801d2d917cda43aa2e82272770810) Importer(2089858483,192608db42251d675da83286b1cce702) (ScriptedImporter) -> (artifact id: 'e1c3f0e8f1b7770f639b8df166f61d38') in 0.0124844 seconds
Number of updated asset objects reloaded before import = 0Number of asset objects unloaded after import = 0

========================================================================
Received Import Request.
  Time since last request: 0.000012 seconds.
  path: Assets/Oculus/Interaction/Runtime/Scripts/PoseDetection/Debug/FingerFeatureDebugVisual.cs
  artifactKey: Guid(89e8f8c35caba0c4abef1bdd8890c640) Importer(2089858483,192608db42251d675da83286b1cce702)
Start importing Assets/Oculus/Interaction/Runtime/Scripts/PoseDetection/Debug/FingerFeatureDebugVisual.cs using Guid(89e8f8c35caba0c4abef1bdd8890c640) Importer(2089858483,192608db42251d675da83286b1cce702) (ScriptedImporter) -> (artifact id: '2238724d880dd548586452cc1b80e945') in 0.0110726 seconds
Number of updated asset objects reloaded before import = 0Number of asset objects unloaded after import = 0

========================================================================
Received Import Request.
  Time since last request: 0.000015 seconds.
  path: Assets/Oculus/Interaction/Samples/Objects/Environment/Locomotion/Textures/LocomotionRoom/MetaLocomotionGround.png
  artifactKey: Guid(916bb0571aa8a13418cd0c63f3f117e3) Importer(2089858483,192608db42251d675da83286b1cce702)
Start importing Assets/Oculus/Interaction/Samples/Objects/Environment/Locomotion/Textures/LocomotionRoom/MetaLocomotionGround.png using Guid(916bb0571aa8a13418cd0c63f3f117e3) Importer(2089858483,192608db42251d675da83286b1cce702) (ScriptedImporter) -> (artifact id: '313e1b8028f531798ff5b25849e4a32a') in 0.0229864 seconds
Number of updated asset objects reloaded before import = 0Number of asset objects unloaded after import = 1

========================================================================
Received Import Request.
  Time since last request: 0.000013 seconds.
  path: Assets/Oculus/Interaction/Runtime/Scripts/PoseDetection/Debug/JointRotationDebugVisual.cs
  artifactKey: Guid(c4aa7ca7fb2a2214ead03b478fe55005) Importer(2089858483,192608db42251d675da83286b1cce702)
Start importing Assets/Oculus/Interaction/Runtime/Scripts/PoseDetection/Debug/JointRotationDebugVisual.cs using Guid(c4aa7ca7fb2a2214ead03b478fe55005) Importer(2089858483,192608db42251d675da83286b1cce702) (ScriptedImporter) -> (artifact id: '3ff0fd3f1c2f3f7682b65007d1b6cf7a') in 0.0128651 seconds
Number of updated asset objects reloaded before import = 0Number of asset objects unloaded after import = 0

========================================================================
Received Import Request.
  Time since last request: 0.000013 seconds.
  path: Assets/Oculus/Interaction/Runtime/ThirdParty/InterfaceSupport/Editor/InterfacePicker.cs
  artifactKey: Guid(13ee802452fb40949acff6a643c6d06a) Importer(2089858483,192608db42251d675da83286b1cce702)
Start importing Assets/Oculus/Interaction/Runtime/ThirdParty/InterfaceSupport/Editor/InterfacePicker.cs using Guid(13ee802452fb40949acff6a643c6d06a) Importer(2089858483,192608db42251d675da83286b1cce702) (ScriptedImporter) -> (artifact id: 'd0b71b82f4ff754d8ec2fc997a1a92ee') in 0.0157896 seconds
Number of updated asset objects reloaded before import = 0Number of asset objects unloaded after import = 0

========================================================================
Received Import Request.
  Time since last request: 0.000017 seconds.
  path: Assets/Oculus/VR/Editor/BuildingBlocks/BlockData/SurfaceProjectedPassthrough/PassthroughOverlay.asset
  artifactKey: Guid(75105c75ad7ce5a428442b0cd00ca266) Importer(2089858483,192608db42251d675da83286b1cce702)
Start importing Assets/Oculus/VR/Editor/BuildingBlocks/BlockData/SurfaceProjectedPassthrough/PassthroughOverlay.asset using Guid(75105c75ad7ce5a428442b0cd00ca266) Importer(2089858483,192608db42251d675da83286b1cce702) (ScriptedImporter) -> (artifact id: '4bc10c8c8f9624c02905acad3b294bc6') in 0.0144906 seconds
Number of updated asset objects reloaded before import = 0Number of asset objects unloaded after import = 5

========================================================================
Received Import Request.
  Time since last request: 0.000021 seconds.
  path: Assets/Oculus/Voice/Lib/Wit.ai/Scripts/Runtime/Requests/VoiceServiceRequestResults.cs
  artifactKey: Guid(1888bdd84781aa14d8993f1d9ca09384) Importer(2089858483,192608db42251d675da83286b1cce702)
Start importing Assets/Oculus/Voice/Lib/Wit.ai/Scripts/Runtime/Requests/VoiceServiceRequestResults.cs using Guid(1888bdd84781aa14d8993f1d9ca09384) Importer(2089858483,192608db42251d675da83286b1cce702) (ScriptedImporter) -> (artifact id: '44d0f851b152457f3bed654c92885c83') in 0.0147484 seconds
Number of updated asset objects reloaded before import = 0Number of asset objects unloaded after import = 0

========================================================================
Received Import Request.
  Time since last request: 0.000013 seconds.
  path: Assets/Oculus/Interaction/Samples/Objects/Props/BigRedButton/Textures/ShadowGradient.png
  artifactKey: Guid(9917c20437da790439ca6429f9081561) Importer(2089858483,192608db42251d675da83286b1cce702)
Start importing Assets/Oculus/Interaction/Samples/Objects/Props/BigRedButton/Textures/ShadowGradient.png using Guid(9917c20437da790439ca6429f9081561) Importer(2089858483,192608db42251d675da83286b1cce702) (ScriptedImporter) -> (artifact id: 'f8cdb146631d23ca84cf2652e7fbd19c') in 0.0178702 seconds
Number of updated asset objects reloaded before import = 0Number of asset objects unloaded after import = 1

========================================================================
Received Import Request.
  Time since last request: 0.000011 seconds.
  path: Assets/Oculus/Voice/Lib/Wit.ai/Lib/Wit/Runtime/Audio/IAudioClipProvider.cs
  artifactKey: Guid(7904678381f7a6c45bcfd85ad410951e) Importer(2089858483,192608db42251d675da83286b1cce702)
Start importing Assets/Oculus/Voice/Lib/Wit.ai/Lib/Wit/Runtime/Audio/IAudioClipProvider.cs using Guid(7904678381f7a6c45bcfd85ad410951e) Importer(2089858483,192608db42251d675da83286b1cce702) (ScriptedImporter) -> (artifact id: 'b1fb7f90f89f45067980fa635efa46f9') in 0.0089699 seconds
Number of updated asset objects reloaded before import = 0Number of asset objects unloaded after import = 0

========================================================================
Received Import Request.
  Time since last request: 0.000012 seconds.
  path: Assets/Oculus/Interaction/Samples/Objects/Props/Torch/Materials/torchMaterial.mat
  artifactKey: Guid(88f3e02252cf62c41bf2d9f45cc4d551) Importer(2089858483,192608db42251d675da83286b1cce702)
Start importing Assets/Oculus/Interaction/Samples/Objects/Props/Torch/Materials/torchMaterial.mat using Guid(88f3e02252cf62c41bf2d9f45cc4d551) Importer(2089858483,192608db42251d675da83286b1cce702) (ScriptedImporter) -> (artifact id: '04e5dafa87f250f2eb19af333b1f77f1') in 0.0218461 seconds
Number of updated asset objects reloaded before import = 0Number of asset objects unloaded after import = 3

========================================================================
Received Import Request.
  Time since last request: 0.000015 seconds.
  path: Assets/Oculus/Voice/Lib/Wit.ai/Scripts/Runtime/Data/Configuration/WitConfiguration.cs
  artifactKey: Guid(ae5a46bda3295124c99b0e6537ac7252) Importer(2089858483,192608db42251d675da83286b1cce702)
Start importing Assets/Oculus/Voice/Lib/Wit.ai/Scripts/Runtime/Data/Configuration/WitConfiguration.cs using Guid(ae5a46bda3295124c99b0e6537ac7252) Importer(2089858483,192608db42251d675da83286b1cce702) (ScriptedImporter) -> (artifact id: '2beecbf822e646382872f6d90d9e00b5') in 0.0131144 seconds
Number of updated asset objects reloaded before import = 0Number of asset objects unloaded after import = 0

========================================================================
Received Import Request.
  Time since last request: 0.000012 seconds.
  path: Assets/Oculus/Voice/Features/Dictation/Samples/Dictation/Dictation Sample - WitConfiguration.asset
  artifactKey: Guid(cf747878b0776f44884853a7fe2ea4c8) Importer(2089858483,192608db42251d675da83286b1cce702)
Start importing Assets/Oculus/Voice/Features/Dictation/Samples/Dictation/Dictation Sample - WitConfiguration.asset using Guid(cf747878b0776f44884853a7fe2ea4c8) Importer(2089858483,192608db42251d675da83286b1cce702) (ScriptedImporter) -> (artifact id: '4c082fec66b1c1c913344f1a6bf1c8f3') in 0.0181266 seconds
Number of updated asset objects reloaded before import = 0Number of asset objects unloaded after import = 1

========================================================================
Received Import Request.
  Time since last request: 0.000013 seconds.
  path: Assets/Oculus/Interaction/OVRIntegration/Editor/Blocks/Interactors/Scripts/OVRInteractorBlockData.cs
  artifactKey: Guid(a430ea2bca400b540a4897c70ffeb696) Importer(2089858483,192608db42251d675da83286b1cce702)
Start importing Assets/Oculus/Interaction/OVRIntegration/Editor/Blocks/Interactors/Scripts/OVRInteractorBlockData.cs using Guid(a430ea2bca400b540a4897c70ffeb696) Importer(2089858483,192608db42251d675da83286b1cce702) (ScriptedImporter) -> (artifact id: 'b0c27c14ccded3929ae891343986ab39') in 0.0130446 seconds
Number of updated asset objects reloaded before import = 0Number of asset objects unloaded after import = 0

========================================================================
Received Import Request.
  Time since last request: 0.000021 seconds.
  path: Assets/Oculus/Voice/Features/Hub/Scripts/Editor/Meta.Voice.Hub.Editor.asmdef
  artifactKey: Guid(a4f6d7d3afe393a4c8034af2ef0f36a8) Importer(2089858483,192608db42251d675da83286b1cce702)
Start importing Assets/Oculus/Voice/Features/Hub/Scripts/Editor/Meta.Voice.Hub.Editor.asmdef using Guid(a4f6d7d3afe393a4c8034af2ef0f36a8) Importer(2089858483,192608db42251d675da83286b1cce702) (ScriptedImporter) -> (artifact id: '490f662253587f9d147cfdd284a82f80') in 0.01869 seconds
Number of updated asset objects reloaded before import = 0Number of asset objects unloaded after import = 1

========================================================================
Received Import Request.
  Time since last request: 0.000014 seconds.
  path: Assets/Oculus/Voice/Features/Hub/Scripts/Editor/Inspectors/SamplesPageInspector.cs
  artifactKey: Guid(d28e3c645082479ea5149b09828c745c) Importer(2089858483,192608db42251d675da83286b1cce702)
Start importing Assets/Oculus/Voice/Features/Hub/Scripts/Editor/Inspectors/SamplesPageInspector.cs using Guid(d28e3c645082479ea5149b09828c745c) Importer(2089858483,192608db42251d675da83286b1cce702) (ScriptedImporter) -> (artifact id: 'fc618a3818a81a1e280f8f346e52c35e') in 0.0166301 seconds
Number of updated asset objects reloaded before import = 0Number of asset objects unloaded after import = 0

========================================================================
Received Import Request.
  Time since last request: 0.000014 seconds.
  path: Assets/Oculus/Interaction/Runtime/Scripts/Selection/Hands/HandPointerPose.cs
  artifactKey: Guid(417817ee9b785e341b31ce731f028317) Importer(2089858483,192608db42251d675da83286b1cce702)
Start importing Assets/Oculus/Interaction/Runtime/Scripts/Selection/Hands/HandPointerPose.cs using Guid(417817ee9b785e341b31ce731f028317) Importer(2089858483,192608db42251d675da83286b1cce702) (ScriptedImporter) -> (artifact id: '0e16cc3637b3b86cc4d2234f8297d238') in 0.0146206 seconds
Number of updated asset objects reloaded before import = 0Number of asset objects unloaded after import = 0

========================================================================
Received Import Request.
  Time since last request: 0.000013 seconds.
  path: Assets/Oculus/SampleFramework/Usage/Passthrough/Materials/skybox/front.jpg
  artifactKey: Guid(dd830400beec6460ba1f963e20ea1815) Importer(2089858483,192608db42251d675da83286b1cce702)
Start importing Assets/Oculus/SampleFramework/Usage/Passthrough/Materials/skybox/front.jpg using Guid(dd830400beec6460ba1f963e20ea1815) Importer(2089858483,192608db42251d675da83286b1cce702) (ScriptedImporter) -> (artifact id: 'c64549351f3b73d34bdb12ea2f3478f9') in 0.0182801 seconds
Number of updated asset objects reloaded before import = 0Number of asset objects unloaded after import = 1

========================================================================
Received Import Request.
  Time since last request: 0.000014 seconds.
  path: Assets/Oculus/SampleFramework/Core/DebugUI/Fonts/Montserrat/OFL.txt
  artifactKey: Guid(97e698aca5ae2b547a94d4620810cb08) Importer(2089858483,192608db42251d675da83286b1cce702)
Start importing Assets/Oculus/SampleFramework/Core/DebugUI/Fonts/Montserrat/OFL.txt using Guid(97e698aca5ae2b547a94d4620810cb08) Importer(2089858483,192608db42251d675da83286b1cce702) (ScriptedImporter) -> (artifact id: 'e5e516d7972befe7384b3e87a6ac96bc') in 0.0122315 seconds
Number of updated asset objects reloaded before import = 0Number of asset objects unloaded after import = 1

========================================================================
Received Import Request.
  Time since last request: 0.000013 seconds.
  path: Assets/Oculus/Voice/Lib/Wit.ai/Features/TTS/Scripts/Editor/TTSServiceInspector.cs
  artifactKey: Guid(a7b031cd5a557e14fa08e59b869a2e78) Importer(2089858483,192608db42251d675da83286b1cce702)
Start importing Assets/Oculus/Voice/Lib/Wit.ai/Features/TTS/Scripts/Editor/TTSServiceInspector.cs using Guid(a7b031cd5a557e14fa08e59b869a2e78) Importer(2089858483,192608db42251d675da83286b1cce702) (ScriptedImporter) -> (artifact id: 'd98fb8029bad24933253b9f457b974a9') in 0.0125325 seconds
Number of updated asset objects reloaded before import = 0Number of asset objects unloaded after import = 0

========================================================================
Received Import Request.
  Time since last request: 0.000019 seconds.
  path: Assets/Oculus/VR/Editor/BuildingBlocks/BlockData/EyeGaze/Textures/bb_thumb_eyegaze.png
  artifactKey: Guid(9729063c13c90d34a9b829abce2f1d0b) Importer(2089858483,192608db42251d675da83286b1cce702)
Start importing Assets/Oculus/VR/Editor/BuildingBlocks/BlockData/EyeGaze/Textures/bb_thumb_eyegaze.png using Guid(9729063c13c90d34a9b829abce2f1d0b) Importer(2089858483,192608db42251d675da83286b1cce702) (ScriptedImporter) -> (artifact id: '5efbe0cda53e6ed52e1fe0466d11b575') in 0.020832 seconds
Number of updated asset objects reloaded before import = 0Number of asset objects unloaded after import = 1

========================================================================
Received Import Request.
  Time since last request: 0.000022 seconds.
  path: Assets/Oculus/Interaction/Samples/Objects/Props/CoffeeCup/CoffeeCup_AlbedoRoughness.tga
  artifactKey: Guid(9d3caa759caa18744a3604240b13b1f5) Importer(2089858483,192608db42251d675da83286b1cce702)
Start importing Assets/Oculus/Interaction/Samples/Objects/Props/CoffeeCup/CoffeeCup_AlbedoRoughness.tga using Guid(9d3caa759caa18744a3604240b13b1f5) Importer(2089858483,192608db42251d675da83286b1cce702) (ScriptedImporter) -> (artifact id: 'feb84c7e7a1cda9e7d231c4facb35a6c') in 0.0180781 seconds
Number of updated asset objects reloaded before import = 0Number of asset objects unloaded after import = 1

Editor requested this worker to shutdown with reason: Scaling down because of idle timeout
AssetImportWorkerClient::OnTransportError - code=2 error=End of file
AssetImportWorker is now disconnected from the server
Process exiting
Exiting without the bug reporter. Application will terminate with return code 0