Using pre-set license
Built from '6000.0/release' branch; Version is '6000.0.35f1 (9a3bc604008a) revision 10107846'; Using compiler version '193933523'; Build Type 'Release'
OS: 'Windows 11  (10.0.26200) 64bit Professional' Language: 'pt' Physical Memory: 16087 MB
BatchMode: 1, IsHumanControllingUs: 0, StartBugReporterOnCrash: 0, Is64bit: 1, IsPro: 1

COMMAND LINE ARGUMENTS:
C:\Program Files\Unity\Hub\Editor\6000.0.35f1\Editor\Unity.exe
-adb2
-batchMode
-noUpm
-name
AssetImportWorker4
-projectPath
C:/xampp/htdocs/GIT/ProjectionSpray - Unoeste/ProjectionSpray/Unoeste/SpayUnoeste
-logFile
Logs/AssetImportWorker4.log
-srvPort
56628
-job-worker-count
7
-background-job-worker-count
8
-gc-helper-count
1
Successfully changed project path to: C:/xampp/htdocs/GIT/ProjectionSpray - Unoeste/ProjectionSpray/Unoeste/SpayUnoeste
C:/xampp/htdocs/GIT/ProjectionSpray - Unoeste/ProjectionSpray/Unoeste/SpayUnoeste
[UnityMemory] Configuration Parameters - Can be set up in boot.config
    "memorysetup-bucket-allocator-granularity=16"
    "memorysetup-bucket-allocator-bucket-count=8"
    "memorysetup-bucket-allocator-block-size=33554432"
    "memorysetup-bucket-allocator-block-count=8"
    "memorysetup-main-allocator-block-size=16777216"
    "memorysetup-thread-allocator-block-size=16777216"
    "memorysetup-gfx-main-allocator-block-size=16777216"
    "memorysetup-gfx-thread-allocator-block-size=16777216"
    "memorysetup-cache-allocator-block-size=4194304"
    "memorysetup-typetree-allocator-block-size=2097152"
    "memorysetup-profiler-bucket-allocator-granularity=16"
    "memorysetup-profiler-bucket-allocator-bucket-count=8"
    "memorysetup-profiler-bucket-allocator-block-size=33554432"
    "memorysetup-profiler-bucket-allocator-block-count=8"
    "memorysetup-profiler-allocator-block-size=16777216"
    "memorysetup-profiler-editor-allocator-block-size=1048576"
    "memorysetup-temp-allocator-size-main=16777216"
    "memorysetup-job-temp-allocator-block-size=2097152"
    "memorysetup-job-temp-allocator-block-size-background=1048576"
    "memorysetup-job-temp-allocator-reduction-small-platforms=262144"
    "memorysetup-allocator-temp-initial-block-size-main=262144"
    "memorysetup-allocator-temp-initial-block-size-worker=262144"
    "memorysetup-temp-allocator-size-background-worker=32768"
    "memorysetup-temp-allocator-size-job-worker=262144"
    "memorysetup-temp-allocator-size-preload-manager=33554432"
    "memorysetup-temp-allocator-size-nav-mesh-worker=65536"
    "memorysetup-temp-allocator-size-audio-worker=65536"
    "memorysetup-temp-allocator-size-cloud-worker=32768"
    "memorysetup-temp-allocator-size-gi-baking-worker=262144"
    "memorysetup-temp-allocator-size-gi-baking-worker=262144"
    "memorysetup-temp-allocator-size-gi-baking-worker=262144"
    "memorysetup-temp-allocator-size-gi-baking-worker=262144"
    "memorysetup-temp-allocator-size-gi-baking-worker=262144"
    "memorysetup-temp-allocator-size-gfx=262144"
Player connection [33864]  Target information:

Player connection [33864]  * "[IP] 192.168.56.1 [Port] 0 [Flags] 2 [Guid] 2212283466 [EditorId] 2212283466 [Version] 1048832 [Id] WindowsEditor(7,Note-107277) [Debug] 1 [PackageName] WindowsEditor [ProjectName] Editor" 

Player connection [33864]  * "[IP] 26.147.95.184 [Port] 0 [Flags] 2 [Guid] 2212283466 [EditorId] 2212283466 [Version] 1048832 [Id] WindowsEditor(7,Note-107277) [Debug] 1 [PackageName] WindowsEditor [ProjectName] Editor" 

Player connection [33864]  * "[IP] 172.19.6.251 [Port] 0 [Flags] 2 [Guid] 2212283466 [EditorId] 2212283466 [Version] 1048832 [Id] WindowsEditor(7,Note-107277) [Debug] 1 [PackageName] WindowsEditor [ProjectName] Editor" 

Player connection [33864] Host joined multi-casting on [225.0.0.222:54997]...
Player connection [33864] Host joined alternative multi-casting on [225.0.0.222:34997]...
JobSystem: Creating JobQueue using job-worker-count value 7
Input System module state changed to: Initialized.
[Physics::Module] Initialized fallback backend.
[Physics::Module] Id: 0xdecafbad
Library Redirect Path: Library/
[Physics::Module] Selected backend.
[Physics::Module] Name: PhysX
[Physics::Module] Id: 0xf2b8ea05
[Physics::Module] SDK Version: 4.1.2
[Physics::Module] Integration Version: 1.0.0
[Physics::Module] Threading Mode: Multi-Threaded
Refreshing native plugins compatible for Editor in 21.26 ms, found 7 plugins.
Preloading 2 native plugins for Editor in 5.47 ms.
Initialize engine version: 6000.0.35f1 (9a3bc604008a)
[Subsystems] Discovering subsystems at path C:/Program Files/Unity/Hub/Editor/6000.0.35f1/Editor/Data/Resources/UnitySubsystems
[Subsystems] Discovering subsystems at path C:/xampp/htdocs/GIT/ProjectionSpray - Unoeste/ProjectionSpray/Unoeste/SpayUnoeste/Assets
GfxDevice: creating device client; kGfxThreadingModeNonThreaded
Direct3D:
    Version:  Direct3D 11.0 [level 11.1]
    Renderer: NVIDIA GeForce RTX 4050 Laptop GPU (ID=0x28a1)
    Vendor:   NVIDIA
    VRAM:     5936 MB
    Driver:   31.0.15.4618
Shader 'Oculus/OVRMRCameraFrameLit': fallback shader 'Alpha-Diffuse' not found
Initialize mono
Mono path[0] = 'C:/Program Files/Unity/Hub/Editor/6000.0.35f1/Editor/Data/Managed'
Mono path[1] = 'C:/Program Files/Unity/Hub/Editor/6000.0.35f1/Editor/Data/MonoBleedingEdge/lib/mono/unityjit-win32'
Mono config path = 'C:/Program Files/Unity/Hub/Editor/6000.0.35f1/Editor/Data/MonoBleedingEdge/etc'
Using monoOptions --debugger-agent=transport=dt_socket,embedding=1,server=y,suspend=n,address=127.0.0.1:56412
Begin MonoManager ReloadAssembly
Registering precompiled unity dll's ...
Register platform support module: C:/Program Files/Unity/Hub/Editor/6000.0.35f1/Editor/Data/PlaybackEngines/WebGLSupport/UnityEditor.WebGL.Extensions.dll
Register platform support module: C:/Program Files/Unity/Hub/Editor/6000.0.35f1/Editor/Data/PlaybackEngines/MacStandaloneSupport/UnityEditor.OSXStandalone.Extensions.dll
Register platform support module: C:/Program Files/Unity/Hub/Editor/6000.0.35f1/Editor/Data/PlaybackEngines/WindowsStandaloneSupport/UnityEditor.WindowsStandalone.Extensions.dll
Register platform support module: C:/Program Files/Unity/Hub/Editor/6000.0.35f1/Editor/Data/PlaybackEngines/MetroSupport/UnityEditor.UWP.Extensions.dll
Register platform support module: C:/Program Files/Unity/Hub/Editor/6000.0.35f1/Editor/Data/PlaybackEngines/AndroidPlayer/UnityEditor.Android.Extensions.dll
Register platform support module: C:/Program Files/Unity/Hub/Editor/6000.0.35f1/Editor/Data/PlaybackEngines/iOSSupport/UnityEditor.iOS.Extensions.dll
Register platform support module: C:/Program Files/Unity/Hub/Editor/6000.0.35f1/Editor/Data/PlaybackEngines/LinuxStandaloneSupport/UnityEditor.LinuxStandalone.Extensions.dll
Registered in 0.014854 seconds.
- Loaded All Assemblies, in  1.135 seconds
Native extension for LinuxStandalone target not found
[usbmuxd] Start listen thread
[usbmuxd] Listen thread started
[usbmuxd] Send listen message
Native extension for iOS target not found
Native extension for Android target not found
Android Extension - Scanning For ADB Devices 415 ms
Native extension for UWP target not found
Native extension for WindowsStandalone target not found
Native extension for OSXStandalone target not found
Native extension for WebGL target not found
Mono: successfully reloaded assembly
- Finished resetting the current domain, in  1.318 seconds
Domain Reload Profiling: 2450ms
	BeginReloadAssembly (237ms)
		ExecutionOrderSort (0ms)
		DisableScriptedObjects (0ms)
		BackupInstance (0ms)
		ReleaseScriptingObjects (0ms)
		CreateAndSetChildDomain (1ms)
	RebuildCommonClasses (75ms)
	RebuildNativeTypeToScriptingClass (23ms)
	initialDomainReloadingComplete (99ms)
	LoadAllAssembliesAndSetupDomain (695ms)
		LoadAssemblies (236ms)
		RebuildTransferFunctionScriptingTraits (0ms)
		AnalyzeDomain (685ms)
			TypeCache.Refresh (680ms)
				TypeCache.ScanAssembly (633ms)
			BuildScriptInfoCaches (0ms)
			ResolveRequiredComponents (2ms)
	FinalizeReload (1321ms)
		ReleaseScriptCaches (0ms)
		RebuildScriptCaches (0ms)
		SetupLoadedEditorAssemblies (1164ms)
			LogAssemblyErrors (0ms)
			InitializePlatformSupportModulesInManaged (635ms)
			SetLoadedEditorAssemblies (5ms)
			BeforeProcessingInitializeOnLoad (82ms)
			ProcessInitializeOnLoadAttributes (278ms)
			ProcessInitializeOnLoadMethodAttributes (162ms)
			AfterProcessingInitializeOnLoad (0ms)
			EditorAssembliesLoaded (1ms)
		ExecutionOrderSort2 (0ms)
		AwakeInstancesAfterBackupRestoration (0ms)
========================================================================
Worker process is ready to serve import requests
Import Worker Mode flag is 0x00
Begin MonoManager ReloadAssembly
- Loaded All Assemblies, in  1.248 seconds
Refreshing native plugins compatible for Editor in 19.14 ms, found 7 plugins.
Native extension for LinuxStandalone target not found
Native extension for iOS target not found
Native extension for Android target not found
Native extension for UWP target not found
Native extension for WindowsStandalone target not found
Native extension for OSXStandalone target not found
Native extension for WebGL target not found
Package Manager log level set to [2]
[Package Manager] Failed to launch server process. Reason: Unity was launched with the -noUpm command-line argument
[Package Manager] Unable to send message (not connected to server process).
[Package Manager] Cannot connect to Unity Package Manager local server
Refreshing native plugins compatible for Editor in 15.40 ms, found 7 plugins.
[XR] OculusXRPlugin: registering subsystems
[XR] Unable to register display lifecyle provider: [1]
[XR] Oculus Input lifecycle provider registered.
[XR] Unable to register input lifecyle provider: [1]
[XR] OVRP version 1.89.1
Mono: successfully reloaded assembly
[Package Manager] Failed to launch server process. Reason: Unity was launched with the -noUpm command-line argument
[Package Manager] Unable to send message (not connected to server process).
[Package Manager] Cannot connect to Unity Package Manager local server
[Package Manager] Failed to launch server process. Reason: Unity was launched with the -noUpm command-line argument
[Package Manager] Unable to send message (not connected to server process).
[Package Manager] Cannot connect to Unity Package Manager local server
- Finished resetting the current domain, in  1.414 seconds
Domain Reload Profiling: 2651ms
	BeginReloadAssembly (254ms)
		ExecutionOrderSort (0ms)
		DisableScriptedObjects (9ms)
		BackupInstance (0ms)
		ReleaseScriptingObjects (0ms)
		CreateAndSetChildDomain (38ms)
	RebuildCommonClasses (53ms)
	RebuildNativeTypeToScriptingClass (17ms)
	initialDomainReloadingComplete (57ms)
	LoadAllAssembliesAndSetupDomain (855ms)
		LoadAssemblies (613ms)
		RebuildTransferFunctionScriptingTraits (0ms)
		AnalyzeDomain (401ms)
			TypeCache.Refresh (269ms)
				TypeCache.ScanAssembly (246ms)
			BuildScriptInfoCaches (98ms)
			ResolveRequiredComponents (29ms)
	FinalizeReload (1415ms)
		ReleaseScriptCaches (0ms)
		RebuildScriptCaches (0ms)
		SetupLoadedEditorAssemblies (1142ms)
			LogAssemblyErrors (0ms)
			InitializePlatformSupportModulesInManaged (34ms)
			SetLoadedEditorAssemblies (10ms)
			BeforeProcessingInitializeOnLoad (218ms)
			ProcessInitializeOnLoadAttributes (597ms)
			ProcessInitializeOnLoadMethodAttributes (276ms)
			AfterProcessingInitializeOnLoad (7ms)
			EditorAssembliesLoaded (0ms)
		ExecutionOrderSort2 (0ms)
		AwakeInstancesAfterBackupRestoration (8ms)
Shader 'Oculus/OVRMRCameraFrameLit': fallback shader 'Alpha-Diffuse' not found
Launched and connected shader compiler UnityShaderCompiler.exe after 0.03 seconds
Refreshing native plugins compatible for Editor in 11.86 ms, found 7 plugins.
Preloading 2 native plugins for Editor in 0.24 ms.
Unloading 325 Unused Serialized files (Serialized files now loaded: 0)
Unloading 7846 unused Assets / (5.1 MB). Loaded Objects now: 8648.
Memory consumption went from 215.0 MB to 209.9 MB.
Total: 14.039100 ms (FindLiveObjects: 0.812300 ms CreateObjectMapping: 0.544100 ms MarkObjects: 9.065000 ms  DeleteObjects: 3.615400 ms)

========================================================================
Received Prepare
Shader 'Oculus/OVRMRCameraFrameLit': fallback shader 'Alpha-Diffuse' not found
Refreshing native plugins compatible for Editor in 18.81 ms, found 7 plugins.
Preloading 2 native plugins for Editor in 0.38 ms.
Unloading 15 Unused Serialized files (Serialized files now loaded: 0)
Unloading 15 unused Assets / (2.3 MB). Loaded Objects now: 8648.
Memory consumption went from 150.2 MB to 147.9 MB.
Total: 13.865300 ms (FindLiveObjects: 0.525300 ms CreateObjectMapping: 0.358200 ms MarkObjects: 12.257900 ms  DeleteObjects: 0.721100 ms)

Prepare: number of updated asset objects reloaded= 1
========================================================================
Received Import Request.
  Time since last request: 83295.013159 seconds.
  path: Assets/Oculus/VR/Editor/BuildingBlocks/BlockData/Passthrough/Textures/bb_thumb_passthrough.png
  artifactKey: Guid(ce64ab3d091a156479551658e5748d77) Importer(815301076,1909f56bfc062723c751e8b465ee728b)
Start importing Assets/Oculus/VR/Editor/BuildingBlocks/BlockData/Passthrough/Textures/bb_thumb_passthrough.png using Guid(ce64ab3d091a156479551658e5748d77) Importer(815301076,1909f56bfc062723c751e8b465ee728b) (PreviewImporter) -> (artifact id: '835ab5b3a64a7f23dbc515e964da5539') in 0.1083756 seconds
Number of updated asset objects reloaded before import = 0Number of asset objects unloaded after import = 2

========================================================================
Received Import Request.
  Time since last request: 0.000028 seconds.
  path: Assets/Oculus/Interaction/Samples/Textures/Passed.png
  artifactKey: Guid(689fbbf121969704bb7d556d8a07eb60) Importer(815301076,1909f56bfc062723c751e8b465ee728b)
Start importing Assets/Oculus/Interaction/Samples/Textures/Passed.png using Guid(689fbbf121969704bb7d556d8a07eb60) Importer(815301076,1909f56bfc062723c751e8b465ee728b) (PreviewImporter) -> (artifact id: 'ca122f3b3262fb00a5373bd7a105a2a9') in 0.081304 seconds
Number of updated asset objects reloaded before import = 0Number of asset objects unloaded after import = 3

========================================================================
Received Import Request.
  Time since last request: 0.000041 seconds.
  path: Assets/Settings/Mobile_RPAsset.asset
  artifactKey: Guid(5e6cbd92db86f4b18aec3ed561671858) Importer(815301076,1909f56bfc062723c751e8b465ee728b)
Start importing Assets/Settings/Mobile_RPAsset.asset using Guid(5e6cbd92db86f4b18aec3ed561671858) Importer(815301076,1909f56bfc062723c751e8b465ee728b) (PreviewImporter) -> (artifact id: 'b71e242ca09d57e0f70162c371aaacb5') in 0.0029549 seconds
Number of updated asset objects reloaded before import = 0Number of asset objects unloaded after import = 2

========================================================================
Received Import Request.
  Time since last request: 0.000021 seconds.
  path: Assets/Oculus/SampleFramework/Usage/Passthrough/Materials/PassthroughBrushStroke.mat
  artifactKey: Guid(0ff7438fe513d7e4295f6ec9b5b623d7) Importer(815301076,1909f56bfc062723c751e8b465ee728b)
Start importing Assets/Oculus/SampleFramework/Usage/Passthrough/Materials/PassthroughBrushStroke.mat using Guid(0ff7438fe513d7e4295f6ec9b5b623d7) Importer(815301076,1909f56bfc062723c751e8b465ee728b) (PreviewImporter) -> (artifact id: '1ce31fde951498055ec49140c3230184') in 0.8062195 seconds
Number of updated asset objects reloaded before import = 0Number of asset objects unloaded after import = 1

========================================================================
Received Import Request.
  Time since last request: 0.000078 seconds.
  path: Assets/Oculus/VR/Editor/BuildingBlocks/BlockData/SurfaceProjectedPassthrough/PassthroughOverlay.asset
  artifactKey: Guid(75105c75ad7ce5a428442b0cd00ca266) Importer(815301076,1909f56bfc062723c751e8b465ee728b)
Start importing Assets/Oculus/VR/Editor/BuildingBlocks/BlockData/SurfaceProjectedPassthrough/PassthroughOverlay.asset using Guid(75105c75ad7ce5a428442b0cd00ca266) Importer(815301076,1909f56bfc062723c751e8b465ee728b) (PreviewImporter) -> (artifact id: 'c182e31a6546fc4ccaf98aa75b250a61') in 0.0109743 seconds
Number of updated asset objects reloaded before import = 0Number of asset objects unloaded after import = 5

========================================================================
Received Import Request.
  Time since last request: 0.000051 seconds.
  path: Assets/Oculus/SampleFramework/Usage/SceneManager/Materials/PassthroughShadow.mat
  artifactKey: Guid(8cd518a5683b3894183832d24a69e344) Importer(815301076,1909f56bfc062723c751e8b465ee728b)
Start importing Assets/Oculus/SampleFramework/Usage/SceneManager/Materials/PassthroughShadow.mat using Guid(8cd518a5683b3894183832d24a69e344) Importer(815301076,1909f56bfc062723c751e8b465ee728b) (PreviewImporter) -> (artifact id: '7cdad553fe203e00d2397ee9ca8ed05b') in 0.0650542 seconds
Number of updated asset objects reloaded before import = 0Number of asset objects unloaded after import = 1

========================================================================
Received Import Request.
  Time since last request: 1.298444 seconds.
  path: Assets/Oculus/VR/Editor/BuildingBlocks/BlockData/Passthrough/Prefabs/PassthroughUnderlay.prefab
  artifactKey: Guid(49b59b98df4db24489116c4da648c11f) Importer(815301076,1909f56bfc062723c751e8b465ee728b)
Start importing Assets/Oculus/VR/Editor/BuildingBlocks/BlockData/Passthrough/Prefabs/PassthroughUnderlay.prefab using Guid(49b59b98df4db24489116c4da648c11f) Importer(815301076,1909f56bfc062723c751e8b465ee728b) (PreviewImporter) -> (artifact id: '02d7ddeafc09788e9ce6a4492cd61fbe') in 0.0135849 seconds
Number of updated asset objects reloaded before import = 0Number of asset objects unloaded after import = 5

========================================================================
Received Import Request.
  Time since last request: 0.000059 seconds.
  path: Assets/Oculus/SampleFramework/Usage/Passthrough/Materials/SelectivePassthroughHands.mat
  artifactKey: Guid(b711286d46553614c8f4e2f88af54316) Importer(815301076,1909f56bfc062723c751e8b465ee728b)
Start importing Assets/Oculus/SampleFramework/Usage/Passthrough/Materials/SelectivePassthroughHands.mat using Guid(b711286d46553614c8f4e2f88af54316) Importer(815301076,1909f56bfc062723c751e8b465ee728b) (PreviewImporter) -> (artifact id: '09fb04dccbd01c1570a0245a4a8ec004') in 0.1203812 seconds
Number of updated asset objects reloaded before import = 0Number of asset objects unloaded after import = 2

========================================================================
Received Import Request.
  Time since last request: 0.000058 seconds.
  path: Assets/Oculus/SampleFramework/Usage/Passthrough/Materials/SelectivePassthroughHandsSoft.mat
  artifactKey: Guid(9ac2dd4377e3574419fe3770f75af95a) Importer(815301076,1909f56bfc062723c751e8b465ee728b)
Start importing Assets/Oculus/SampleFramework/Usage/Passthrough/Materials/SelectivePassthroughHandsSoft.mat using Guid(9ac2dd4377e3574419fe3770f75af95a) Importer(815301076,1909f56bfc062723c751e8b465ee728b) (PreviewImporter) -> (artifact id: '0ab6688b8b12980c6222897e0920462d') in 0.05099 seconds
Number of updated asset objects reloaded before import = 0Number of asset objects unloaded after import = 2

========================================================================
Received Import Request.
  Time since last request: 1.177649 seconds.
  path: Assets/Oculus/SampleFramework/Usage/Passthrough/Scenes/OverlayPassthrough.unity
  artifactKey: Guid(698c56db7f615834881cf3fad4dae4b5) Importer(815301076,1909f56bfc062723c751e8b465ee728b)
Start importing Assets/Oculus/SampleFramework/Usage/Passthrough/Scenes/OverlayPassthrough.unity using Guid(698c56db7f615834881cf3fad4dae4b5) Importer(815301076,1909f56bfc062723c751e8b465ee728b) (PreviewImporter) -> (artifact id: '3e2db1c014f60483fb4e9140834c807b') in 0.0014232 seconds
Number of updated asset objects reloaded before import = 0Number of asset objects unloaded after import = 0

========================================================================
Received Import Request.
  Time since last request: 1.392452 seconds.
  path: Assets/Oculus/VR/Editor/BuildingBlocks/BlockData/SurfaceProjectedPassthrough/SurfaceProjectedPassthrough.asset
  artifactKey: Guid(1945638dacc26834989668cb3b9c9993) Importer(815301076,1909f56bfc062723c751e8b465ee728b)
Start importing Assets/Oculus/VR/Editor/BuildingBlocks/BlockData/SurfaceProjectedPassthrough/SurfaceProjectedPassthrough.asset using Guid(1945638dacc26834989668cb3b9c9993) Importer(815301076,1909f56bfc062723c751e8b465ee728b) (PreviewImporter) -> (artifact id: 'e43442e8b2b7f2a50c152d710841c58e') in 0.0102709 seconds
Number of updated asset objects reloaded before import = 0Number of asset objects unloaded after import = 10

========================================================================
Received Import Request.
  Time since last request: 42.649277 seconds.
  path: Assets/Oculus/SampleFramework/Usage/Passthrough/Scenes/SurfaceProjectedPassthrough.unity
  artifactKey: Guid(e36011c54ca6d994c94449356fa5cee6) Importer(815301076,1909f56bfc062723c751e8b465ee728b)
Start importing Assets/Oculus/SampleFramework/Usage/Passthrough/Scenes/SurfaceProjectedPassthrough.unity using Guid(e36011c54ca6d994c94449356fa5cee6) Importer(815301076,1909f56bfc062723c751e8b465ee728b) (PreviewImporter) -> (artifact id: '271a9a88f513e32ba5180ed4eaaeb771') in 0.0012493 seconds
Number of updated asset objects reloaded before import = 0Number of asset objects unloaded after import = 0

========================================================================
Received Import Request.
  Time since last request: 104.798161 seconds.
  path: Assets/Scripts/Pen.cs
  artifactKey: Guid(1bed178bc4dc5b648ab915725dca9898) Importer(815301076,1909f56bfc062723c751e8b465ee728b)
Start importing Assets/Scripts/Pen.cs using Guid(1bed178bc4dc5b648ab915725dca9898) Importer(815301076,1909f56bfc062723c751e8b465ee728b) (PreviewImporter) -> (artifact id: '3ba3ba6c79c91b84667191b2465f75a7') in 0.0009401 seconds
Number of updated asset objects reloaded before import = 0Number of asset objects unloaded after import = 0

========================================================================
Received Import Request.
  Time since last request: 372.081699 seconds.
  path: Assets/Scripts
  artifactKey: Guid(839257c27090d084ea1a415de91cd5ac) Importer(815301076,1909f56bfc062723c751e8b465ee728b)
Start importing Assets/Scripts using Guid(839257c27090d084ea1a415de91cd5ac) Importer(815301076,1909f56bfc062723c751e8b465ee728b) (PreviewImporter) -> (artifact id: 'fb367b374157e04c18f26032925200f8') in 0.0349434 seconds
Number of updated asset objects reloaded before import = 0Number of asset objects unloaded after import = 0

========================================================================
Received Prepare
Shader 'Oculus/OVRMRCameraFrameLit': fallback shader 'Alpha-Diffuse' not found
Refreshing native plugins compatible for Editor in 24.32 ms, found 7 plugins.
Preloading 2 native plugins for Editor in 0.91 ms.
Unloading 15 Unused Serialized files (Serialized files now loaded: 0)
Unloading 7809 unused Assets / (4.7 MB). Loaded Objects now: 8845.
Memory consumption went from 180.4 MB to 175.8 MB.
Total: 320.216200 ms (FindLiveObjects: 9.070600 ms CreateObjectMapping: 0.859900 ms MarkObjects: 303.933300 ms  DeleteObjects: 6.348700 ms)

Prepare: number of updated asset objects reloaded= 0
========================================================================
Received Import Request.
  Time since last request: 17.994505 seconds.
  path: Assets/Scripts/Spray.cs
  artifactKey: Guid(6be66e472b85d9144bcd87e9b79442ab) Importer(815301076,1909f56bfc062723c751e8b465ee728b)
Start importing Assets/Scripts/Spray.cs using Guid(6be66e472b85d9144bcd87e9b79442ab) Importer(815301076,1909f56bfc062723c751e8b465ee728b) (PreviewImporter) -> (artifact id: 'f21893b42328d4f6a92522df35c7a267') in 0.0583707 seconds
Number of updated asset objects reloaded before import = 0Number of asset objects unloaded after import = 0

========================================================================
Received Prepare
Begin MonoManager ReloadAssembly
- Loaded All Assemblies, in  4.385 seconds
Refreshing native plugins compatible for Editor in 11.55 ms, found 7 plugins.
Native extension for LinuxStandalone target not found
Native extension for iOS target not found
Native extension for Android target not found
Native extension for UWP target not found
Native extension for WindowsStandalone target not found
Native extension for OSXStandalone target not found
Native extension for WebGL target not found
[Package Manager] Failed to launch server process. Reason: Unity was launched with the -noUpm command-line argument
[Package Manager] Unable to send message (not connected to server process).
[Package Manager] Cannot connect to Unity Package Manager local server
Refreshing native plugins compatible for Editor in 11.56 ms, found 7 plugins.
Mono: successfully reloaded assembly
[Package Manager] Failed to launch server process. Reason: Unity was launched with the -noUpm command-line argument
[Package Manager] Unable to send message (not connected to server process).
[Package Manager] Cannot connect to Unity Package Manager local server
- Finished resetting the current domain, in  1.244 seconds
Domain Reload Profiling: 5626ms
	BeginReloadAssembly (1128ms)
		ExecutionOrderSort (0ms)
		DisableScriptedObjects (220ms)
		BackupInstance (0ms)
		ReleaseScriptingObjects (1ms)
		CreateAndSetChildDomain (427ms)
	RebuildCommonClasses (65ms)
	RebuildNativeTypeToScriptingClass (20ms)
	initialDomainReloadingComplete (56ms)
	LoadAllAssembliesAndSetupDomain (3112ms)
		LoadAssemblies (3074ms)
		RebuildTransferFunctionScriptingTraits (0ms)
		AnalyzeDomain (311ms)
			TypeCache.Refresh (34ms)
				TypeCache.ScanAssembly (4ms)
			BuildScriptInfoCaches (235ms)
			ResolveRequiredComponents (25ms)
	FinalizeReload (1245ms)
		ReleaseScriptCaches (0ms)
		RebuildScriptCaches (0ms)
		SetupLoadedEditorAssemblies (941ms)
			LogAssemblyErrors (0ms)
			InitializePlatformSupportModulesInManaged (31ms)
			SetLoadedEditorAssemblies (13ms)
			BeforeProcessingInitializeOnLoad (206ms)
			ProcessInitializeOnLoadAttributes (460ms)
			ProcessInitializeOnLoadMethodAttributes (221ms)
			AfterProcessingInitializeOnLoad (8ms)
			EditorAssembliesLoaded (1ms)
		ExecutionOrderSort2 (0ms)
		AwakeInstancesAfterBackupRestoration (16ms)
Shader 'Oculus/OVRMRCameraFrameLit': fallback shader 'Alpha-Diffuse' not found
Refreshing native plugins compatible for Editor in 11.36 ms, found 7 plugins.
Preloading 2 native plugins for Editor in 0.26 ms.
Unloading 17 Unused Serialized files (Serialized files now loaded: 0)
Unloading 7843 unused Assets / (5.9 MB). Loaded Objects now: 8736.
Memory consumption went from 180.4 MB to 174.6 MB.
Total: 12.120700 ms (FindLiveObjects: 0.767400 ms CreateObjectMapping: 0.576300 ms MarkObjects: 7.036700 ms  DeleteObjects: 3.735400 ms)

Prepare: number of updated asset objects reloaded= 0
========================================================================
Received Import Request.
  Time since last request: 166.188655 seconds.
  path: Assets/Scripts/Spray.cs
  artifactKey: Guid(6be66e472b85d9144bcd87e9b79442ab) Importer(815301076,1909f56bfc062723c751e8b465ee728b)
Start importing Assets/Scripts/Spray.cs using Guid(6be66e472b85d9144bcd87e9b79442ab) Importer(815301076,1909f56bfc062723c751e8b465ee728b) (PreviewImporter) -> (artifact id: '00000000000000000000000000000000') in 0.0074838 seconds
Import Error Code:(4)
Message: Build asset version error: assets/scripts/spray.cs in SourceAssetDB has modification time of '2026-01-23T19:17:15.1812611Z' while content on disk has modification time of '2026-01-23T19:19:23.1054581Z'
  ERROR: Build asset version error: assets/scripts/spray.cs in SourceAssetDB has modification time of '2026-01-23T19:17:15.1812611Z' while content on disk has modification time of '2026-01-23T19:19:23.1054581Z'
Number of updated asset objects reloaded before import = 0Number of asset objects unloaded after import = 0

========================================================================
Received Import Request.
  Time since last request: 0.159059 seconds.
  path: Assets/Scripts/Spray.cs
  artifactKey: Guid(6be66e472b85d9144bcd87e9b79442ab) Importer(815301076,1909f56bfc062723c751e8b465ee728b)
Start importing Assets/Scripts/Spray.cs using Guid(6be66e472b85d9144bcd87e9b79442ab) Importer(815301076,1909f56bfc062723c751e8b465ee728b) (PreviewImporter) -> (artifact id: '00000000000000000000000000000000') in 0.0016886 seconds
Import Error Code:(4)
Message: Build asset version error: assets/scripts/spray.cs in SourceAssetDB has modification time of '2026-01-23T19:17:15.1812611Z' while content on disk has modification time of '2026-01-23T19:19:23.1054581Z'
  ERROR: Build asset version error: assets/scripts/spray.cs in SourceAssetDB has modification time of '2026-01-23T19:17:15.1812611Z' while content on disk has modification time of '2026-01-23T19:19:23.1054581Z'
Number of updated asset objects reloaded before import = 0Number of asset objects unloaded after import = 0

========================================================================
Received Import Request.
  Time since last request: 0.000024 seconds.
  path: Assets/Scripts/Spray.cs
  artifactKey: Guid(6be66e472b85d9144bcd87e9b79442ab) Importer(815301076,1909f56bfc062723c751e8b465ee728b)
Start importing Assets/Scripts/Spray.cs using Guid(6be66e472b85d9144bcd87e9b79442ab) Importer(815301076,1909f56bfc062723c751e8b465ee728b) (PreviewImporter) -> (artifact id: '00000000000000000000000000000000') in 0.000935 seconds
Import Error Code:(4)
Message: Build asset version error: assets/scripts/spray.cs in SourceAssetDB has modification time of '2026-01-23T19:17:15.1812611Z' while content on disk has modification time of '2026-01-23T19:19:23.1054581Z'
  ERROR: Build asset version error: assets/scripts/spray.cs in SourceAssetDB has modification time of '2026-01-23T19:17:15.1812611Z' while content on disk has modification time of '2026-01-23T19:19:23.1054581Z'
Number of updated asset objects reloaded before import = 0Number of asset objects unloaded after import = 0

========================================================================
Received Import Request.
  Time since last request: 0.000019 seconds.
  path: Assets/Scripts/Spray.cs
  artifactKey: Guid(6be66e472b85d9144bcd87e9b79442ab) Importer(815301076,1909f56bfc062723c751e8b465ee728b)
Start importing Assets/Scripts/Spray.cs using Guid(6be66e472b85d9144bcd87e9b79442ab) Importer(815301076,1909f56bfc062723c751e8b465ee728b) (PreviewImporter) -> (artifact id: '00000000000000000000000000000000') in 0.0006581 seconds
Import Error Code:(4)
Message: Build asset version error: assets/scripts/spray.cs in SourceAssetDB has modification time of '2026-01-23T19:17:15.1812611Z' while content on disk has modification time of '2026-01-23T19:19:23.1054581Z'
  ERROR: Build asset version error: assets/scripts/spray.cs in SourceAssetDB has modification time of '2026-01-23T19:17:15.1812611Z' while content on disk has modification time of '2026-01-23T19:19:23.1054581Z'
Number of updated asset objects reloaded before import = 0Number of asset objects unloaded after import = 0

========================================================================
Received Import Request.
  Time since last request: 0.000051 seconds.
  path: Assets/Scripts/Spray.cs
  artifactKey: Guid(6be66e472b85d9144bcd87e9b79442ab) Importer(815301076,1909f56bfc062723c751e8b465ee728b)
Start importing Assets/Scripts/Spray.cs using Guid(6be66e472b85d9144bcd87e9b79442ab) Importer(815301076,1909f56bfc062723c751e8b465ee728b) (PreviewImporter) -> (artifact id: '00000000000000000000000000000000') in 0.0006835 seconds
Import Error Code:(4)
Message: Build asset version error: assets/scripts/spray.cs in SourceAssetDB has modification time of '2026-01-23T19:17:15.1812611Z' while content on disk has modification time of '2026-01-23T19:19:23.1054581Z'
  ERROR: Build asset version error: assets/scripts/spray.cs in SourceAssetDB has modification time of '2026-01-23T19:17:15.1812611Z' while content on disk has modification time of '2026-01-23T19:19:23.1054581Z'
Number of updated asset objects reloaded before import = 0Number of asset objects unloaded after import = 0

========================================================================
Received Import Request.
  Time since last request: 0.001591 seconds.
  path: Assets/Scripts/Spray.cs
  artifactKey: Guid(6be66e472b85d9144bcd87e9b79442ab) Importer(815301076,1909f56bfc062723c751e8b465ee728b)
Start importing Assets/Scripts/Spray.cs using Guid(6be66e472b85d9144bcd87e9b79442ab) Importer(815301076,1909f56bfc062723c751e8b465ee728b) (PreviewImporter) -> (artifact id: '00000000000000000000000000000000') in 0.000652 seconds
Import Error Code:(4)
Message: Build asset version error: assets/scripts/spray.cs in SourceAssetDB has modification time of '2026-01-23T19:17:15.1812611Z' while content on disk has modification time of '2026-01-23T19:19:23.1054581Z'
  ERROR: Build asset version error: assets/scripts/spray.cs in SourceAssetDB has modification time of '2026-01-23T19:17:15.1812611Z' while content on disk has modification time of '2026-01-23T19:19:23.1054581Z'
Number of updated asset objects reloaded before import = 0Number of asset objects unloaded after import = 0

========================================================================
Received Import Request.
  Time since last request: 0.000018 seconds.
  path: Assets/Scripts/Spray.cs
  artifactKey: Guid(6be66e472b85d9144bcd87e9b79442ab) Importer(815301076,1909f56bfc062723c751e8b465ee728b)
Start importing Assets/Scripts/Spray.cs using Guid(6be66e472b85d9144bcd87e9b79442ab) Importer(815301076,1909f56bfc062723c751e8b465ee728b) (PreviewImporter) -> (artifact id: '00000000000000000000000000000000') in 0.0007885 seconds
Import Error Code:(4)
Message: Build asset version error: assets/scripts/spray.cs in SourceAssetDB has modification time of '2026-01-23T19:17:15.1812611Z' while content on disk has modification time of '2026-01-23T19:19:23.1054581Z'
  ERROR: Build asset version error: assets/scripts/spray.cs in SourceAssetDB has modification time of '2026-01-23T19:17:15.1812611Z' while content on disk has modification time of '2026-01-23T19:19:23.1054581Z'
Number of updated asset objects reloaded before import = 0Number of asset objects unloaded after import = 0

========================================================================
Received Import Request.
  Time since last request: 0.000019 seconds.
  path: Assets/Scripts/Spray.cs
  artifactKey: Guid(6be66e472b85d9144bcd87e9b79442ab) Importer(815301076,1909f56bfc062723c751e8b465ee728b)
Start importing Assets/Scripts/Spray.cs using Guid(6be66e472b85d9144bcd87e9b79442ab) Importer(815301076,1909f56bfc062723c751e8b465ee728b) (PreviewImporter) -> (artifact id: '00000000000000000000000000000000') in 0.0008025 seconds
Import Error Code:(4)
Message: Build asset version error: assets/scripts/spray.cs in SourceAssetDB has modification time of '2026-01-23T19:17:15.1812611Z' while content on disk has modification time of '2026-01-23T19:19:23.1054581Z'
  ERROR: Build asset version error: assets/scripts/spray.cs in SourceAssetDB has modification time of '2026-01-23T19:17:15.1812611Z' while content on disk has modification time of '2026-01-23T19:19:23.1054581Z'
Number of updated asset objects reloaded before import = 0Number of asset objects unloaded after import = 0

========================================================================
Received Import Request.
  Time since last request: 0.000019 seconds.
  path: Assets/Scripts/Spray.cs
  artifactKey: Guid(6be66e472b85d9144bcd87e9b79442ab) Importer(815301076,1909f56bfc062723c751e8b465ee728b)
Start importing Assets/Scripts/Spray.cs using Guid(6be66e472b85d9144bcd87e9b79442ab) Importer(815301076,1909f56bfc062723c751e8b465ee728b) (PreviewImporter) -> (artifact id: '00000000000000000000000000000000') in 0.000929 seconds
Import Error Code:(4)
Message: Build asset version error: assets/scripts/spray.cs in SourceAssetDB has modification time of '2026-01-23T19:17:15.1812611Z' while content on disk has modification time of '2026-01-23T19:19:23.1054581Z'
  ERROR: Build asset version error: assets/scripts/spray.cs in SourceAssetDB has modification time of '2026-01-23T19:17:15.1812611Z' while content on disk has modification time of '2026-01-23T19:19:23.1054581Z'
Number of updated asset objects reloaded before import = 0Number of asset objects unloaded after import = 0

========================================================================
Received Import Request.
  Time since last request: 0.000021 seconds.
  path: Assets/Scripts/Spray.cs
  artifactKey: Guid(6be66e472b85d9144bcd87e9b79442ab) Importer(815301076,1909f56bfc062723c751e8b465ee728b)
Start importing Assets/Scripts/Spray.cs using Guid(6be66e472b85d9144bcd87e9b79442ab) Importer(815301076,1909f56bfc062723c751e8b465ee728b) (PreviewImporter) -> (artifact id: '00000000000000000000000000000000') in 0.0008273 seconds
Import Error Code:(4)
Message: Build asset version error: assets/scripts/spray.cs in SourceAssetDB has modification time of '2026-01-23T19:17:15.1812611Z' while content on disk has modification time of '2026-01-23T19:19:23.1054581Z'
  ERROR: Build asset version error: assets/scripts/spray.cs in SourceAssetDB has modification time of '2026-01-23T19:17:15.1812611Z' while content on disk has modification time of '2026-01-23T19:19:23.1054581Z'
Number of updated asset objects reloaded before import = 0Number of asset objects unloaded after import = 0

========================================================================
Received Import Request.
  Time since last request: 0.000023 seconds.
  path: Assets/Scripts/Spray.cs
  artifactKey: Guid(6be66e472b85d9144bcd87e9b79442ab) Importer(815301076,1909f56bfc062723c751e8b465ee728b)
Start importing Assets/Scripts/Spray.cs using Guid(6be66e472b85d9144bcd87e9b79442ab) Importer(815301076,1909f56bfc062723c751e8b465ee728b) (PreviewImporter) -> (artifact id: '00000000000000000000000000000000') in 0.0007897 seconds
Import Error Code:(4)
Message: Build asset version error: assets/scripts/spray.cs in SourceAssetDB has modification time of '2026-01-23T19:17:15.1812611Z' while content on disk has modification time of '2026-01-23T19:19:23.1054581Z'
  ERROR: Build asset version error: assets/scripts/spray.cs in SourceAssetDB has modification time of '2026-01-23T19:17:15.1812611Z' while content on disk has modification time of '2026-01-23T19:19:23.1054581Z'
Number of updated asset objects reloaded before import = 0Number of asset objects unloaded after import = 0

========================================================================
Received Import Request.
  Time since last request: 0.001020 seconds.
  path: Assets/Scripts/Spray.cs
  artifactKey: Guid(6be66e472b85d9144bcd87e9b79442ab) Importer(815301076,1909f56bfc062723c751e8b465ee728b)
Start importing Assets/Scripts/Spray.cs using Guid(6be66e472b85d9144bcd87e9b79442ab) Importer(815301076,1909f56bfc062723c751e8b465ee728b) (PreviewImporter) -> (artifact id: '00000000000000000000000000000000') in 0.0009562 seconds
Import Error Code:(4)
Message: Build asset version error: assets/scripts/spray.cs in SourceAssetDB has modification time of '2026-01-23T19:17:15.1812611Z' while content on disk has modification time of '2026-01-23T19:19:23.1054581Z'
  ERROR: Build asset version error: assets/scripts/spray.cs in SourceAssetDB has modification time of '2026-01-23T19:17:15.1812611Z' while content on disk has modification time of '2026-01-23T19:19:23.1054581Z'
Number of updated asset objects reloaded before import = 0Number of asset objects unloaded after import = 0

========================================================================
Received Import Request.
  Time since last request: 0.000021 seconds.
  path: Assets/Scripts/Spray.cs
  artifactKey: Guid(6be66e472b85d9144bcd87e9b79442ab) Importer(815301076,1909f56bfc062723c751e8b465ee728b)
Start importing Assets/Scripts/Spray.cs using Guid(6be66e472b85d9144bcd87e9b79442ab) Importer(815301076,1909f56bfc062723c751e8b465ee728b) (PreviewImporter) -> (artifact id: '00000000000000000000000000000000') in 0.0008211 seconds
Import Error Code:(4)
Message: Build asset version error: assets/scripts/spray.cs in SourceAssetDB has modification time of '2026-01-23T19:17:15.1812611Z' while content on disk has modification time of '2026-01-23T19:19:23.1054581Z'
  ERROR: Build asset version error: assets/scripts/spray.cs in SourceAssetDB has modification time of '2026-01-23T19:17:15.1812611Z' while content on disk has modification time of '2026-01-23T19:19:23.1054581Z'
Number of updated asset objects reloaded before import = 0Number of asset objects unloaded after import = 0

========================================================================
Received Import Request.
  Time since last request: 0.000026 seconds.
  path: Assets/Scripts/Spray.cs
  artifactKey: Guid(6be66e472b85d9144bcd87e9b79442ab) Importer(815301076,1909f56bfc062723c751e8b465ee728b)
Start importing Assets/Scripts/Spray.cs using Guid(6be66e472b85d9144bcd87e9b79442ab) Importer(815301076,1909f56bfc062723c751e8b465ee728b) (PreviewImporter) -> (artifact id: '00000000000000000000000000000000') in 0.0007132 seconds
Import Error Code:(4)
Message: Build asset version error: assets/scripts/spray.cs in SourceAssetDB has modification time of '2026-01-23T19:17:15.1812611Z' while content on disk has modification time of '2026-01-23T19:19:23.1054581Z'
  ERROR: Build asset version error: assets/scripts/spray.cs in SourceAssetDB has modification time of '2026-01-23T19:17:15.1812611Z' while content on disk has modification time of '2026-01-23T19:19:23.1054581Z'
Number of updated asset objects reloaded before import = 0Number of asset objects unloaded after import = 0

========================================================================
Received Import Request.
  Time since last request: 0.000020 seconds.
  path: Assets/Scripts/Spray.cs
  artifactKey: Guid(6be66e472b85d9144bcd87e9b79442ab) Importer(815301076,1909f56bfc062723c751e8b465ee728b)
Start importing Assets/Scripts/Spray.cs using Guid(6be66e472b85d9144bcd87e9b79442ab) Importer(815301076,1909f56bfc062723c751e8b465ee728b) (PreviewImporter) -> (artifact id: '00000000000000000000000000000000') in 0.000992 seconds
Import Error Code:(4)
Message: Build asset version error: assets/scripts/spray.cs in SourceAssetDB has modification time of '2026-01-23T19:17:15.1812611Z' while content on disk has modification time of '2026-01-23T19:19:23.1054581Z'
  ERROR: Build asset version error: assets/scripts/spray.cs in SourceAssetDB has modification time of '2026-01-23T19:17:15.1812611Z' while content on disk has modification time of '2026-01-23T19:19:23.1054581Z'
Number of updated asset objects reloaded before import = 0Number of asset objects unloaded after import = 0

========================================================================
Received Import Request.
  Time since last request: 0.000019 seconds.
  path: Assets/Scripts/Spray.cs
  artifactKey: Guid(6be66e472b85d9144bcd87e9b79442ab) Importer(815301076,1909f56bfc062723c751e8b465ee728b)
Start importing Assets/Scripts/Spray.cs using Guid(6be66e472b85d9144bcd87e9b79442ab) Importer(815301076,1909f56bfc062723c751e8b465ee728b) (PreviewImporter) -> (artifact id: '00000000000000000000000000000000') in 0.0008194 seconds
Import Error Code:(4)
Message: Build asset version error: assets/scripts/spray.cs in SourceAssetDB has modification time of '2026-01-23T19:17:15.1812611Z' while content on disk has modification time of '2026-01-23T19:19:23.1054581Z'
  ERROR: Build asset version error: assets/scripts/spray.cs in SourceAssetDB has modification time of '2026-01-23T19:17:15.1812611Z' while content on disk has modification time of '2026-01-23T19:19:23.1054581Z'
Number of updated asset objects reloaded before import = 0Number of asset objects unloaded after import = 0

========================================================================
Received Import Request.
  Time since last request: 0.000025 seconds.
  path: Assets/Scripts/Spray.cs
  artifactKey: Guid(6be66e472b85d9144bcd87e9b79442ab) Importer(815301076,1909f56bfc062723c751e8b465ee728b)
Start importing Assets/Scripts/Spray.cs using Guid(6be66e472b85d9144bcd87e9b79442ab) Importer(815301076,1909f56bfc062723c751e8b465ee728b) (PreviewImporter) -> (artifact id: '00000000000000000000000000000000') in 0.0007173 seconds
Import Error Code:(4)
Message: Build asset version error: assets/scripts/spray.cs in SourceAssetDB has modification time of '2026-01-23T19:17:15.1812611Z' while content on disk has modification time of '2026-01-23T19:19:23.1054581Z'
  ERROR: Build asset version error: assets/scripts/spray.cs in SourceAssetDB has modification time of '2026-01-23T19:17:15.1812611Z' while content on disk has modification time of '2026-01-23T19:19:23.1054581Z'
Number of updated asset objects reloaded before import = 0Number of asset objects unloaded after import = 0

========================================================================
Received Import Request.
  Time since last request: 0.000033 seconds.
  path: Assets/Scripts/Spray.cs
  artifactKey: Guid(6be66e472b85d9144bcd87e9b79442ab) Importer(815301076,1909f56bfc062723c751e8b465ee728b)
Start importing Assets/Scripts/Spray.cs using Guid(6be66e472b85d9144bcd87e9b79442ab) Importer(815301076,1909f56bfc062723c751e8b465ee728b) (PreviewImporter) -> (artifact id: '00000000000000000000000000000000') in 0.0012324 seconds
Import Error Code:(4)
Message: Build asset version error: assets/scripts/spray.cs in SourceAssetDB has modification time of '2026-01-23T19:17:15.1812611Z' while content on disk has modification time of '2026-01-23T19:19:23.1054581Z'
  ERROR: Build asset version error: assets/scripts/spray.cs in SourceAssetDB has modification time of '2026-01-23T19:17:15.1812611Z' while content on disk has modification time of '2026-01-23T19:19:23.1054581Z'
Number of updated asset objects reloaded before import = 0Number of asset objects unloaded after import = 0

========================================================================
Received Import Request.
  Time since last request: 0.000024 seconds.
  path: Assets/Scripts/Spray.cs
  artifactKey: Guid(6be66e472b85d9144bcd87e9b79442ab) Importer(815301076,1909f56bfc062723c751e8b465ee728b)
Start importing Assets/Scripts/Spray.cs using Guid(6be66e472b85d9144bcd87e9b79442ab) Importer(815301076,1909f56bfc062723c751e8b465ee728b) (PreviewImporter) -> (artifact id: '00000000000000000000000000000000') in 0.0008284 seconds
Import Error Code:(4)
Message: Build asset version error: assets/scripts/spray.cs in SourceAssetDB has modification time of '2026-01-23T19:17:15.1812611Z' while content on disk has modification time of '2026-01-23T19:19:23.1054581Z'
  ERROR: Build asset version error: assets/scripts/spray.cs in SourceAssetDB has modification time of '2026-01-23T19:17:15.1812611Z' while content on disk has modification time of '2026-01-23T19:19:23.1054581Z'
Number of updated asset objects reloaded before import = 0Number of asset objects unloaded after import = 0

========================================================================
Received Import Request.
  Time since last request: 0.000020 seconds.
  path: Assets/Scripts/Spray.cs
  artifactKey: Guid(6be66e472b85d9144bcd87e9b79442ab) Importer(815301076,1909f56bfc062723c751e8b465ee728b)
Start importing Assets/Scripts/Spray.cs using Guid(6be66e472b85d9144bcd87e9b79442ab) Importer(815301076,1909f56bfc062723c751e8b465ee728b) (PreviewImporter) -> (artifact id: '00000000000000000000000000000000') in 0.001155 seconds
Import Error Code:(4)
Message: Build asset version error: assets/scripts/spray.cs in SourceAssetDB has modification time of '2026-01-23T19:17:15.1812611Z' while content on disk has modification time of '2026-01-23T19:19:23.1054581Z'
  ERROR: Build asset version error: assets/scripts/spray.cs in SourceAssetDB has modification time of '2026-01-23T19:17:15.1812611Z' while content on disk has modification time of '2026-01-23T19:19:23.1054581Z'
Number of updated asset objects reloaded before import = 0Number of asset objects unloaded after import = 0

========================================================================
Received Import Request.
  Time since last request: 0.000024 seconds.
  path: Assets/Scripts/Spray.cs
  artifactKey: Guid(6be66e472b85d9144bcd87e9b79442ab) Importer(815301076,1909f56bfc062723c751e8b465ee728b)
Start importing Assets/Scripts/Spray.cs using Guid(6be66e472b85d9144bcd87e9b79442ab) Importer(815301076,1909f56bfc062723c751e8b465ee728b) (PreviewImporter) -> (artifact id: '00000000000000000000000000000000') in 0.0009646 seconds
Import Error Code:(4)
Message: Build asset version error: assets/scripts/spray.cs in SourceAssetDB has modification time of '2026-01-23T19:17:15.1812611Z' while content on disk has modification time of '2026-01-23T19:19:23.1054581Z'
  ERROR: Build asset version error: assets/scripts/spray.cs in SourceAssetDB has modification time of '2026-01-23T19:17:15.1812611Z' while content on disk has modification time of '2026-01-23T19:19:23.1054581Z'
Number of updated asset objects reloaded before import = 0Number of asset objects unloaded after import = 0

========================================================================
Received Import Request.
  Time since last request: 0.000021 seconds.
  path: Assets/Scripts/Spray.cs
  artifactKey: Guid(6be66e472b85d9144bcd87e9b79442ab) Importer(815301076,1909f56bfc062723c751e8b465ee728b)
Start importing Assets/Scripts/Spray.cs using Guid(6be66e472b85d9144bcd87e9b79442ab) Importer(815301076,1909f56bfc062723c751e8b465ee728b) (PreviewImporter) -> (artifact id: '00000000000000000000000000000000') in 0.0009319 seconds
Import Error Code:(4)
Message: Build asset version error: assets/scripts/spray.cs in SourceAssetDB has modification time of '2026-01-23T19:17:15.1812611Z' while content on disk has modification time of '2026-01-23T19:19:23.1054581Z'
  ERROR: Build asset version error: assets/scripts/spray.cs in SourceAssetDB has modification time of '2026-01-23T19:17:15.1812611Z' while content on disk has modification time of '2026-01-23T19:19:23.1054581Z'
Number of updated asset objects reloaded before import = 0Number of asset objects unloaded after import = 0

========================================================================
Received Import Request.
  Time since last request: 0.000024 seconds.
  path: Assets/Scripts/Spray.cs
  artifactKey: Guid(6be66e472b85d9144bcd87e9b79442ab) Importer(815301076,1909f56bfc062723c751e8b465ee728b)
Start importing Assets/Scripts/Spray.cs using Guid(6be66e472b85d9144bcd87e9b79442ab) Importer(815301076,1909f56bfc062723c751e8b465ee728b) (PreviewImporter) -> (artifact id: '00000000000000000000000000000000') in 0.0007549 seconds
Import Error Code:(4)
Message: Build asset version error: assets/scripts/spray.cs in SourceAssetDB has modification time of '2026-01-23T19:17:15.1812611Z' while content on disk has modification time of '2026-01-23T19:19:23.1054581Z'
  ERROR: Build asset version error: assets/scripts/spray.cs in SourceAssetDB has modification time of '2026-01-23T19:17:15.1812611Z' while content on disk has modification time of '2026-01-23T19:19:23.1054581Z'
Number of updated asset objects reloaded before import = 0Number of asset objects unloaded after import = 0

========================================================================
Received Import Request.
  Time since last request: 0.000044 seconds.
  path: Assets/Scripts/Spray.cs
  artifactKey: Guid(6be66e472b85d9144bcd87e9b79442ab) Importer(815301076,1909f56bfc062723c751e8b465ee728b)
Start importing Assets/Scripts/Spray.cs using Guid(6be66e472b85d9144bcd87e9b79442ab) Importer(815301076,1909f56bfc062723c751e8b465ee728b) (PreviewImporter) -> (artifact id: '00000000000000000000000000000000') in 0.0007945 seconds
Import Error Code:(4)
Message: Build asset version error: assets/scripts/spray.cs in SourceAssetDB has modification time of '2026-01-23T19:17:15.1812611Z' while content on disk has modification time of '2026-01-23T19:19:23.1054581Z'
  ERROR: Build asset version error: assets/scripts/spray.cs in SourceAssetDB has modification time of '2026-01-23T19:17:15.1812611Z' while content on disk has modification time of '2026-01-23T19:19:23.1054581Z'
Number of updated asset objects reloaded before import = 0Number of asset objects unloaded after import = 0

========================================================================
Received Import Request.
  Time since last request: 0.000022 seconds.
  path: Assets/Scripts/Spray.cs
  artifactKey: Guid(6be66e472b85d9144bcd87e9b79442ab) Importer(815301076,1909f56bfc062723c751e8b465ee728b)
Start importing Assets/Scripts/Spray.cs using Guid(6be66e472b85d9144bcd87e9b79442ab) Importer(815301076,1909f56bfc062723c751e8b465ee728b) (PreviewImporter) -> (artifact id: '00000000000000000000000000000000') in 0.000736 seconds
Import Error Code:(4)
Message: Build asset version error: assets/scripts/spray.cs in SourceAssetDB has modification time of '2026-01-23T19:17:15.1812611Z' while content on disk has modification time of '2026-01-23T19:19:23.1054581Z'
  ERROR: Build asset version error: assets/scripts/spray.cs in SourceAssetDB has modification time of '2026-01-23T19:17:15.1812611Z' while content on disk has modification time of '2026-01-23T19:19:23.1054581Z'
Number of updated asset objects reloaded before import = 0Number of asset objects unloaded after import = 0

========================================================================
Received Import Request.
  Time since last request: 0.000021 seconds.
  path: Assets/Scripts/Spray.cs
  artifactKey: Guid(6be66e472b85d9144bcd87e9b79442ab) Importer(815301076,1909f56bfc062723c751e8b465ee728b)
Start importing Assets/Scripts/Spray.cs using Guid(6be66e472b85d9144bcd87e9b79442ab) Importer(815301076,1909f56bfc062723c751e8b465ee728b) (PreviewImporter) -> (artifact id: '00000000000000000000000000000000') in 0.0010554 seconds
Import Error Code:(4)
Message: Build asset version error: assets/scripts/spray.cs in SourceAssetDB has modification time of '2026-01-23T19:17:15.1812611Z' while content on disk has modification time of '2026-01-23T19:19:23.1054581Z'
  ERROR: Build asset version error: assets/scripts/spray.cs in SourceAssetDB has modification time of '2026-01-23T19:17:15.1812611Z' while content on disk has modification time of '2026-01-23T19:19:23.1054581Z'
Number of updated asset objects reloaded before import = 0Number of asset objects unloaded after import = 0

========================================================================
Received Import Request.
  Time since last request: 0.000022 seconds.
  path: Assets/Scripts/Spray.cs
  artifactKey: Guid(6be66e472b85d9144bcd87e9b79442ab) Importer(815301076,1909f56bfc062723c751e8b465ee728b)
Start importing Assets/Scripts/Spray.cs using Guid(6be66e472b85d9144bcd87e9b79442ab) Importer(815301076,1909f56bfc062723c751e8b465ee728b) (PreviewImporter) -> (artifact id: '00000000000000000000000000000000') in 0.0007103 seconds
Import Error Code:(4)
Message: Build asset version error: assets/scripts/spray.cs in SourceAssetDB has modification time of '2026-01-23T19:17:15.1812611Z' while content on disk has modification time of '2026-01-23T19:19:23.1054581Z'
  ERROR: Build asset version error: assets/scripts/spray.cs in SourceAssetDB has modification time of '2026-01-23T19:17:15.1812611Z' while content on disk has modification time of '2026-01-23T19:19:23.1054581Z'
Number of updated asset objects reloaded before import = 0Number of asset objects unloaded after import = 0

========================================================================
Received Import Request.
  Time since last request: 0.000021 seconds.
  path: Assets/Scripts/Spray.cs
  artifactKey: Guid(6be66e472b85d9144bcd87e9b79442ab) Importer(815301076,1909f56bfc062723c751e8b465ee728b)
Start importing Assets/Scripts/Spray.cs using Guid(6be66e472b85d9144bcd87e9b79442ab) Importer(815301076,1909f56bfc062723c751e8b465ee728b) (PreviewImporter) -> (artifact id: '00000000000000000000000000000000') in 0.0007085 seconds
Import Error Code:(4)
Message: Build asset version error: assets/scripts/spray.cs in SourceAssetDB has modification time of '2026-01-23T19:17:15.1812611Z' while content on disk has modification time of '2026-01-23T19:19:23.1054581Z'
  ERROR: Build asset version error: assets/scripts/spray.cs in SourceAssetDB has modification time of '2026-01-23T19:17:15.1812611Z' while content on disk has modification time of '2026-01-23T19:19:23.1054581Z'
Number of updated asset objects reloaded before import = 0Number of asset objects unloaded after import = 0

========================================================================
Received Import Request.
  Time since last request: 0.000024 seconds.
  path: Assets/Scripts/Spray.cs
  artifactKey: Guid(6be66e472b85d9144bcd87e9b79442ab) Importer(815301076,1909f56bfc062723c751e8b465ee728b)
Start importing Assets/Scripts/Spray.cs using Guid(6be66e472b85d9144bcd87e9b79442ab) Importer(815301076,1909f56bfc062723c751e8b465ee728b) (PreviewImporter) -> (artifact id: '00000000000000000000000000000000') in 0.0008886 seconds
Import Error Code:(4)
Message: Build asset version error: assets/scripts/spray.cs in SourceAssetDB has modification time of '2026-01-23T19:17:15.1812611Z' while content on disk has modification time of '2026-01-23T19:19:23.1054581Z'
  ERROR: Build asset version error: assets/scripts/spray.cs in SourceAssetDB has modification time of '2026-01-23T19:17:15.1812611Z' while content on disk has modification time of '2026-01-23T19:19:23.1054581Z'
Number of updated asset objects reloaded before import = 0Number of asset objects unloaded after import = 0

========================================================================
Received Import Request.
  Time since last request: 0.000078 seconds.
  path: Assets/Scripts/Spray.cs
  artifactKey: Guid(6be66e472b85d9144bcd87e9b79442ab) Importer(815301076,1909f56bfc062723c751e8b465ee728b)
Start importing Assets/Scripts/Spray.cs using Guid(6be66e472b85d9144bcd87e9b79442ab) Importer(815301076,1909f56bfc062723c751e8b465ee728b) (PreviewImporter) -> (artifact id: '00000000000000000000000000000000') in 0.0008168 seconds
Import Error Code:(4)
Message: Build asset version error: assets/scripts/spray.cs in SourceAssetDB has modification time of '2026-01-23T19:17:15.1812611Z' while content on disk has modification time of '2026-01-23T19:19:23.1054581Z'
  ERROR: Build asset version error: assets/scripts/spray.cs in SourceAssetDB has modification time of '2026-01-23T19:17:15.1812611Z' while content on disk has modification time of '2026-01-23T19:19:23.1054581Z'
Number of updated asset objects reloaded before import = 0Number of asset objects unloaded after import = 0

========================================================================
Received Import Request.
  Time since last request: 0.000020 seconds.
  path: Assets/Scripts/Spray.cs
  artifactKey: Guid(6be66e472b85d9144bcd87e9b79442ab) Importer(815301076,1909f56bfc062723c751e8b465ee728b)
Start importing Assets/Scripts/Spray.cs using Guid(6be66e472b85d9144bcd87e9b79442ab) Importer(815301076,1909f56bfc062723c751e8b465ee728b) (PreviewImporter) -> (artifact id: '00000000000000000000000000000000') in 0.0008338 seconds
Import Error Code:(4)
Message: Build asset version error: assets/scripts/spray.cs in SourceAssetDB has modification time of '2026-01-23T19:17:15.1812611Z' while content on disk has modification time of '2026-01-23T19:19:23.1054581Z'
  ERROR: Build asset version error: assets/scripts/spray.cs in SourceAssetDB has modification time of '2026-01-23T19:17:15.1812611Z' while content on disk has modification time of '2026-01-23T19:19:23.1054581Z'
Number of updated asset objects reloaded before import = 0Number of asset objects unloaded after import = 0

========================================================================
Received Import Request.
  Time since last request: 0.000176 seconds.
  path: Assets/Scripts/Spray.cs
  artifactKey: Guid(6be66e472b85d9144bcd87e9b79442ab) Importer(815301076,1909f56bfc062723c751e8b465ee728b)
Start importing Assets/Scripts/Spray.cs using Guid(6be66e472b85d9144bcd87e9b79442ab) Importer(815301076,1909f56bfc062723c751e8b465ee728b) (PreviewImporter) -> (artifact id: '00000000000000000000000000000000') in 0.0007922 seconds
Import Error Code:(4)
Message: Build asset version error: assets/scripts/spray.cs in SourceAssetDB has modification time of '2026-01-23T19:17:15.1812611Z' while content on disk has modification time of '2026-01-23T19:19:23.1054581Z'
  ERROR: Build asset version error: assets/scripts/spray.cs in SourceAssetDB has modification time of '2026-01-23T19:17:15.1812611Z' while content on disk has modification time of '2026-01-23T19:19:23.1054581Z'
Number of updated asset objects reloaded before import = 0Number of asset objects unloaded after import = 0

========================================================================
Received Import Request.
  Time since last request: 0.000020 seconds.
  path: Assets/Scripts/Spray.cs
  artifactKey: Guid(6be66e472b85d9144bcd87e9b79442ab) Importer(815301076,1909f56bfc062723c751e8b465ee728b)
Start importing Assets/Scripts/Spray.cs using Guid(6be66e472b85d9144bcd87e9b79442ab) Importer(815301076,1909f56bfc062723c751e8b465ee728b) (PreviewImporter) -> (artifact id: '00000000000000000000000000000000') in 0.0008422 seconds
Import Error Code:(4)
Message: Build asset version error: assets/scripts/spray.cs in SourceAssetDB has modification time of '2026-01-23T19:17:15.1812611Z' while content on disk has modification time of '2026-01-23T19:19:23.1054581Z'
  ERROR: Build asset version error: assets/scripts/spray.cs in SourceAssetDB has modification time of '2026-01-23T19:17:15.1812611Z' while content on disk has modification time of '2026-01-23T19:19:23.1054581Z'
Number of updated asset objects reloaded before import = 0Number of asset objects unloaded after import = 0

========================================================================
Received Import Request.
  Time since last request: 0.000021 seconds.
  path: Assets/Scripts/Spray.cs
  artifactKey: Guid(6be66e472b85d9144bcd87e9b79442ab) Importer(815301076,1909f56bfc062723c751e8b465ee728b)
Start importing Assets/Scripts/Spray.cs using Guid(6be66e472b85d9144bcd87e9b79442ab) Importer(815301076,1909f56bfc062723c751e8b465ee728b) (PreviewImporter) -> (artifact id: '00000000000000000000000000000000') in 0.0009522 seconds
Import Error Code:(4)
Message: Build asset version error: assets/scripts/spray.cs in SourceAssetDB has modification time of '2026-01-23T19:17:15.1812611Z' while content on disk has modification time of '2026-01-23T19:19:23.1054581Z'
  ERROR: Build asset version error: assets/scripts/spray.cs in SourceAssetDB has modification time of '2026-01-23T19:17:15.1812611Z' while content on disk has modification time of '2026-01-23T19:19:23.1054581Z'
Number of updated asset objects reloaded before import = 0Number of asset objects unloaded after import = 0

========================================================================
Received Import Request.
  Time since last request: 0.000024 seconds.
  path: Assets/Scripts/Spray.cs
  artifactKey: Guid(6be66e472b85d9144bcd87e9b79442ab) Importer(815301076,1909f56bfc062723c751e8b465ee728b)
Start importing Assets/Scripts/Spray.cs using Guid(6be66e472b85d9144bcd87e9b79442ab) Importer(815301076,1909f56bfc062723c751e8b465ee728b) (PreviewImporter) -> (artifact id: '00000000000000000000000000000000') in 0.0009647 seconds
Import Error Code:(4)
Message: Build asset version error: assets/scripts/spray.cs in SourceAssetDB has modification time of '2026-01-23T19:17:15.1812611Z' while content on disk has modification time of '2026-01-23T19:19:23.1054581Z'
  ERROR: Build asset version error: assets/scripts/spray.cs in SourceAssetDB has modification time of '2026-01-23T19:17:15.1812611Z' while content on disk has modification time of '2026-01-23T19:19:23.1054581Z'
Number of updated asset objects reloaded before import = 0Number of asset objects unloaded after import = 0

========================================================================
Received Import Request.
  Time since last request: 0.000032 seconds.
  path: Assets/Scripts/Spray.cs
  artifactKey: Guid(6be66e472b85d9144bcd87e9b79442ab) Importer(815301076,1909f56bfc062723c751e8b465ee728b)
Start importing Assets/Scripts/Spray.cs using Guid(6be66e472b85d9144bcd87e9b79442ab) Importer(815301076,1909f56bfc062723c751e8b465ee728b) (PreviewImporter) -> (artifact id: '00000000000000000000000000000000') in 0.0009152 seconds
Import Error Code:(4)
Message: Build asset version error: assets/scripts/spray.cs in SourceAssetDB has modification time of '2026-01-23T19:17:15.1812611Z' while content on disk has modification time of '2026-01-23T19:19:23.1054581Z'
  ERROR: Build asset version error: assets/scripts/spray.cs in SourceAssetDB has modification time of '2026-01-23T19:17:15.1812611Z' while content on disk has modification time of '2026-01-23T19:19:23.1054581Z'
Number of updated asset objects reloaded before import = 0Number of asset objects unloaded after import = 0

========================================================================
Received Import Request.
  Time since last request: 0.000030 seconds.
  path: Assets/Scripts/Spray.cs
  artifactKey: Guid(6be66e472b85d9144bcd87e9b79442ab) Importer(815301076,1909f56bfc062723c751e8b465ee728b)
Start importing Assets/Scripts/Spray.cs using Guid(6be66e472b85d9144bcd87e9b79442ab) Importer(815301076,1909f56bfc062723c751e8b465ee728b) (PreviewImporter) -> (artifact id: '00000000000000000000000000000000') in 0.0007303 seconds
Import Error Code:(4)
Message: Build asset version error: assets/scripts/spray.cs in SourceAssetDB has modification time of '2026-01-23T19:17:15.1812611Z' while content on disk has modification time of '2026-01-23T19:19:23.1054581Z'
  ERROR: Build asset version error: assets/scripts/spray.cs in SourceAssetDB has modification time of '2026-01-23T19:17:15.1812611Z' while content on disk has modification time of '2026-01-23T19:19:23.1054581Z'
Number of updated asset objects reloaded before import = 0Number of asset objects unloaded after import = 0

========================================================================
Received Import Request.
  Time since last request: 0.059061 seconds.
  path: Assets/Scripts/Spray.cs
  artifactKey: Guid(6be66e472b85d9144bcd87e9b79442ab) Importer(815301076,1909f56bfc062723c751e8b465ee728b)
Start importing Assets/Scripts/Spray.cs using Guid(6be66e472b85d9144bcd87e9b79442ab) Importer(815301076,1909f56bfc062723c751e8b465ee728b) (PreviewImporter) -> (artifact id: '00000000000000000000000000000000') in 0.0007608 seconds
Import Error Code:(4)
Message: Build asset version error: assets/scripts/spray.cs in SourceAssetDB has modification time of '2026-01-23T19:17:15.1812611Z' while content on disk has modification time of '2026-01-23T19:19:23.1054581Z'
  ERROR: Build asset version error: assets/scripts/spray.cs in SourceAssetDB has modification time of '2026-01-23T19:17:15.1812611Z' while content on disk has modification time of '2026-01-23T19:19:23.1054581Z'
Number of updated asset objects reloaded before import = 0Number of asset objects unloaded after import = 0

========================================================================
Received Import Request.
  Time since last request: 0.000019 seconds.
  path: Assets/Scripts/Spray.cs
  artifactKey: Guid(6be66e472b85d9144bcd87e9b79442ab) Importer(815301076,1909f56bfc062723c751e8b465ee728b)
Start importing Assets/Scripts/Spray.cs using Guid(6be66e472b85d9144bcd87e9b79442ab) Importer(815301076,1909f56bfc062723c751e8b465ee728b) (PreviewImporter) -> (artifact id: '00000000000000000000000000000000') in 0.0009461 seconds
Import Error Code:(4)
Message: Build asset version error: assets/scripts/spray.cs in SourceAssetDB has modification time of '2026-01-23T19:17:15.1812611Z' while content on disk has modification time of '2026-01-23T19:19:23.1054581Z'
  ERROR: Build asset version error: assets/scripts/spray.cs in SourceAssetDB has modification time of '2026-01-23T19:17:15.1812611Z' while content on disk has modification time of '2026-01-23T19:19:23.1054581Z'
Number of updated asset objects reloaded before import = 0Number of asset objects unloaded after import = 0

========================================================================
Received Import Request.
  Time since last request: 0.000030 seconds.
  path: Assets/Scripts/Spray.cs
  artifactKey: Guid(6be66e472b85d9144bcd87e9b79442ab) Importer(815301076,1909f56bfc062723c751e8b465ee728b)
Start importing Assets/Scripts/Spray.cs using Guid(6be66e472b85d9144bcd87e9b79442ab) Importer(815301076,1909f56bfc062723c751e8b465ee728b) (PreviewImporter) -> (artifact id: '00000000000000000000000000000000') in 0.000866 seconds
Import Error Code:(4)
Message: Build asset version error: assets/scripts/spray.cs in SourceAssetDB has modification time of '2026-01-23T19:17:15.1812611Z' while content on disk has modification time of '2026-01-23T19:19:23.1054581Z'
  ERROR: Build asset version error: assets/scripts/spray.cs in SourceAssetDB has modification time of '2026-01-23T19:17:15.1812611Z' while content on disk has modification time of '2026-01-23T19:19:23.1054581Z'
Number of updated asset objects reloaded before import = 0Number of asset objects unloaded after import = 0

========================================================================
Received Import Request.
  Time since last request: 0.000033 seconds.
  path: Assets/Scripts/Spray.cs
  artifactKey: Guid(6be66e472b85d9144bcd87e9b79442ab) Importer(815301076,1909f56bfc062723c751e8b465ee728b)
Start importing Assets/Scripts/Spray.cs using Guid(6be66e472b85d9144bcd87e9b79442ab) Importer(815301076,1909f56bfc062723c751e8b465ee728b) (PreviewImporter) -> (artifact id: '00000000000000000000000000000000') in 0.0008047 seconds
Import Error Code:(4)
Message: Build asset version error: assets/scripts/spray.cs in SourceAssetDB has modification time of '2026-01-23T19:17:15.1812611Z' while content on disk has modification time of '2026-01-23T19:19:23.1054581Z'
  ERROR: Build asset version error: assets/scripts/spray.cs in SourceAssetDB has modification time of '2026-01-23T19:17:15.1812611Z' while content on disk has modification time of '2026-01-23T19:19:23.1054581Z'
Number of updated asset objects reloaded before import = 0Number of asset objects unloaded after import = 0

========================================================================
Received Import Request.
  Time since last request: 0.000020 seconds.
  path: Assets/Scripts/Spray.cs
  artifactKey: Guid(6be66e472b85d9144bcd87e9b79442ab) Importer(815301076,1909f56bfc062723c751e8b465ee728b)
Start importing Assets/Scripts/Spray.cs using Guid(6be66e472b85d9144bcd87e9b79442ab) Importer(815301076,1909f56bfc062723c751e8b465ee728b) (PreviewImporter) -> (artifact id: '00000000000000000000000000000000') in 0.0007326 seconds
Import Error Code:(4)
Message: Build asset version error: assets/scripts/spray.cs in SourceAssetDB has modification time of '2026-01-23T19:17:15.1812611Z' while content on disk has modification time of '2026-01-23T19:19:23.1054581Z'
  ERROR: Build asset version error: assets/scripts/spray.cs in SourceAssetDB has modification time of '2026-01-23T19:17:15.1812611Z' while content on disk has modification time of '2026-01-23T19:19:23.1054581Z'
Number of updated asset objects reloaded before import = 0Number of asset objects unloaded after import = 0

========================================================================
Received Import Request.
  Time since last request: 0.000030 seconds.
  path: Assets/Scripts/Spray.cs
  artifactKey: Guid(6be66e472b85d9144bcd87e9b79442ab) Importer(815301076,1909f56bfc062723c751e8b465ee728b)
Start importing Assets/Scripts/Spray.cs using Guid(6be66e472b85d9144bcd87e9b79442ab) Importer(815301076,1909f56bfc062723c751e8b465ee728b) (PreviewImporter) -> (artifact id: '00000000000000000000000000000000') in 0.0007946 seconds
Import Error Code:(4)
Message: Build asset version error: assets/scripts/spray.cs in SourceAssetDB has modification time of '2026-01-23T19:17:15.1812611Z' while content on disk has modification time of '2026-01-23T19:19:23.1054581Z'
  ERROR: Build asset version error: assets/scripts/spray.cs in SourceAssetDB has modification time of '2026-01-23T19:17:15.1812611Z' while content on disk has modification time of '2026-01-23T19:19:23.1054581Z'
Number of updated asset objects reloaded before import = 0Number of asset objects unloaded after import = 0

========================================================================
Received Import Request.
  Time since last request: 0.000021 seconds.
  path: Assets/Scripts/Spray.cs
  artifactKey: Guid(6be66e472b85d9144bcd87e9b79442ab) Importer(815301076,1909f56bfc062723c751e8b465ee728b)
Start importing Assets/Scripts/Spray.cs using Guid(6be66e472b85d9144bcd87e9b79442ab) Importer(815301076,1909f56bfc062723c751e8b465ee728b) (PreviewImporter) -> (artifact id: '00000000000000000000000000000000') in 0.0009123 seconds
Import Error Code:(4)
Message: Build asset version error: assets/scripts/spray.cs in SourceAssetDB has modification time of '2026-01-23T19:17:15.1812611Z' while content on disk has modification time of '2026-01-23T19:19:23.1054581Z'
  ERROR: Build asset version error: assets/scripts/spray.cs in SourceAssetDB has modification time of '2026-01-23T19:17:15.1812611Z' while content on disk has modification time of '2026-01-23T19:19:23.1054581Z'
Number of updated asset objects reloaded before import = 0Number of asset objects unloaded after import = 0

========================================================================
Received Import Request.
  Time since last request: 0.000021 seconds.
  path: Assets/Scripts/Spray.cs
  artifactKey: Guid(6be66e472b85d9144bcd87e9b79442ab) Importer(815301076,1909f56bfc062723c751e8b465ee728b)
Start importing Assets/Scripts/Spray.cs using Guid(6be66e472b85d9144bcd87e9b79442ab) Importer(815301076,1909f56bfc062723c751e8b465ee728b) (PreviewImporter) -> (artifact id: '00000000000000000000000000000000') in 0.0008486 seconds
Import Error Code:(4)
Message: Build asset version error: assets/scripts/spray.cs in SourceAssetDB has modification time of '2026-01-23T19:17:15.1812611Z' while content on disk has modification time of '2026-01-23T19:19:23.1054581Z'
  ERROR: Build asset version error: assets/scripts/spray.cs in SourceAssetDB has modification time of '2026-01-23T19:17:15.1812611Z' while content on disk has modification time of '2026-01-23T19:19:23.1054581Z'
Number of updated asset objects reloaded before import = 0Number of asset objects unloaded after import = 0

========================================================================
Received Import Request.
  Time since last request: 0.000025 seconds.
  path: Assets/Scripts/Spray.cs
  artifactKey: Guid(6be66e472b85d9144bcd87e9b79442ab) Importer(815301076,1909f56bfc062723c751e8b465ee728b)
Start importing Assets/Scripts/Spray.cs using Guid(6be66e472b85d9144bcd87e9b79442ab) Importer(815301076,1909f56bfc062723c751e8b465ee728b) (PreviewImporter) -> (artifact id: '00000000000000000000000000000000') in 0.0008392 seconds
Import Error Code:(4)
Message: Build asset version error: assets/scripts/spray.cs in SourceAssetDB has modification time of '2026-01-23T19:17:15.1812611Z' while content on disk has modification time of '2026-01-23T19:19:23.1054581Z'
  ERROR: Build asset version error: assets/scripts/spray.cs in SourceAssetDB has modification time of '2026-01-23T19:17:15.1812611Z' while content on disk has modification time of '2026-01-23T19:19:23.1054581Z'
Number of updated asset objects reloaded before import = 0Number of asset objects unloaded after import = 0

========================================================================
Received Import Request.
  Time since last request: 0.000034 seconds.
  path: Assets/Scripts/Spray.cs
  artifactKey: Guid(6be66e472b85d9144bcd87e9b79442ab) Importer(815301076,1909f56bfc062723c751e8b465ee728b)
Start importing Assets/Scripts/Spray.cs using Guid(6be66e472b85d9144bcd87e9b79442ab) Importer(815301076,1909f56bfc062723c751e8b465ee728b) (PreviewImporter) -> (artifact id: '00000000000000000000000000000000') in 0.00072 seconds
Import Error Code:(4)
Message: Build asset version error: assets/scripts/spray.cs in SourceAssetDB has modification time of '2026-01-23T19:17:15.1812611Z' while content on disk has modification time of '2026-01-23T19:19:23.1054581Z'
  ERROR: Build asset version error: assets/scripts/spray.cs in SourceAssetDB has modification time of '2026-01-23T19:17:15.1812611Z' while content on disk has modification time of '2026-01-23T19:19:23.1054581Z'
Number of updated asset objects reloaded before import = 0Number of asset objects unloaded after import = 0

========================================================================
Received Import Request.
  Time since last request: 0.000021 seconds.
  path: Assets/Scripts/Spray.cs
  artifactKey: Guid(6be66e472b85d9144bcd87e9b79442ab) Importer(815301076,1909f56bfc062723c751e8b465ee728b)
Start importing Assets/Scripts/Spray.cs using Guid(6be66e472b85d9144bcd87e9b79442ab) Importer(815301076,1909f56bfc062723c751e8b465ee728b) (PreviewImporter) -> (artifact id: '00000000000000000000000000000000') in 0.0007659 seconds
Import Error Code:(4)
Message: Build asset version error: assets/scripts/spray.cs in SourceAssetDB has modification time of '2026-01-23T19:17:15.1812611Z' while content on disk has modification time of '2026-01-23T19:19:23.1054581Z'
  ERROR: Build asset version error: assets/scripts/spray.cs in SourceAssetDB has modification time of '2026-01-23T19:17:15.1812611Z' while content on disk has modification time of '2026-01-23T19:19:23.1054581Z'
Number of updated asset objects reloaded before import = 0Number of asset objects unloaded after import = 0

========================================================================
Received Import Request.
  Time since last request: 0.000020 seconds.
  path: Assets/Scripts/Spray.cs
  artifactKey: Guid(6be66e472b85d9144bcd87e9b79442ab) Importer(815301076,1909f56bfc062723c751e8b465ee728b)
Start importing Assets/Scripts/Spray.cs using Guid(6be66e472b85d9144bcd87e9b79442ab) Importer(815301076,1909f56bfc062723c751e8b465ee728b) (PreviewImporter) -> (artifact id: '00000000000000000000000000000000') in 0.0010463 seconds
Import Error Code:(4)
Message: Build asset version error: assets/scripts/spray.cs in SourceAssetDB has modification time of '2026-01-23T19:17:15.1812611Z' while content on disk has modification time of '2026-01-23T19:19:23.1054581Z'
  ERROR: Build asset version error: assets/scripts/spray.cs in SourceAssetDB has modification time of '2026-01-23T19:17:15.1812611Z' while content on disk has modification time of '2026-01-23T19:19:23.1054581Z'
Number of updated asset objects reloaded before import = 0Number of asset objects unloaded after import = 0

========================================================================
Received Import Request.
  Time since last request: 0.000021 seconds.
  path: Assets/Scripts/Spray.cs
  artifactKey: Guid(6be66e472b85d9144bcd87e9b79442ab) Importer(815301076,1909f56bfc062723c751e8b465ee728b)
Start importing Assets/Scripts/Spray.cs using Guid(6be66e472b85d9144bcd87e9b79442ab) Importer(815301076,1909f56bfc062723c751e8b465ee728b) (PreviewImporter) -> (artifact id: '00000000000000000000000000000000') in 0.0007143 seconds
Import Error Code:(4)
Message: Build asset version error: assets/scripts/spray.cs in SourceAssetDB has modification time of '2026-01-23T19:17:15.1812611Z' while content on disk has modification time of '2026-01-23T19:19:23.1054581Z'
  ERROR: Build asset version error: assets/scripts/spray.cs in SourceAssetDB has modification time of '2026-01-23T19:17:15.1812611Z' while content on disk has modification time of '2026-01-23T19:19:23.1054581Z'
Number of updated asset objects reloaded before import = 0Number of asset objects unloaded after import = 0

========================================================================
Received Import Request.
  Time since last request: 0.000036 seconds.
  path: Assets/Scripts/Spray.cs
  artifactKey: Guid(6be66e472b85d9144bcd87e9b79442ab) Importer(815301076,1909f56bfc062723c751e8b465ee728b)
Start importing Assets/Scripts/Spray.cs using Guid(6be66e472b85d9144bcd87e9b79442ab) Importer(815301076,1909f56bfc062723c751e8b465ee728b) (PreviewImporter) -> (artifact id: '00000000000000000000000000000000') in 0.0012317 seconds
Import Error Code:(4)
Message: Build asset version error: assets/scripts/spray.cs in SourceAssetDB has modification time of '2026-01-23T19:17:15.1812611Z' while content on disk has modification time of '2026-01-23T19:19:23.1054581Z'
  ERROR: Build asset version error: assets/scripts/spray.cs in SourceAssetDB has modification time of '2026-01-23T19:17:15.1812611Z' while content on disk has modification time of '2026-01-23T19:19:23.1054581Z'
Number of updated asset objects reloaded before import = 0Number of asset objects unloaded after import = 0

========================================================================
Received Import Request.
  Time since last request: 0.000023 seconds.
  path: Assets/Scripts/Spray.cs
  artifactKey: Guid(6be66e472b85d9144bcd87e9b79442ab) Importer(815301076,1909f56bfc062723c751e8b465ee728b)
Start importing Assets/Scripts/Spray.cs using Guid(6be66e472b85d9144bcd87e9b79442ab) Importer(815301076,1909f56bfc062723c751e8b465ee728b) (PreviewImporter) -> (artifact id: '00000000000000000000000000000000') in 0.0007958 seconds
Import Error Code:(4)
Message: Build asset version error: assets/scripts/spray.cs in SourceAssetDB has modification time of '2026-01-23T19:17:15.1812611Z' while content on disk has modification time of '2026-01-23T19:19:23.1054581Z'
  ERROR: Build asset version error: assets/scripts/spray.cs in SourceAssetDB has modification time of '2026-01-23T19:17:15.1812611Z' while content on disk has modification time of '2026-01-23T19:19:23.1054581Z'
Number of updated asset objects reloaded before import = 0Number of asset objects unloaded after import = 0

========================================================================
Received Import Request.
  Time since last request: 0.000061 seconds.
  path: Assets/Scripts/Spray.cs
  artifactKey: Guid(6be66e472b85d9144bcd87e9b79442ab) Importer(815301076,1909f56bfc062723c751e8b465ee728b)
Start importing Assets/Scripts/Spray.cs using Guid(6be66e472b85d9144bcd87e9b79442ab) Importer(815301076,1909f56bfc062723c751e8b465ee728b) (PreviewImporter) -> (artifact id: '00000000000000000000000000000000') in 0.0007169 seconds
Import Error Code:(4)
Message: Build asset version error: assets/scripts/spray.cs in SourceAssetDB has modification time of '2026-01-23T19:17:15.1812611Z' while content on disk has modification time of '2026-01-23T19:19:23.1054581Z'
  ERROR: Build asset version error: assets/scripts/spray.cs in SourceAssetDB has modification time of '2026-01-23T19:17:15.1812611Z' while content on disk has modification time of '2026-01-23T19:19:23.1054581Z'
Number of updated asset objects reloaded before import = 0Number of asset objects unloaded after import = 0

========================================================================
Received Import Request.
  Time since last request: 0.000020 seconds.
  path: Assets/Scripts/Spray.cs
  artifactKey: Guid(6be66e472b85d9144bcd87e9b79442ab) Importer(815301076,1909f56bfc062723c751e8b465ee728b)
Start importing Assets/Scripts/Spray.cs using Guid(6be66e472b85d9144bcd87e9b79442ab) Importer(815301076,1909f56bfc062723c751e8b465ee728b) (PreviewImporter) -> (artifact id: '00000000000000000000000000000000') in 0.0008557 seconds
Import Error Code:(4)
Message: Build asset version error: assets/scripts/spray.cs in SourceAssetDB has modification time of '2026-01-23T19:17:15.1812611Z' while content on disk has modification time of '2026-01-23T19:19:23.1054581Z'
  ERROR: Build asset version error: assets/scripts/spray.cs in SourceAssetDB has modification time of '2026-01-23T19:17:15.1812611Z' while content on disk has modification time of '2026-01-23T19:19:23.1054581Z'
Number of updated asset objects reloaded before import = 0Number of asset objects unloaded after import = 0

========================================================================
Received Import Request.
  Time since last request: 0.000022 seconds.
  path: Assets/Scripts/Spray.cs
  artifactKey: Guid(6be66e472b85d9144bcd87e9b79442ab) Importer(815301076,1909f56bfc062723c751e8b465ee728b)
Start importing Assets/Scripts/Spray.cs using Guid(6be66e472b85d9144bcd87e9b79442ab) Importer(815301076,1909f56bfc062723c751e8b465ee728b) (PreviewImporter) -> (artifact id: '00000000000000000000000000000000') in 0.0010012 seconds
Import Error Code:(4)
Message: Build asset version error: assets/scripts/spray.cs in SourceAssetDB has modification time of '2026-01-23T19:17:15.1812611Z' while content on disk has modification time of '2026-01-23T19:19:23.1054581Z'
  ERROR: Build asset version error: assets/scripts/spray.cs in SourceAssetDB has modification time of '2026-01-23T19:17:15.1812611Z' while content on disk has modification time of '2026-01-23T19:19:23.1054581Z'
Number of updated asset objects reloaded before import = 0Number of asset objects unloaded after import = 0

========================================================================
Received Import Request.
  Time since last request: 0.000024 seconds.
  path: Assets/Scripts/Spray.cs
  artifactKey: Guid(6be66e472b85d9144bcd87e9b79442ab) Importer(815301076,1909f56bfc062723c751e8b465ee728b)
Start importing Assets/Scripts/Spray.cs using Guid(6be66e472b85d9144bcd87e9b79442ab) Importer(815301076,1909f56bfc062723c751e8b465ee728b) (PreviewImporter) -> (artifact id: '00000000000000000000000000000000') in 0.0009422 seconds
Import Error Code:(4)
Message: Build asset version error: assets/scripts/spray.cs in SourceAssetDB has modification time of '2026-01-23T19:17:15.1812611Z' while content on disk has modification time of '2026-01-23T19:19:23.1054581Z'
  ERROR: Build asset version error: assets/scripts/spray.cs in SourceAssetDB has modification time of '2026-01-23T19:17:15.1812611Z' while content on disk has modification time of '2026-01-23T19:19:23.1054581Z'
Number of updated asset objects reloaded before import = 0Number of asset objects unloaded after import = 0

========================================================================
Received Import Request.
  Time since last request: 0.000021 seconds.
  path: Assets/Scripts/Spray.cs
  artifactKey: Guid(6be66e472b85d9144bcd87e9b79442ab) Importer(815301076,1909f56bfc062723c751e8b465ee728b)
Start importing Assets/Scripts/Spray.cs using Guid(6be66e472b85d9144bcd87e9b79442ab) Importer(815301076,1909f56bfc062723c751e8b465ee728b) (PreviewImporter) -> (artifact id: '00000000000000000000000000000000') in 0.0007335 seconds
Import Error Code:(4)
Message: Build asset version error: assets/scripts/spray.cs in SourceAssetDB has modification time of '2026-01-23T19:17:15.1812611Z' while content on disk has modification time of '2026-01-23T19:19:23.1054581Z'
  ERROR: Build asset version error: assets/scripts/spray.cs in SourceAssetDB has modification time of '2026-01-23T19:17:15.1812611Z' while content on disk has modification time of '2026-01-23T19:19:23.1054581Z'
Number of updated asset objects reloaded before import = 0Number of asset objects unloaded after import = 0

========================================================================
Received Import Request.
  Time since last request: 0.000025 seconds.
  path: Assets/Scripts/Spray.cs
  artifactKey: Guid(6be66e472b85d9144bcd87e9b79442ab) Importer(815301076,1909f56bfc062723c751e8b465ee728b)
Start importing Assets/Scripts/Spray.cs using Guid(6be66e472b85d9144bcd87e9b79442ab) Importer(815301076,1909f56bfc062723c751e8b465ee728b) (PreviewImporter) -> (artifact id: '00000000000000000000000000000000') in 0.0007357 seconds
Import Error Code:(4)
Message: Build asset version error: assets/scripts/spray.cs in SourceAssetDB has modification time of '2026-01-23T19:17:15.1812611Z' while content on disk has modification time of '2026-01-23T19:19:23.1054581Z'
  ERROR: Build asset version error: assets/scripts/spray.cs in SourceAssetDB has modification time of '2026-01-23T19:17:15.1812611Z' while content on disk has modification time of '2026-01-23T19:19:23.1054581Z'
Number of updated asset objects reloaded before import = 0Number of asset objects unloaded after import = 0

========================================================================
Received Import Request.
  Time since last request: 0.000043 seconds.
  path: Assets/Scripts/Spray.cs
  artifactKey: Guid(6be66e472b85d9144bcd87e9b79442ab) Importer(815301076,1909f56bfc062723c751e8b465ee728b)
Start importing Assets/Scripts/Spray.cs using Guid(6be66e472b85d9144bcd87e9b79442ab) Importer(815301076,1909f56bfc062723c751e8b465ee728b) (PreviewImporter) -> (artifact id: '00000000000000000000000000000000') in 0.0008288 seconds
Import Error Code:(4)
Message: Build asset version error: assets/scripts/spray.cs in SourceAssetDB has modification time of '2026-01-23T19:17:15.1812611Z' while content on disk has modification time of '2026-01-23T19:19:23.1054581Z'
  ERROR: Build asset version error: assets/scripts/spray.cs in SourceAssetDB has modification time of '2026-01-23T19:17:15.1812611Z' while content on disk has modification time of '2026-01-23T19:19:23.1054581Z'
Number of updated asset objects reloaded before import = 0Number of asset objects unloaded after import = 0

========================================================================
Received Import Request.
  Time since last request: 0.000030 seconds.
  path: Assets/Scripts/Spray.cs
  artifactKey: Guid(6be66e472b85d9144bcd87e9b79442ab) Importer(815301076,1909f56bfc062723c751e8b465ee728b)
Start importing Assets/Scripts/Spray.cs using Guid(6be66e472b85d9144bcd87e9b79442ab) Importer(815301076,1909f56bfc062723c751e8b465ee728b) (PreviewImporter) -> (artifact id: '00000000000000000000000000000000') in 0.0007617 seconds
Import Error Code:(4)
Message: Build asset version error: assets/scripts/spray.cs in SourceAssetDB has modification time of '2026-01-23T19:17:15.1812611Z' while content on disk has modification time of '2026-01-23T19:19:23.1054581Z'
  ERROR: Build asset version error: assets/scripts/spray.cs in SourceAssetDB has modification time of '2026-01-23T19:17:15.1812611Z' while content on disk has modification time of '2026-01-23T19:19:23.1054581Z'
Number of updated asset objects reloaded before import = 0Number of asset objects unloaded after import = 0

========================================================================
Received Import Request.
  Time since last request: 0.000029 seconds.
  path: Assets/Scripts/Spray.cs
  artifactKey: Guid(6be66e472b85d9144bcd87e9b79442ab) Importer(815301076,1909f56bfc062723c751e8b465ee728b)
Start importing Assets/Scripts/Spray.cs using Guid(6be66e472b85d9144bcd87e9b79442ab) Importer(815301076,1909f56bfc062723c751e8b465ee728b) (PreviewImporter) -> (artifact id: '00000000000000000000000000000000') in 0.000743 seconds
Import Error Code:(4)
Message: Build asset version error: assets/scripts/spray.cs in SourceAssetDB has modification time of '2026-01-23T19:17:15.1812611Z' while content on disk has modification time of '2026-01-23T19:19:23.1054581Z'
  ERROR: Build asset version error: assets/scripts/spray.cs in SourceAssetDB has modification time of '2026-01-23T19:17:15.1812611Z' while content on disk has modification time of '2026-01-23T19:19:23.1054581Z'
Number of updated asset objects reloaded before import = 0Number of asset objects unloaded after import = 0

========================================================================
Received Import Request.
  Time since last request: 0.000021 seconds.
  path: Assets/Scripts/Spray.cs
  artifactKey: Guid(6be66e472b85d9144bcd87e9b79442ab) Importer(815301076,1909f56bfc062723c751e8b465ee728b)
Start importing Assets/Scripts/Spray.cs using Guid(6be66e472b85d9144bcd87e9b79442ab) Importer(815301076,1909f56bfc062723c751e8b465ee728b) (PreviewImporter) -> (artifact id: '00000000000000000000000000000000') in 0.0007887 seconds
Import Error Code:(4)
Message: Build asset version error: assets/scripts/spray.cs in SourceAssetDB has modification time of '2026-01-23T19:17:15.1812611Z' while content on disk has modification time of '2026-01-23T19:19:23.1054581Z'
  ERROR: Build asset version error: assets/scripts/spray.cs in SourceAssetDB has modification time of '2026-01-23T19:17:15.1812611Z' while content on disk has modification time of '2026-01-23T19:19:23.1054581Z'
Number of updated asset objects reloaded before import = 0Number of asset objects unloaded after import = 0

========================================================================
Received Import Request.
  Time since last request: 0.000024 seconds.
  path: Assets/Scripts/Spray.cs
  artifactKey: Guid(6be66e472b85d9144bcd87e9b79442ab) Importer(815301076,1909f56bfc062723c751e8b465ee728b)
Start importing Assets/Scripts/Spray.cs using Guid(6be66e472b85d9144bcd87e9b79442ab) Importer(815301076,1909f56bfc062723c751e8b465ee728b) (PreviewImporter) -> (artifact id: '00000000000000000000000000000000') in 0.0007343 seconds
Import Error Code:(4)
Message: Build asset version error: assets/scripts/spray.cs in SourceAssetDB has modification time of '2026-01-23T19:17:15.1812611Z' while content on disk has modification time of '2026-01-23T19:19:23.1054581Z'
  ERROR: Build asset version error: assets/scripts/spray.cs in SourceAssetDB has modification time of '2026-01-23T19:17:15.1812611Z' while content on disk has modification time of '2026-01-23T19:19:23.1054581Z'
Number of updated asset objects reloaded before import = 0Number of asset objects unloaded after import = 0

========================================================================
Received Import Request.
  Time since last request: 0.000034 seconds.
  path: Assets/Scripts/Spray.cs
  artifactKey: Guid(6be66e472b85d9144bcd87e9b79442ab) Importer(815301076,1909f56bfc062723c751e8b465ee728b)
Start importing Assets/Scripts/Spray.cs using Guid(6be66e472b85d9144bcd87e9b79442ab) Importer(815301076,1909f56bfc062723c751e8b465ee728b) (PreviewImporter) -> (artifact id: '00000000000000000000000000000000') in 0.0008606 seconds
Import Error Code:(4)
Message: Build asset version error: assets/scripts/spray.cs in SourceAssetDB has modification time of '2026-01-23T19:17:15.1812611Z' while content on disk has modification time of '2026-01-23T19:19:23.1054581Z'
  ERROR: Build asset version error: assets/scripts/spray.cs in SourceAssetDB has modification time of '2026-01-23T19:17:15.1812611Z' while content on disk has modification time of '2026-01-23T19:19:23.1054581Z'
Number of updated asset objects reloaded before import = 0Number of asset objects unloaded after import = 0

========================================================================
Received Import Request.
  Time since last request: 0.000020 seconds.
  path: Assets/Scripts/Spray.cs
  artifactKey: Guid(6be66e472b85d9144bcd87e9b79442ab) Importer(815301076,1909f56bfc062723c751e8b465ee728b)
Start importing Assets/Scripts/Spray.cs using Guid(6be66e472b85d9144bcd87e9b79442ab) Importer(815301076,1909f56bfc062723c751e8b465ee728b) (PreviewImporter) -> (artifact id: '00000000000000000000000000000000') in 0.000868 seconds
Import Error Code:(4)
Message: Build asset version error: assets/scripts/spray.cs in SourceAssetDB has modification time of '2026-01-23T19:17:15.1812611Z' while content on disk has modification time of '2026-01-23T19:19:23.1054581Z'
  ERROR: Build asset version error: assets/scripts/spray.cs in SourceAssetDB has modification time of '2026-01-23T19:17:15.1812611Z' while content on disk has modification time of '2026-01-23T19:19:23.1054581Z'
Number of updated asset objects reloaded before import = 0Number of asset objects unloaded after import = 0

========================================================================
Received Import Request.
  Time since last request: 0.000021 seconds.
  path: Assets/Scripts/Spray.cs
  artifactKey: Guid(6be66e472b85d9144bcd87e9b79442ab) Importer(815301076,1909f56bfc062723c751e8b465ee728b)
Start importing Assets/Scripts/Spray.cs using Guid(6be66e472b85d9144bcd87e9b79442ab) Importer(815301076,1909f56bfc062723c751e8b465ee728b) (PreviewImporter) -> (artifact id: '00000000000000000000000000000000') in 0.0007558 seconds
Import Error Code:(4)
Message: Build asset version error: assets/scripts/spray.cs in SourceAssetDB has modification time of '2026-01-23T19:17:15.1812611Z' while content on disk has modification time of '2026-01-23T19:19:23.1054581Z'
  ERROR: Build asset version error: assets/scripts/spray.cs in SourceAssetDB has modification time of '2026-01-23T19:17:15.1812611Z' while content on disk has modification time of '2026-01-23T19:19:23.1054581Z'
Number of updated asset objects reloaded before import = 0Number of asset objects unloaded after import = 0

========================================================================
Received Import Request.
  Time since last request: 0.000022 seconds.
  path: Assets/Scripts/Spray.cs
  artifactKey: Guid(6be66e472b85d9144bcd87e9b79442ab) Importer(815301076,1909f56bfc062723c751e8b465ee728b)
Start importing Assets/Scripts/Spray.cs using Guid(6be66e472b85d9144bcd87e9b79442ab) Importer(815301076,1909f56bfc062723c751e8b465ee728b) (PreviewImporter) -> (artifact id: '00000000000000000000000000000000') in 0.0009741 seconds
Import Error Code:(4)
Message: Build asset version error: assets/scripts/spray.cs in SourceAssetDB has modification time of '2026-01-23T19:17:15.1812611Z' while content on disk has modification time of '2026-01-23T19:19:23.1054581Z'
  ERROR: Build asset version error: assets/scripts/spray.cs in SourceAssetDB has modification time of '2026-01-23T19:17:15.1812611Z' while content on disk has modification time of '2026-01-23T19:19:23.1054581Z'
Number of updated asset objects reloaded before import = 0Number of asset objects unloaded after import = 0

========================================================================
Received Import Request.
  Time since last request: 0.000021 seconds.
  path: Assets/Scripts/Spray.cs
  artifactKey: Guid(6be66e472b85d9144bcd87e9b79442ab) Importer(815301076,1909f56bfc062723c751e8b465ee728b)
Start importing Assets/Scripts/Spray.cs using Guid(6be66e472b85d9144bcd87e9b79442ab) Importer(815301076,1909f56bfc062723c751e8b465ee728b) (PreviewImporter) -> (artifact id: '00000000000000000000000000000000') in 0.0007372 seconds
Import Error Code:(4)
Message: Build asset version error: assets/scripts/spray.cs in SourceAssetDB has modification time of '2026-01-23T19:17:15.1812611Z' while content on disk has modification time of '2026-01-23T19:19:23.1054581Z'
  ERROR: Build asset version error: assets/scripts/spray.cs in SourceAssetDB has modification time of '2026-01-23T19:17:15.1812611Z' while content on disk has modification time of '2026-01-23T19:19:23.1054581Z'
Number of updated asset objects reloaded before import = 0Number of asset objects unloaded after import = 0

========================================================================
Received Import Request.
  Time since last request: 0.000029 seconds.
  path: Assets/Scripts/Spray.cs
  artifactKey: Guid(6be66e472b85d9144bcd87e9b79442ab) Importer(815301076,1909f56bfc062723c751e8b465ee728b)
Start importing Assets/Scripts/Spray.cs using Guid(6be66e472b85d9144bcd87e9b79442ab) Importer(815301076,1909f56bfc062723c751e8b465ee728b) (PreviewImporter) -> (artifact id: '00000000000000000000000000000000') in 0.0007889 seconds
Import Error Code:(4)
Message: Build asset version error: assets/scripts/spray.cs in SourceAssetDB has modification time of '2026-01-23T19:17:15.1812611Z' while content on disk has modification time of '2026-01-23T19:19:23.1054581Z'
  ERROR: Build asset version error: assets/scripts/spray.cs in SourceAssetDB has modification time of '2026-01-23T19:17:15.1812611Z' while content on disk has modification time of '2026-01-23T19:19:23.1054581Z'
Number of updated asset objects reloaded before import = 0Number of asset objects unloaded after import = 0

========================================================================
Received Import Request.
  Time since last request: 0.000035 seconds.
  path: Assets/Scripts/Spray.cs
  artifactKey: Guid(6be66e472b85d9144bcd87e9b79442ab) Importer(815301076,1909f56bfc062723c751e8b465ee728b)
Start importing Assets/Scripts/Spray.cs using Guid(6be66e472b85d9144bcd87e9b79442ab) Importer(815301076,1909f56bfc062723c751e8b465ee728b) (PreviewImporter) -> (artifact id: '00000000000000000000000000000000') in 0.0007601 seconds
Import Error Code:(4)
Message: Build asset version error: assets/scripts/spray.cs in SourceAssetDB has modification time of '2026-01-23T19:17:15.1812611Z' while content on disk has modification time of '2026-01-23T19:19:23.1054581Z'
  ERROR: Build asset version error: assets/scripts/spray.cs in SourceAssetDB has modification time of '2026-01-23T19:17:15.1812611Z' while content on disk has modification time of '2026-01-23T19:19:23.1054581Z'
Number of updated asset objects reloaded before import = 0Number of asset objects unloaded after import = 0

========================================================================
Received Import Request.
  Time since last request: 0.000024 seconds.
  path: Assets/Scripts/Spray.cs
  artifactKey: Guid(6be66e472b85d9144bcd87e9b79442ab) Importer(815301076,1909f56bfc062723c751e8b465ee728b)
Start importing Assets/Scripts/Spray.cs using Guid(6be66e472b85d9144bcd87e9b79442ab) Importer(815301076,1909f56bfc062723c751e8b465ee728b) (PreviewImporter) -> (artifact id: '00000000000000000000000000000000') in 0.0007786 seconds
Import Error Code:(4)
Message: Build asset version error: assets/scripts/spray.cs in SourceAssetDB has modification time of '2026-01-23T19:17:15.1812611Z' while content on disk has modification time of '2026-01-23T19:19:23.1054581Z'
  ERROR: Build asset version error: assets/scripts/spray.cs in SourceAssetDB has modification time of '2026-01-23T19:17:15.1812611Z' while content on disk has modification time of '2026-01-23T19:19:23.1054581Z'
Number of updated asset objects reloaded before import = 0Number of asset objects unloaded after import = 0

========================================================================
Received Import Request.
  Time since last request: 0.000028 seconds.
  path: Assets/Scripts/Spray.cs
  artifactKey: Guid(6be66e472b85d9144bcd87e9b79442ab) Importer(815301076,1909f56bfc062723c751e8b465ee728b)
Start importing Assets/Scripts/Spray.cs using Guid(6be66e472b85d9144bcd87e9b79442ab) Importer(815301076,1909f56bfc062723c751e8b465ee728b) (PreviewImporter) -> (artifact id: '00000000000000000000000000000000') in 0.0009555 seconds
Import Error Code:(4)
Message: Build asset version error: assets/scripts/spray.cs in SourceAssetDB has modification time of '2026-01-23T19:17:15.1812611Z' while content on disk has modification time of '2026-01-23T19:19:23.1054581Z'
  ERROR: Build asset version error: assets/scripts/spray.cs in SourceAssetDB has modification time of '2026-01-23T19:17:15.1812611Z' while content on disk has modification time of '2026-01-23T19:19:23.1054581Z'
Number of updated asset objects reloaded before import = 0Number of asset objects unloaded after import = 0

========================================================================
Received Import Request.
  Time since last request: 0.000020 seconds.
  path: Assets/Scripts/Spray.cs
  artifactKey: Guid(6be66e472b85d9144bcd87e9b79442ab) Importer(815301076,1909f56bfc062723c751e8b465ee728b)
Start importing Assets/Scripts/Spray.cs using Guid(6be66e472b85d9144bcd87e9b79442ab) Importer(815301076,1909f56bfc062723c751e8b465ee728b) (PreviewImporter) -> (artifact id: '00000000000000000000000000000000') in 0.0008165 seconds
Import Error Code:(4)
Message: Build asset version error: assets/scripts/spray.cs in SourceAssetDB has modification time of '2026-01-23T19:17:15.1812611Z' while content on disk has modification time of '2026-01-23T19:19:23.1054581Z'
  ERROR: Build asset version error: assets/scripts/spray.cs in SourceAssetDB has modification time of '2026-01-23T19:17:15.1812611Z' while content on disk has modification time of '2026-01-23T19:19:23.1054581Z'
Number of updated asset objects reloaded before import = 0Number of asset objects unloaded after import = 0

========================================================================
Received Import Request.
  Time since last request: 0.000024 seconds.
  path: Assets/Scripts/Spray.cs
  artifactKey: Guid(6be66e472b85d9144bcd87e9b79442ab) Importer(815301076,1909f56bfc062723c751e8b465ee728b)
Start importing Assets/Scripts/Spray.cs using Guid(6be66e472b85d9144bcd87e9b79442ab) Importer(815301076,1909f56bfc062723c751e8b465ee728b) (PreviewImporter) -> (artifact id: '00000000000000000000000000000000') in 0.0007566 seconds
Import Error Code:(4)
Message: Build asset version error: assets/scripts/spray.cs in SourceAssetDB has modification time of '2026-01-23T19:17:15.1812611Z' while content on disk has modification time of '2026-01-23T19:19:23.1054581Z'
  ERROR: Build asset version error: assets/scripts/spray.cs in SourceAssetDB has modification time of '2026-01-23T19:17:15.1812611Z' while content on disk has modification time of '2026-01-23T19:19:23.1054581Z'
Number of updated asset objects reloaded before import = 0Number of asset objects unloaded after import = 0

========================================================================
Received Import Request.
  Time since last request: 0.006720 seconds.
  path: Assets/Scripts/Spray.cs
  artifactKey: Guid(6be66e472b85d9144bcd87e9b79442ab) Importer(815301076,1909f56bfc062723c751e8b465ee728b)
Start importing Assets/Scripts/Spray.cs using Guid(6be66e472b85d9144bcd87e9b79442ab) Importer(815301076,1909f56bfc062723c751e8b465ee728b) (PreviewImporter) -> (artifact id: '00000000000000000000000000000000') in 0.0007367 seconds
Import Error Code:(4)
Message: Build asset version error: assets/scripts/spray.cs in SourceAssetDB has modification time of '2026-01-23T19:17:15.1812611Z' while content on disk has modification time of '2026-01-23T19:19:23.1054581Z'
  ERROR: Build asset version error: assets/scripts/spray.cs in SourceAssetDB has modification time of '2026-01-23T19:17:15.1812611Z' while content on disk has modification time of '2026-01-23T19:19:23.1054581Z'
Number of updated asset objects reloaded before import = 0Number of asset objects unloaded after import = 0

========================================================================
Received Import Request.
  Time since last request: 0.000021 seconds.
  path: Assets/Scripts/Spray.cs
  artifactKey: Guid(6be66e472b85d9144bcd87e9b79442ab) Importer(815301076,1909f56bfc062723c751e8b465ee728b)
Start importing Assets/Scripts/Spray.cs using Guid(6be66e472b85d9144bcd87e9b79442ab) Importer(815301076,1909f56bfc062723c751e8b465ee728b) (PreviewImporter) -> (artifact id: '00000000000000000000000000000000') in 0.0008805 seconds
Import Error Code:(4)
Message: Build asset version error: assets/scripts/spray.cs in SourceAssetDB has modification time of '2026-01-23T19:17:15.1812611Z' while content on disk has modification time of '2026-01-23T19:19:23.1054581Z'
  ERROR: Build asset version error: assets/scripts/spray.cs in SourceAssetDB has modification time of '2026-01-23T19:17:15.1812611Z' while content on disk has modification time of '2026-01-23T19:19:23.1054581Z'
Number of updated asset objects reloaded before import = 0Number of asset objects unloaded after import = 0

========================================================================
Received Import Request.
  Time since last request: 0.000021 seconds.
  path: Assets/Scripts/Spray.cs
  artifactKey: Guid(6be66e472b85d9144bcd87e9b79442ab) Importer(815301076,1909f56bfc062723c751e8b465ee728b)
Start importing Assets/Scripts/Spray.cs using Guid(6be66e472b85d9144bcd87e9b79442ab) Importer(815301076,1909f56bfc062723c751e8b465ee728b) (PreviewImporter) -> (artifact id: '00000000000000000000000000000000') in 0.0007612 seconds
Import Error Code:(4)
Message: Build asset version error: assets/scripts/spray.cs in SourceAssetDB has modification time of '2026-01-23T19:17:15.1812611Z' while content on disk has modification time of '2026-01-23T19:19:23.1054581Z'
  ERROR: Build asset version error: assets/scripts/spray.cs in SourceAssetDB has modification time of '2026-01-23T19:17:15.1812611Z' while content on disk has modification time of '2026-01-23T19:19:23.1054581Z'
Number of updated asset objects reloaded before import = 0Number of asset objects unloaded after import = 0

========================================================================
Received Import Request.
  Time since last request: 0.000024 seconds.
  path: Assets/Scripts/Spray.cs
  artifactKey: Guid(6be66e472b85d9144bcd87e9b79442ab) Importer(815301076,1909f56bfc062723c751e8b465ee728b)
Start importing Assets/Scripts/Spray.cs using Guid(6be66e472b85d9144bcd87e9b79442ab) Importer(815301076,1909f56bfc062723c751e8b465ee728b) (PreviewImporter) -> (artifact id: '00000000000000000000000000000000') in 0.0008976 seconds
Import Error Code:(4)
Message: Build asset version error: assets/scripts/spray.cs in SourceAssetDB has modification time of '2026-01-23T19:17:15.1812611Z' while content on disk has modification time of '2026-01-23T19:19:23.1054581Z'
  ERROR: Build asset version error: assets/scripts/spray.cs in SourceAssetDB has modification time of '2026-01-23T19:17:15.1812611Z' while content on disk has modification time of '2026-01-23T19:19:23.1054581Z'
Number of updated asset objects reloaded before import = 0Number of asset objects unloaded after import = 0

========================================================================
Received Import Request.
  Time since last request: 0.000026 seconds.
  path: Assets/Scripts/Spray.cs
  artifactKey: Guid(6be66e472b85d9144bcd87e9b79442ab) Importer(815301076,1909f56bfc062723c751e8b465ee728b)
Start importing Assets/Scripts/Spray.cs using Guid(6be66e472b85d9144bcd87e9b79442ab) Importer(815301076,1909f56bfc062723c751e8b465ee728b) (PreviewImporter) -> (artifact id: '00000000000000000000000000000000') in 0.0007648 seconds
Import Error Code:(4)
Message: Build asset version error: assets/scripts/spray.cs in SourceAssetDB has modification time of '2026-01-23T19:17:15.1812611Z' while content on disk has modification time of '2026-01-23T19:19:23.1054581Z'
  ERROR: Build asset version error: assets/scripts/spray.cs in SourceAssetDB has modification time of '2026-01-23T19:17:15.1812611Z' while content on disk has modification time of '2026-01-23T19:19:23.1054581Z'
Number of updated asset objects reloaded before import = 0Number of asset objects unloaded after import = 0

========================================================================
Received Import Request.
  Time since last request: 0.000038 seconds.
  path: Assets/Scripts/Spray.cs
  artifactKey: Guid(6be66e472b85d9144bcd87e9b79442ab) Importer(815301076,1909f56bfc062723c751e8b465ee728b)
Start importing Assets/Scripts/Spray.cs using Guid(6be66e472b85d9144bcd87e9b79442ab) Importer(815301076,1909f56bfc062723c751e8b465ee728b) (PreviewImporter) -> (artifact id: '00000000000000000000000000000000') in 0.0010698 seconds
Import Error Code:(4)
Message: Build asset version error: assets/scripts/spray.cs in SourceAssetDB has modification time of '2026-01-23T19:17:15.1812611Z' while content on disk has modification time of '2026-01-23T19:19:23.1054581Z'
  ERROR: Build asset version error: assets/scripts/spray.cs in SourceAssetDB has modification time of '2026-01-23T19:17:15.1812611Z' while content on disk has modification time of '2026-01-23T19:19:23.1054581Z'
Number of updated asset objects reloaded before import = 0Number of asset objects unloaded after import = 0

========================================================================
Received Import Request.
  Time since last request: 0.000022 seconds.
  path: Assets/Scripts/Spray.cs
  artifactKey: Guid(6be66e472b85d9144bcd87e9b79442ab) Importer(815301076,1909f56bfc062723c751e8b465ee728b)
Start importing Assets/Scripts/Spray.cs using Guid(6be66e472b85d9144bcd87e9b79442ab) Importer(815301076,1909f56bfc062723c751e8b465ee728b) (PreviewImporter) -> (artifact id: '00000000000000000000000000000000') in 0.0008462 seconds
Import Error Code:(4)
Message: Build asset version error: assets/scripts/spray.cs in SourceAssetDB has modification time of '2026-01-23T19:17:15.1812611Z' while content on disk has modification time of '2026-01-23T19:19:23.1054581Z'
  ERROR: Build asset version error: assets/scripts/spray.cs in SourceAssetDB has modification time of '2026-01-23T19:17:15.1812611Z' while content on disk has modification time of '2026-01-23T19:19:23.1054581Z'
Number of updated asset objects reloaded before import = 0Number of asset objects unloaded after import = 0

========================================================================
Received Import Request.
  Time since last request: 0.000022 seconds.
  path: Assets/Scripts/Spray.cs
  artifactKey: Guid(6be66e472b85d9144bcd87e9b79442ab) Importer(815301076,1909f56bfc062723c751e8b465ee728b)
Start importing Assets/Scripts/Spray.cs using Guid(6be66e472b85d9144bcd87e9b79442ab) Importer(815301076,1909f56bfc062723c751e8b465ee728b) (PreviewImporter) -> (artifact id: '00000000000000000000000000000000') in 0.0007514 seconds
Import Error Code:(4)
Message: Build asset version error: assets/scripts/spray.cs in SourceAssetDB has modification time of '2026-01-23T19:17:15.1812611Z' while content on disk has modification time of '2026-01-23T19:19:23.1054581Z'
  ERROR: Build asset version error: assets/scripts/spray.cs in SourceAssetDB has modification time of '2026-01-23T19:17:15.1812611Z' while content on disk has modification time of '2026-01-23T19:19:23.1054581Z'
Number of updated asset objects reloaded before import = 0Number of asset objects unloaded after import = 0

========================================================================
Received Import Request.
  Time since last request: 0.000021 seconds.
  path: Assets/Scripts/Spray.cs
  artifactKey: Guid(6be66e472b85d9144bcd87e9b79442ab) Importer(815301076,1909f56bfc062723c751e8b465ee728b)
Start importing Assets/Scripts/Spray.cs using Guid(6be66e472b85d9144bcd87e9b79442ab) Importer(815301076,1909f56bfc062723c751e8b465ee728b) (PreviewImporter) -> (artifact id: '00000000000000000000000000000000') in 0.0007308 seconds
Import Error Code:(4)
Message: Build asset version error: assets/scripts/spray.cs in SourceAssetDB has modification time of '2026-01-23T19:17:15.1812611Z' while content on disk has modification time of '2026-01-23T19:19:23.1054581Z'
  ERROR: Build asset version error: assets/scripts/spray.cs in SourceAssetDB has modification time of '2026-01-23T19:17:15.1812611Z' while content on disk has modification time of '2026-01-23T19:19:23.1054581Z'
Number of updated asset objects reloaded before import = 0Number of asset objects unloaded after import = 0

========================================================================
Received Import Request.
  Time since last request: 0.000024 seconds.
  path: Assets/Scripts/Spray.cs
  artifactKey: Guid(6be66e472b85d9144bcd87e9b79442ab) Importer(815301076,1909f56bfc062723c751e8b465ee728b)
Start importing Assets/Scripts/Spray.cs using Guid(6be66e472b85d9144bcd87e9b79442ab) Importer(815301076,1909f56bfc062723c751e8b465ee728b) (PreviewImporter) -> (artifact id: '00000000000000000000000000000000') in 0.0007507 seconds
Import Error Code:(4)
Message: Build asset version error: assets/scripts/spray.cs in SourceAssetDB has modification time of '2026-01-23T19:17:15.1812611Z' while content on disk has modification time of '2026-01-23T19:19:23.1054581Z'
  ERROR: Build asset version error: assets/scripts/spray.cs in SourceAssetDB has modification time of '2026-01-23T19:17:15.1812611Z' while content on disk has modification time of '2026-01-23T19:19:23.1054581Z'
Number of updated asset objects reloaded before import = 0Number of asset objects unloaded after import = 0

========================================================================
Received Import Request.
  Time since last request: 0.000035 seconds.
  path: Assets/Scripts/Spray.cs
  artifactKey: Guid(6be66e472b85d9144bcd87e9b79442ab) Importer(815301076,1909f56bfc062723c751e8b465ee728b)
Start importing Assets/Scripts/Spray.cs using Guid(6be66e472b85d9144bcd87e9b79442ab) Importer(815301076,1909f56bfc062723c751e8b465ee728b) (PreviewImporter) -> (artifact id: '00000000000000000000000000000000') in 0.0010135 seconds
Import Error Code:(4)
Message: Build asset version error: assets/scripts/spray.cs in SourceAssetDB has modification time of '2026-01-23T19:17:15.1812611Z' while content on disk has modification time of '2026-01-23T19:19:23.1054581Z'
  ERROR: Build asset version error: assets/scripts/spray.cs in SourceAssetDB has modification time of '2026-01-23T19:17:15.1812611Z' while content on disk has modification time of '2026-01-23T19:19:23.1054581Z'
Number of updated asset objects reloaded before import = 0Number of asset objects unloaded after import = 0

========================================================================
Received Import Request.
  Time since last request: 0.000021 seconds.
  path: Assets/Scripts/Spray.cs
  artifactKey: Guid(6be66e472b85d9144bcd87e9b79442ab) Importer(815301076,1909f56bfc062723c751e8b465ee728b)
Start importing Assets/Scripts/Spray.cs using Guid(6be66e472b85d9144bcd87e9b79442ab) Importer(815301076,1909f56bfc062723c751e8b465ee728b) (PreviewImporter) -> (artifact id: '00000000000000000000000000000000') in 0.0008514 seconds
Import Error Code:(4)
Message: Build asset version error: assets/scripts/spray.cs in SourceAssetDB has modification time of '2026-01-23T19:17:15.1812611Z' while content on disk has modification time of '2026-01-23T19:19:23.1054581Z'
  ERROR: Build asset version error: assets/scripts/spray.cs in SourceAssetDB has modification time of '2026-01-23T19:17:15.1812611Z' while content on disk has modification time of '2026-01-23T19:19:23.1054581Z'
Number of updated asset objects reloaded before import = 0Number of asset objects unloaded after import = 0

========================================================================
Received Import Request.
  Time since last request: 0.000020 seconds.
  path: Assets/Scripts/Spray.cs
  artifactKey: Guid(6be66e472b85d9144bcd87e9b79442ab) Importer(815301076,1909f56bfc062723c751e8b465ee728b)
Start importing Assets/Scripts/Spray.cs using Guid(6be66e472b85d9144bcd87e9b79442ab) Importer(815301076,1909f56bfc062723c751e8b465ee728b) (PreviewImporter) -> (artifact id: '00000000000000000000000000000000') in 0.000849 seconds
Import Error Code:(4)
Message: Build asset version error: assets/scripts/spray.cs in SourceAssetDB has modification time of '2026-01-23T19:17:15.1812611Z' while content on disk has modification time of '2026-01-23T19:19:23.1054581Z'
  ERROR: Build asset version error: assets/scripts/spray.cs in SourceAssetDB has modification time of '2026-01-23T19:17:15.1812611Z' while content on disk has modification time of '2026-01-23T19:19:23.1054581Z'
Number of updated asset objects reloaded before import = 0Number of asset objects unloaded after import = 0

========================================================================
Received Import Request.
  Time since last request: 0.000023 seconds.
  path: Assets/Scripts/Spray.cs
  artifactKey: Guid(6be66e472b85d9144bcd87e9b79442ab) Importer(815301076,1909f56bfc062723c751e8b465ee728b)
Start importing Assets/Scripts/Spray.cs using Guid(6be66e472b85d9144bcd87e9b79442ab) Importer(815301076,1909f56bfc062723c751e8b465ee728b) (PreviewImporter) -> (artifact id: '00000000000000000000000000000000') in 0.0008535 seconds
Import Error Code:(4)
Message: Build asset version error: assets/scripts/spray.cs in SourceAssetDB has modification time of '2026-01-23T19:17:15.1812611Z' while content on disk has modification time of '2026-01-23T19:19:23.1054581Z'
  ERROR: Build asset version error: assets/scripts/spray.cs in SourceAssetDB has modification time of '2026-01-23T19:17:15.1812611Z' while content on disk has modification time of '2026-01-23T19:19:23.1054581Z'
Number of updated asset objects reloaded before import = 0Number of asset objects unloaded after import = 0

========================================================================
Received Import Request.
  Time since last request: 0.000022 seconds.
  path: Assets/Scripts/Spray.cs
  artifactKey: Guid(6be66e472b85d9144bcd87e9b79442ab) Importer(815301076,1909f56bfc062723c751e8b465ee728b)
Start importing Assets/Scripts/Spray.cs using Guid(6be66e472b85d9144bcd87e9b79442ab) Importer(815301076,1909f56bfc062723c751e8b465ee728b) (PreviewImporter) -> (artifact id: '00000000000000000000000000000000') in 0.0008655 seconds
Import Error Code:(4)
Message: Build asset version error: assets/scripts/spray.cs in SourceAssetDB has modification time of '2026-01-23T19:17:15.1812611Z' while content on disk has modification time of '2026-01-23T19:19:23.1054581Z'
  ERROR: Build asset version error: assets/scripts/spray.cs in SourceAssetDB has modification time of '2026-01-23T19:17:15.1812611Z' while content on disk has modification time of '2026-01-23T19:19:23.1054581Z'
Number of updated asset objects reloaded before import = 0Number of asset objects unloaded after import = 0

========================================================================
Received Import Request.
  Time since last request: 0.000026 seconds.
  path: Assets/Scripts/Spray.cs
  artifactKey: Guid(6be66e472b85d9144bcd87e9b79442ab) Importer(815301076,1909f56bfc062723c751e8b465ee728b)
Start importing Assets/Scripts/Spray.cs using Guid(6be66e472b85d9144bcd87e9b79442ab) Importer(815301076,1909f56bfc062723c751e8b465ee728b) (PreviewImporter) -> (artifact id: '00000000000000000000000000000000') in 0.0008379 seconds
Import Error Code:(4)
Message: Build asset version error: assets/scripts/spray.cs in SourceAssetDB has modification time of '2026-01-23T19:17:15.1812611Z' while content on disk has modification time of '2026-01-23T19:19:23.1054581Z'
  ERROR: Build asset version error: assets/scripts/spray.cs in SourceAssetDB has modification time of '2026-01-23T19:17:15.1812611Z' while content on disk has modification time of '2026-01-23T19:19:23.1054581Z'
Number of updated asset objects reloaded before import = 0Number of asset objects unloaded after import = 0

========================================================================
Received Import Request.
  Time since last request: 0.000037 seconds.
  path: Assets/Scripts/Spray.cs
  artifactKey: Guid(6be66e472b85d9144bcd87e9b79442ab) Importer(815301076,1909f56bfc062723c751e8b465ee728b)
Start importing Assets/Scripts/Spray.cs using Guid(6be66e472b85d9144bcd87e9b79442ab) Importer(815301076,1909f56bfc062723c751e8b465ee728b) (PreviewImporter) -> (artifact id: '00000000000000000000000000000000') in 0.0007262 seconds
Import Error Code:(4)
Message: Build asset version error: assets/scripts/spray.cs in SourceAssetDB has modification time of '2026-01-23T19:17:15.1812611Z' while content on disk has modification time of '2026-01-23T19:19:23.1054581Z'
  ERROR: Build asset version error: assets/scripts/spray.cs in SourceAssetDB has modification time of '2026-01-23T19:17:15.1812611Z' while content on disk has modification time of '2026-01-23T19:19:23.1054581Z'
Number of updated asset objects reloaded before import = 0Number of asset objects unloaded after import = 0

========================================================================
Received Import Request.
  Time since last request: 0.000020 seconds.
  path: Assets/Scripts/Spray.cs
  artifactKey: Guid(6be66e472b85d9144bcd87e9b79442ab) Importer(815301076,1909f56bfc062723c751e8b465ee728b)
Start importing Assets/Scripts/Spray.cs using Guid(6be66e472b85d9144bcd87e9b79442ab) Importer(815301076,1909f56bfc062723c751e8b465ee728b) (PreviewImporter) -> (artifact id: '00000000000000000000000000000000') in 0.000752 seconds
Import Error Code:(4)
Message: Build asset version error: assets/scripts/spray.cs in SourceAssetDB has modification time of '2026-01-23T19:17:15.1812611Z' while content on disk has modification time of '2026-01-23T19:19:23.1054581Z'
  ERROR: Build asset version error: assets/scripts/spray.cs in SourceAssetDB has modification time of '2026-01-23T19:17:15.1812611Z' while content on disk has modification time of '2026-01-23T19:19:23.1054581Z'
Number of updated asset objects reloaded before import = 0Number of asset objects unloaded after import = 0

========================================================================
Received Import Request.
  Time since last request: 0.000021 seconds.
  path: Assets/Scripts/Spray.cs
  artifactKey: Guid(6be66e472b85d9144bcd87e9b79442ab) Importer(815301076,1909f56bfc062723c751e8b465ee728b)
Start importing Assets/Scripts/Spray.cs using Guid(6be66e472b85d9144bcd87e9b79442ab) Importer(815301076,1909f56bfc062723c751e8b465ee728b) (PreviewImporter) -> (artifact id: '00000000000000000000000000000000') in 0.0008051 seconds
Import Error Code:(4)
Message: Build asset version error: assets/scripts/spray.cs in SourceAssetDB has modification time of '2026-01-23T19:17:15.1812611Z' while content on disk has modification time of '2026-01-23T19:19:23.1054581Z'
  ERROR: Build asset version error: assets/scripts/spray.cs in SourceAssetDB has modification time of '2026-01-23T19:17:15.1812611Z' while content on disk has modification time of '2026-01-23T19:19:23.1054581Z'
Number of updated asset objects reloaded before import = 0Number of asset objects unloaded after import = 0

========================================================================
Received Import Request.
  Time since last request: 0.000040 seconds.
  path: Assets/Scripts/Spray.cs
  artifactKey: Guid(6be66e472b85d9144bcd87e9b79442ab) Importer(815301076,1909f56bfc062723c751e8b465ee728b)
Start importing Assets/Scripts/Spray.cs using Guid(6be66e472b85d9144bcd87e9b79442ab) Importer(815301076,1909f56bfc062723c751e8b465ee728b) (PreviewImporter) -> (artifact id: '00000000000000000000000000000000') in 0.0008271 seconds
Import Error Code:(4)
Message: Build asset version error: assets/scripts/spray.cs in SourceAssetDB has modification time of '2026-01-23T19:17:15.1812611Z' while content on disk has modification time of '2026-01-23T19:19:23.1054581Z'
  ERROR: Build asset version error: assets/scripts/spray.cs in SourceAssetDB has modification time of '2026-01-23T19:17:15.1812611Z' while content on disk has modification time of '2026-01-23T19:19:23.1054581Z'
Number of updated asset objects reloaded before import = 0Number of asset objects unloaded after import = 0

========================================================================
Received Import Request.
  Time since last request: 0.000021 seconds.
  path: Assets/Scripts/Spray.cs
  artifactKey: Guid(6be66e472b85d9144bcd87e9b79442ab) Importer(815301076,1909f56bfc062723c751e8b465ee728b)
Start importing Assets/Scripts/Spray.cs using Guid(6be66e472b85d9144bcd87e9b79442ab) Importer(815301076,1909f56bfc062723c751e8b465ee728b) (PreviewImporter) -> (artifact id: '00000000000000000000000000000000') in 0.0010222 seconds
Import Error Code:(4)
Message: Build asset version error: assets/scripts/spray.cs in SourceAssetDB has modification time of '2026-01-23T19:17:15.1812611Z' while content on disk has modification time of '2026-01-23T19:19:23.1054581Z'
  ERROR: Build asset version error: assets/scripts/spray.cs in SourceAssetDB has modification time of '2026-01-23T19:17:15.1812611Z' while content on disk has modification time of '2026-01-23T19:19:23.1054581Z'
Number of updated asset objects reloaded before import = 0Number of asset objects unloaded after import = 0

========================================================================
Received Import Request.
  Time since last request: 0.000025 seconds.
  path: Assets/Scripts/Spray.cs
  artifactKey: Guid(6be66e472b85d9144bcd87e9b79442ab) Importer(815301076,1909f56bfc062723c751e8b465ee728b)
Start importing Assets/Scripts/Spray.cs using Guid(6be66e472b85d9144bcd87e9b79442ab) Importer(815301076,1909f56bfc062723c751e8b465ee728b) (PreviewImporter) -> (artifact id: '00000000000000000000000000000000') in 0.0008799 seconds
Import Error Code:(4)
Message: Build asset version error: assets/scripts/spray.cs in SourceAssetDB has modification time of '2026-01-23T19:17:15.1812611Z' while content on disk has modification time of '2026-01-23T19:19:23.1054581Z'
  ERROR: Build asset version error: assets/scripts/spray.cs in SourceAssetDB has modification time of '2026-01-23T19:17:15.1812611Z' while content on disk has modification time of '2026-01-23T19:19:23.1054581Z'
Number of updated asset objects reloaded before import = 0Number of asset objects unloaded after import = 0

========================================================================
Received Import Request.
  Time since last request: 0.000034 seconds.
  path: Assets/Scripts/Spray.cs
  artifactKey: Guid(6be66e472b85d9144bcd87e9b79442ab) Importer(815301076,1909f56bfc062723c751e8b465ee728b)
Start importing Assets/Scripts/Spray.cs using Guid(6be66e472b85d9144bcd87e9b79442ab) Importer(815301076,1909f56bfc062723c751e8b465ee728b) (PreviewImporter) -> (artifact id: '00000000000000000000000000000000') in 0.0007797 seconds
Import Error Code:(4)
Message: Build asset version error: assets/scripts/spray.cs in SourceAssetDB has modification time of '2026-01-23T19:17:15.1812611Z' while content on disk has modification time of '2026-01-23T19:19:23.1054581Z'
  ERROR: Build asset version error: assets/scripts/spray.cs in SourceAssetDB has modification time of '2026-01-23T19:17:15.1812611Z' while content on disk has modification time of '2026-01-23T19:19:23.1054581Z'
Number of updated asset objects reloaded before import = 0Number of asset objects unloaded after import = 0

========================================================================
Received Import Request.
  Time since last request: 0.000022 seconds.
  path: Assets/Scripts/Spray.cs
  artifactKey: Guid(6be66e472b85d9144bcd87e9b79442ab) Importer(815301076,1909f56bfc062723c751e8b465ee728b)
Start importing Assets/Scripts/Spray.cs using Guid(6be66e472b85d9144bcd87e9b79442ab) Importer(815301076,1909f56bfc062723c751e8b465ee728b) (PreviewImporter) -> (artifact id: '00000000000000000000000000000000') in 0.000789 seconds
Import Error Code:(4)
Message: Build asset version error: assets/scripts/spray.cs in SourceAssetDB has modification time of '2026-01-23T19:17:15.1812611Z' while content on disk has modification time of '2026-01-23T19:19:23.1054581Z'
  ERROR: Build asset version error: assets/scripts/spray.cs in SourceAssetDB has modification time of '2026-01-23T19:17:15.1812611Z' while content on disk has modification time of '2026-01-23T19:19:23.1054581Z'
Number of updated asset objects reloaded before import = 0Number of asset objects unloaded after import = 0

========================================================================
Received Import Request.
  Time since last request: 0.000027 seconds.
  path: Assets/Scripts/Spray.cs
  artifactKey: Guid(6be66e472b85d9144bcd87e9b79442ab) Importer(815301076,1909f56bfc062723c751e8b465ee728b)
Start importing Assets/Scripts/Spray.cs using Guid(6be66e472b85d9144bcd87e9b79442ab) Importer(815301076,1909f56bfc062723c751e8b465ee728b) (PreviewImporter) -> (artifact id: '00000000000000000000000000000000') in 0.0007542 seconds
Import Error Code:(4)
Message: Build asset version error: assets/scripts/spray.cs in SourceAssetDB has modification time of '2026-01-23T19:17:15.1812611Z' while content on disk has modification time of '2026-01-23T19:19:23.1054581Z'
  ERROR: Build asset version error: assets/scripts/spray.cs in SourceAssetDB has modification time of '2026-01-23T19:17:15.1812611Z' while content on disk has modification time of '2026-01-23T19:19:23.1054581Z'
Number of updated asset objects reloaded before import = 0Number of asset objects unloaded after import = 0

========================================================================
Received Import Request.
  Time since last request: 0.000030 seconds.
  path: Assets/Scripts/Spray.cs
  artifactKey: Guid(6be66e472b85d9144bcd87e9b79442ab) Importer(815301076,1909f56bfc062723c751e8b465ee728b)
Start importing Assets/Scripts/Spray.cs using Guid(6be66e472b85d9144bcd87e9b79442ab) Importer(815301076,1909f56bfc062723c751e8b465ee728b) (PreviewImporter) -> (artifact id: '00000000000000000000000000000000') in 0.0007677 seconds
Import Error Code:(4)
Message: Build asset version error: assets/scripts/spray.cs in SourceAssetDB has modification time of '2026-01-23T19:17:15.1812611Z' while content on disk has modification time of '2026-01-23T19:19:23.1054581Z'
  ERROR: Build asset version error: assets/scripts/spray.cs in SourceAssetDB has modification time of '2026-01-23T19:17:15.1812611Z' while content on disk has modification time of '2026-01-23T19:19:23.1054581Z'
Number of updated asset objects reloaded before import = 0Number of asset objects unloaded after import = 0

========================================================================
Received Import Request.
  Time since last request: 0.000021 seconds.
  path: Assets/Scripts/Spray.cs
  artifactKey: Guid(6be66e472b85d9144bcd87e9b79442ab) Importer(815301076,1909f56bfc062723c751e8b465ee728b)
Start importing Assets/Scripts/Spray.cs using Guid(6be66e472b85d9144bcd87e9b79442ab) Importer(815301076,1909f56bfc062723c751e8b465ee728b) (PreviewImporter) -> (artifact id: '00000000000000000000000000000000') in 0.001088 seconds
Import Error Code:(4)
Message: Build asset version error: assets/scripts/spray.cs in SourceAssetDB has modification time of '2026-01-23T19:17:15.1812611Z' while content on disk has modification time of '2026-01-23T19:19:23.1054581Z'
  ERROR: Build asset version error: assets/scripts/spray.cs in SourceAssetDB has modification time of '2026-01-23T19:17:15.1812611Z' while content on disk has modification time of '2026-01-23T19:19:23.1054581Z'
Number of updated asset objects reloaded before import = 0Number of asset objects unloaded after import = 0

========================================================================
Received Import Request.
  Time since last request: 0.000024 seconds.
  path: Assets/Scripts/Spray.cs
  artifactKey: Guid(6be66e472b85d9144bcd87e9b79442ab) Importer(815301076,1909f56bfc062723c751e8b465ee728b)
Start importing Assets/Scripts/Spray.cs using Guid(6be66e472b85d9144bcd87e9b79442ab) Importer(815301076,1909f56bfc062723c751e8b465ee728b) (PreviewImporter) -> (artifact id: '00000000000000000000000000000000') in 0.0008041 seconds
Import Error Code:(4)
Message: Build asset version error: assets/scripts/spray.cs in SourceAssetDB has modification time of '2026-01-23T19:17:15.1812611Z' while content on disk has modification time of '2026-01-23T19:19:23.1054581Z'
  ERROR: Build asset version error: assets/scripts/spray.cs in SourceAssetDB has modification time of '2026-01-23T19:17:15.1812611Z' while content on disk has modification time of '2026-01-23T19:19:23.1054581Z'
Number of updated asset objects reloaded before import = 0Number of asset objects unloaded after import = 0

========================================================================
Received Import Request.
  Time since last request: 0.000040 seconds.
  path: Assets/Scripts/Spray.cs
  artifactKey: Guid(6be66e472b85d9144bcd87e9b79442ab) Importer(815301076,1909f56bfc062723c751e8b465ee728b)
Start importing Assets/Scripts/Spray.cs using Guid(6be66e472b85d9144bcd87e9b79442ab) Importer(815301076,1909f56bfc062723c751e8b465ee728b) (PreviewImporter) -> (artifact id: '00000000000000000000000000000000') in 0.0007195 seconds
Import Error Code:(4)
Message: Build asset version error: assets/scripts/spray.cs in SourceAssetDB has modification time of '2026-01-23T19:17:15.1812611Z' while content on disk has modification time of '2026-01-23T19:19:23.1054581Z'
  ERROR: Build asset version error: assets/scripts/spray.cs in SourceAssetDB has modification time of '2026-01-23T19:17:15.1812611Z' while content on disk has modification time of '2026-01-23T19:19:23.1054581Z'
Number of updated asset objects reloaded before import = 0Number of asset objects unloaded after import = 0

========================================================================
Received Import Request.
  Time since last request: 0.000020 seconds.
  path: Assets/Scripts/Spray.cs
  artifactKey: Guid(6be66e472b85d9144bcd87e9b79442ab) Importer(815301076,1909f56bfc062723c751e8b465ee728b)
Start importing Assets/Scripts/Spray.cs using Guid(6be66e472b85d9144bcd87e9b79442ab) Importer(815301076,1909f56bfc062723c751e8b465ee728b) (PreviewImporter) -> (artifact id: '00000000000000000000000000000000') in 0.0007748 seconds
Import Error Code:(4)
Message: Build asset version error: assets/scripts/spray.cs in SourceAssetDB has modification time of '2026-01-23T19:17:15.1812611Z' while content on disk has modification time of '2026-01-23T19:19:23.1054581Z'
  ERROR: Build asset version error: assets/scripts/spray.cs in SourceAssetDB has modification time of '2026-01-23T19:17:15.1812611Z' while content on disk has modification time of '2026-01-23T19:19:23.1054581Z'
Number of updated asset objects reloaded before import = 0Number of asset objects unloaded after import = 0

========================================================================
Received Import Request.
  Time since last request: 0.000020 seconds.
  path: Assets/Scripts/Spray.cs
  artifactKey: Guid(6be66e472b85d9144bcd87e9b79442ab) Importer(815301076,1909f56bfc062723c751e8b465ee728b)
Start importing Assets/Scripts/Spray.cs using Guid(6be66e472b85d9144bcd87e9b79442ab) Importer(815301076,1909f56bfc062723c751e8b465ee728b) (PreviewImporter) -> (artifact id: '00000000000000000000000000000000') in 0.0007372 seconds
Import Error Code:(4)
Message: Build asset version error: assets/scripts/spray.cs in SourceAssetDB has modification time of '2026-01-23T19:17:15.1812611Z' while content on disk has modification time of '2026-01-23T19:19:23.1054581Z'
  ERROR: Build asset version error: assets/scripts/spray.cs in SourceAssetDB has modification time of '2026-01-23T19:17:15.1812611Z' while content on disk has modification time of '2026-01-23T19:19:23.1054581Z'
Number of updated asset objects reloaded before import = 0Number of asset objects unloaded after import = 0

========================================================================
Received Import Request.
  Time since last request: 0.000023 seconds.
  path: Assets/Scripts/Spray.cs
  artifactKey: Guid(6be66e472b85d9144bcd87e9b79442ab) Importer(815301076,1909f56bfc062723c751e8b465ee728b)
Start importing Assets/Scripts/Spray.cs using Guid(6be66e472b85d9144bcd87e9b79442ab) Importer(815301076,1909f56bfc062723c751e8b465ee728b) (PreviewImporter) -> (artifact id: '00000000000000000000000000000000') in 0.0007698 seconds
Import Error Code:(4)
Message: Build asset version error: assets/scripts/spray.cs in SourceAssetDB has modification time of '2026-01-23T19:17:15.1812611Z' while content on disk has modification time of '2026-01-23T19:19:23.1054581Z'
  ERROR: Build asset version error: assets/scripts/spray.cs in SourceAssetDB has modification time of '2026-01-23T19:17:15.1812611Z' while content on disk has modification time of '2026-01-23T19:19:23.1054581Z'
Number of updated asset objects reloaded before import = 0Number of asset objects unloaded after import = 0

========================================================================
Received Import Request.
  Time since last request: 0.000020 seconds.
  path: Assets/Scripts/Spray.cs
  artifactKey: Guid(6be66e472b85d9144bcd87e9b79442ab) Importer(815301076,1909f56bfc062723c751e8b465ee728b)
Start importing Assets/Scripts/Spray.cs using Guid(6be66e472b85d9144bcd87e9b79442ab) Importer(815301076,1909f56bfc062723c751e8b465ee728b) (PreviewImporter) -> (artifact id: '00000000000000000000000000000000') in 0.0007451 seconds
Import Error Code:(4)
Message: Build asset version error: assets/scripts/spray.cs in SourceAssetDB has modification time of '2026-01-23T19:17:15.1812611Z' while content on disk has modification time of '2026-01-23T19:19:23.1054581Z'
  ERROR: Build asset version error: assets/scripts/spray.cs in SourceAssetDB has modification time of '2026-01-23T19:17:15.1812611Z' while content on disk has modification time of '2026-01-23T19:19:23.1054581Z'
Number of updated asset objects reloaded before import = 0Number of asset objects unloaded after import = 0

========================================================================
Received Import Request.
  Time since last request: 0.000024 seconds.
  path: Assets/Scripts/Spray.cs
  artifactKey: Guid(6be66e472b85d9144bcd87e9b79442ab) Importer(815301076,1909f56bfc062723c751e8b465ee728b)
Start importing Assets/Scripts/Spray.cs using Guid(6be66e472b85d9144bcd87e9b79442ab) Importer(815301076,1909f56bfc062723c751e8b465ee728b) (PreviewImporter) -> (artifact id: '00000000000000000000000000000000') in 0.0009231 seconds
Import Error Code:(4)
Message: Build asset version error: assets/scripts/spray.cs in SourceAssetDB has modification time of '2026-01-23T19:17:15.1812611Z' while content on disk has modification time of '2026-01-23T19:19:23.1054581Z'
  ERROR: Build asset version error: assets/scripts/spray.cs in SourceAssetDB has modification time of '2026-01-23T19:17:15.1812611Z' while content on disk has modification time of '2026-01-23T19:19:23.1054581Z'
Number of updated asset objects reloaded before import = 0Number of asset objects unloaded after import = 0

========================================================================
Received Import Request.
  Time since last request: 0.000041 seconds.
  path: Assets/Scripts/Spray.cs
  artifactKey: Guid(6be66e472b85d9144bcd87e9b79442ab) Importer(815301076,1909f56bfc062723c751e8b465ee728b)
Start importing Assets/Scripts/Spray.cs using Guid(6be66e472b85d9144bcd87e9b79442ab) Importer(815301076,1909f56bfc062723c751e8b465ee728b) (PreviewImporter) -> (artifact id: '00000000000000000000000000000000') in 0.0008782 seconds
Import Error Code:(4)
Message: Build asset version error: assets/scripts/spray.cs in SourceAssetDB has modification time of '2026-01-23T19:17:15.1812611Z' while content on disk has modification time of '2026-01-23T19:19:23.1054581Z'
  ERROR: Build asset version error: assets/scripts/spray.cs in SourceAssetDB has modification time of '2026-01-23T19:17:15.1812611Z' while content on disk has modification time of '2026-01-23T19:19:23.1054581Z'
Number of updated asset objects reloaded before import = 0Number of asset objects unloaded after import = 0

========================================================================
Received Import Request.
  Time since last request: 0.000023 seconds.
  path: Assets/Scripts/Spray.cs
  artifactKey: Guid(6be66e472b85d9144bcd87e9b79442ab) Importer(815301076,1909f56bfc062723c751e8b465ee728b)
Start importing Assets/Scripts/Spray.cs using Guid(6be66e472b85d9144bcd87e9b79442ab) Importer(815301076,1909f56bfc062723c751e8b465ee728b) (PreviewImporter) -> (artifact id: '00000000000000000000000000000000') in 0.0012566 seconds
Import Error Code:(4)
Message: Build asset version error: assets/scripts/spray.cs in SourceAssetDB has modification time of '2026-01-23T19:17:15.1812611Z' while content on disk has modification time of '2026-01-23T19:19:23.1054581Z'
  ERROR: Build asset version error: assets/scripts/spray.cs in SourceAssetDB has modification time of '2026-01-23T19:17:15.1812611Z' while content on disk has modification time of '2026-01-23T19:19:23.1054581Z'
Number of updated asset objects reloaded before import = 0Number of asset objects unloaded after import = 0

========================================================================
Received Import Request.
  Time since last request: 0.000022 seconds.
  path: Assets/Scripts/Spray.cs
  artifactKey: Guid(6be66e472b85d9144bcd87e9b79442ab) Importer(815301076,1909f56bfc062723c751e8b465ee728b)
Start importing Assets/Scripts/Spray.cs using Guid(6be66e472b85d9144bcd87e9b79442ab) Importer(815301076,1909f56bfc062723c751e8b465ee728b) (PreviewImporter) -> (artifact id: '00000000000000000000000000000000') in 0.0008437 seconds
Import Error Code:(4)
Message: Build asset version error: assets/scripts/spray.cs in SourceAssetDB has modification time of '2026-01-23T19:17:15.1812611Z' while content on disk has modification time of '2026-01-23T19:19:23.1054581Z'
  ERROR: Build asset version error: assets/scripts/spray.cs in SourceAssetDB has modification time of '2026-01-23T19:17:15.1812611Z' while content on disk has modification time of '2026-01-23T19:19:23.1054581Z'
Number of updated asset objects reloaded before import = 0Number of asset objects unloaded after import = 0

========================================================================
Received Import Request.
  Time since last request: 0.000019 seconds.
  path: Assets/Scripts/Spray.cs
  artifactKey: Guid(6be66e472b85d9144bcd87e9b79442ab) Importer(815301076,1909f56bfc062723c751e8b465ee728b)
Start importing Assets/Scripts/Spray.cs using Guid(6be66e472b85d9144bcd87e9b79442ab) Importer(815301076,1909f56bfc062723c751e8b465ee728b) (PreviewImporter) -> (artifact id: '00000000000000000000000000000000') in 0.0007698 seconds
Import Error Code:(4)
Message: Build asset version error: assets/scripts/spray.cs in SourceAssetDB has modification time of '2026-01-23T19:17:15.1812611Z' while content on disk has modification time of '2026-01-23T19:19:23.1054581Z'
  ERROR: Build asset version error: assets/scripts/spray.cs in SourceAssetDB has modification time of '2026-01-23T19:17:15.1812611Z' while content on disk has modification time of '2026-01-23T19:19:23.1054581Z'
Number of updated asset objects reloaded before import = 0Number of asset objects unloaded after import = 0

========================================================================
Received Import Request.
  Time since last request: 0.000021 seconds.
  path: Assets/Scripts/Spray.cs
  artifactKey: Guid(6be66e472b85d9144bcd87e9b79442ab) Importer(815301076,1909f56bfc062723c751e8b465ee728b)
Start importing Assets/Scripts/Spray.cs using Guid(6be66e472b85d9144bcd87e9b79442ab) Importer(815301076,1909f56bfc062723c751e8b465ee728b) (PreviewImporter) -> (artifact id: '00000000000000000000000000000000') in 0.0009469 seconds
Import Error Code:(4)
Message: Build asset version error: assets/scripts/spray.cs in SourceAssetDB has modification time of '2026-01-23T19:17:15.1812611Z' while content on disk has modification time of '2026-01-23T19:19:23.1054581Z'
  ERROR: Build asset version error: assets/scripts/spray.cs in SourceAssetDB has modification time of '2026-01-23T19:17:15.1812611Z' while content on disk has modification time of '2026-01-23T19:19:23.1054581Z'
Number of updated asset objects reloaded before import = 0Number of asset objects unloaded after import = 0

========================================================================
Received Import Request.
  Time since last request: 0.000030 seconds.
  path: Assets/Scripts/Spray.cs
  artifactKey: Guid(6be66e472b85d9144bcd87e9b79442ab) Importer(815301076,1909f56bfc062723c751e8b465ee728b)
Start importing Assets/Scripts/Spray.cs using Guid(6be66e472b85d9144bcd87e9b79442ab) Importer(815301076,1909f56bfc062723c751e8b465ee728b) (PreviewImporter) -> (artifact id: '00000000000000000000000000000000') in 0.0008684 seconds
Import Error Code:(4)
Message: Build asset version error: assets/scripts/spray.cs in SourceAssetDB has modification time of '2026-01-23T19:17:15.1812611Z' while content on disk has modification time of '2026-01-23T19:19:23.1054581Z'
  ERROR: Build asset version error: assets/scripts/spray.cs in SourceAssetDB has modification time of '2026-01-23T19:17:15.1812611Z' while content on disk has modification time of '2026-01-23T19:19:23.1054581Z'
Number of updated asset objects reloaded before import = 0Number of asset objects unloaded after import = 0

========================================================================
Received Import Request.
  Time since last request: 0.000034 seconds.
  path: Assets/Scripts/Spray.cs
  artifactKey: Guid(6be66e472b85d9144bcd87e9b79442ab) Importer(815301076,1909f56bfc062723c751e8b465ee728b)
Start importing Assets/Scripts/Spray.cs using Guid(6be66e472b85d9144bcd87e9b79442ab) Importer(815301076,1909f56bfc062723c751e8b465ee728b) (PreviewImporter) -> (artifact id: '00000000000000000000000000000000') in 0.0007539 seconds
Import Error Code:(4)
Message: Build asset version error: assets/scripts/spray.cs in SourceAssetDB has modification time of '2026-01-23T19:17:15.1812611Z' while content on disk has modification time of '2026-01-23T19:19:23.1054581Z'
  ERROR: Build asset version error: assets/scripts/spray.cs in SourceAssetDB has modification time of '2026-01-23T19:17:15.1812611Z' while content on disk has modification time of '2026-01-23T19:19:23.1054581Z'
Number of updated asset objects reloaded before import = 0Number of asset objects unloaded after import = 0

========================================================================
Received Prepare
Begin MonoManager ReloadAssembly
- Loaded All Assemblies, in  1.313 seconds
Refreshing native plugins compatible for Editor in 14.60 ms, found 7 plugins.
Native extension for LinuxStandalone target not found
Native extension for iOS target not found
Native extension for Android target not found
Native extension for UWP target not found
Native extension for WindowsStandalone target not found
Native extension for OSXStandalone target not found
Native extension for WebGL target not found
[Package Manager] Failed to launch server process. Reason: Unity was launched with the -noUpm command-line argument
[Package Manager] Unable to send message (not connected to server process).
[Package Manager] Cannot connect to Unity Package Manager local server
Refreshing native plugins compatible for Editor in 14.77 ms, found 7 plugins.
Mono: successfully reloaded assembly
[Package Manager] Failed to launch server process. Reason: Unity was launched with the -noUpm command-line argument
[Package Manager] Unable to send message (not connected to server process).
[Package Manager] Cannot connect to Unity Package Manager local server
- Finished resetting the current domain, in  1.180 seconds
Domain Reload Profiling: 2488ms
	BeginReloadAssembly (345ms)
		ExecutionOrderSort (0ms)
		DisableScriptedObjects (10ms)
		BackupInstance (0ms)
		ReleaseScriptingObjects (0ms)
		CreateAndSetChildDomain (75ms)
	RebuildCommonClasses (64ms)
	RebuildNativeTypeToScriptingClass (21ms)
	initialDomainReloadingComplete (50ms)
	LoadAllAssembliesAndSetupDomain (828ms)
		LoadAssemblies (707ms)
		RebuildTransferFunctionScriptingTraits (0ms)
		AnalyzeDomain (312ms)
			TypeCache.Refresh (18ms)
				TypeCache.ScanAssembly (4ms)
			BuildScriptInfoCaches (258ms)
			ResolveRequiredComponents (30ms)
	FinalizeReload (1180ms)
		ReleaseScriptCaches (0ms)
		RebuildScriptCaches (0ms)
		SetupLoadedEditorAssemblies (879ms)
			LogAssemblyErrors (0ms)
			InitializePlatformSupportModulesInManaged (29ms)
			SetLoadedEditorAssemblies (8ms)
			BeforeProcessingInitializeOnLoad (187ms)
			ProcessInitializeOnLoadAttributes (438ms)
			ProcessInitializeOnLoadMethodAttributes (211ms)
			AfterProcessingInitializeOnLoad (6ms)
			EditorAssembliesLoaded (0ms)
		ExecutionOrderSort2 (0ms)
		AwakeInstancesAfterBackupRestoration (16ms)
Shader 'Oculus/OVRMRCameraFrameLit': fallback shader 'Alpha-Diffuse' not found
Refreshing native plugins compatible for Editor in 14.99 ms, found 7 plugins.
Preloading 2 native plugins for Editor in 0.24 ms.
Unloading 16 Unused Serialized files (Serialized files now loaded: 0)
Unloading 7843 unused Assets / (5.4 MB). Loaded Objects now: 8738.
Memory consumption went from 180.3 MB to 174.9 MB.
Total: 13.071400 ms (FindLiveObjects: 0.717200 ms CreateObjectMapping: 0.542100 ms MarkObjects: 8.299600 ms  DeleteObjects: 3.510300 ms)

Prepare: number of updated asset objects reloaded= 0
========================================================================
Received Prepare
Shader 'Oculus/OVRMRCameraFrameLit': fallback shader 'Alpha-Diffuse' not found
Refreshing native plugins compatible for Editor in 10.80 ms, found 7 plugins.
Preloading 2 native plugins for Editor in 0.41 ms.
Unloading 15 Unused Serialized files (Serialized files now loaded: 0)
Unloading 7809 unused Assets / (4.8 MB). Loaded Objects now: 8729.
Memory consumption went from 180.3 MB to 175.5 MB.
Total: 151.860100 ms (FindLiveObjects: 5.242700 ms CreateObjectMapping: 0.679100 ms MarkObjects: 142.618700 ms  DeleteObjects: 3.317500 ms)

Prepare: number of updated asset objects reloaded= 1
========================================================================
Received Prepare
Begin MonoManager ReloadAssembly
- Loaded All Assemblies, in  1.694 seconds
Refreshing native plugins compatible for Editor in 21.79 ms, found 7 plugins.
Native extension for LinuxStandalone target not found
Native extension for iOS target not found
Native extension for Android target not found
Native extension for UWP target not found
Native extension for WindowsStandalone target not found
Native extension for OSXStandalone target not found
Native extension for WebGL target not found
[Package Manager] Failed to launch server process. Reason: Unity was launched with the -noUpm command-line argument
[Package Manager] Unable to send message (not connected to server process).
[Package Manager] Cannot connect to Unity Package Manager local server
Refreshing native plugins compatible for Editor in 8.98 ms, found 7 plugins.
Mono: successfully reloaded assembly
[Package Manager] Failed to launch server process. Reason: Unity was launched with the -noUpm command-line argument
[Package Manager] Unable to send message (not connected to server process).
[Package Manager] Cannot connect to Unity Package Manager local server
- Finished resetting the current domain, in  0.917 seconds
Domain Reload Profiling: 2613ms
	BeginReloadAssembly (486ms)
		ExecutionOrderSort (0ms)
		DisableScriptedObjects (30ms)
		BackupInstance (0ms)
		ReleaseScriptingObjects (0ms)
		CreateAndSetChildDomain (183ms)
	RebuildCommonClasses (31ms)
	RebuildNativeTypeToScriptingClass (11ms)
	initialDomainReloadingComplete (31ms)
	LoadAllAssembliesAndSetupDomain (1136ms)
		LoadAssemblies (823ms)
		RebuildTransferFunctionScriptingTraits (0ms)
		AnalyzeDomain (465ms)
			TypeCache.Refresh (133ms)
				TypeCache.ScanAssembly (3ms)
			BuildScriptInfoCaches (275ms)
			ResolveRequiredComponents (30ms)
	FinalizeReload (917ms)
		ReleaseScriptCaches (0ms)
		RebuildScriptCaches (0ms)
		SetupLoadedEditorAssemblies (607ms)
			LogAssemblyErrors (0ms)
			InitializePlatformSupportModulesInManaged (23ms)
			SetLoadedEditorAssemblies (7ms)
			BeforeProcessingInitializeOnLoad (147ms)
			ProcessInitializeOnLoadAttributes (294ms)
			ProcessInitializeOnLoadMethodAttributes (131ms)
			AfterProcessingInitializeOnLoad (5ms)
			EditorAssembliesLoaded (0ms)
		ExecutionOrderSort2 (0ms)
		AwakeInstancesAfterBackupRestoration (12ms)
Shader 'Oculus/OVRMRCameraFrameLit': fallback shader 'Alpha-Diffuse' not found
Refreshing native plugins compatible for Editor in 8.76 ms, found 7 plugins.
Preloading 2 native plugins for Editor in 0.13 ms.
Unloading 16 Unused Serialized files (Serialized files now loaded: 0)
Unloading 7843 unused Assets / (5.2 MB). Loaded Objects now: 8740.
Memory consumption went from 180.3 MB to 175.1 MB.
Total: 9.971100 ms (FindLiveObjects: 1.191700 ms CreateObjectMapping: 0.458300 ms MarkObjects: 5.216200 ms  DeleteObjects: 3.103000 ms)

Prepare: number of updated asset objects reloaded= 0
========================================================================
Received Import Request.
  Time since last request: 1282.559814 seconds.
  path: Assets/Oculus/LipSync/Models/RobotHead_TextureFlip/aa.png
  artifactKey: Guid(5c06354455999f94ea26114e261dde6d) Importer(815301076,1909f56bfc062723c751e8b465ee728b)
Start importing Assets/Oculus/LipSync/Models/RobotHead_TextureFlip/aa.png using Guid(5c06354455999f94ea26114e261dde6d) Importer(815301076,1909f56bfc062723c751e8b465ee728b) (PreviewImporter) -> (artifact id: 'fe3f3bbf72352f8b804e21dd34b1d481') in 1.0919918 seconds
Number of updated asset objects reloaded before import = 1Number of asset objects unloaded after import = 2

========================================================================
Received Import Request.
  Time since last request: 0.000330 seconds.
  path: Assets/Plugins/CW/PaintIn3D/Examples/Textures/Albedo_Grey.png
  artifactKey: Guid(e56a162c9544ad243b649a193c316597) Importer(815301076,1909f56bfc062723c751e8b465ee728b)
Start importing Assets/Plugins/CW/PaintIn3D/Examples/Textures/Albedo_Grey.png using Guid(e56a162c9544ad243b649a193c316597) Importer(815301076,1909f56bfc062723c751e8b465ee728b) (PreviewImporter) -> (artifact id: '99c71838174f6710cbbc20c9dc0d93aa') in 0.0315481 seconds
Number of updated asset objects reloaded before import = 0Number of asset objects unloaded after import = 2

========================================================================
Received Import Request.
  Time since last request: 0.000027 seconds.
  path: Assets/Plugins/CW/PaintIn3D/Examples/Textures/Albedo_Black.png
  artifactKey: Guid(d5d21b7e83440324f990718c82363b34) Importer(815301076,1909f56bfc062723c751e8b465ee728b)
Start importing Assets/Plugins/CW/PaintIn3D/Examples/Textures/Albedo_Black.png using Guid(d5d21b7e83440324f990718c82363b34) Importer(815301076,1909f56bfc062723c751e8b465ee728b) (PreviewImporter) -> (artifact id: '1796fa5fde1bf79efd383e88c33735ca') in 0.0235005 seconds
Number of updated asset objects reloaded before import = 0Number of asset objects unloaded after import = 2

========================================================================
Received Import Request.
  Time since last request: 0.000016 seconds.
  path: Assets/Plugins/CW/PaintIn3D/Examples/Textures/Albedo_Magenta.png
  artifactKey: Guid(ea2b79a64d0dbb64b924b1a2a011fca4) Importer(815301076,1909f56bfc062723c751e8b465ee728b)
Start importing Assets/Plugins/CW/PaintIn3D/Examples/Textures/Albedo_Magenta.png using Guid(ea2b79a64d0dbb64b924b1a2a011fca4) Importer(815301076,1909f56bfc062723c751e8b465ee728b) (PreviewImporter) -> (artifact id: '543d710409093f4aa020644305a319fa') in 0.0213638 seconds
Number of updated asset objects reloaded before import = 0Number of asset objects unloaded after import = 2

========================================================================
Received Import Request.
  Time since last request: 13.025865 seconds.
  path: Assets/Plugins/CW/PaintIn3D/Examples/Materials/Target_Albedo.png
  artifactKey: Guid(9cc24ef4e9009f249bc9305f1899390a) Importer(815301076,1909f56bfc062723c751e8b465ee728b)
Start importing Assets/Plugins/CW/PaintIn3D/Examples/Materials/Target_Albedo.png using Guid(9cc24ef4e9009f249bc9305f1899390a) Importer(815301076,1909f56bfc062723c751e8b465ee728b) (PreviewImporter) -> (artifact id: 'e377a0c8c928e68ae13bc67054e4e524') in 0.0963928 seconds
Number of updated asset objects reloaded before import = 0Number of asset objects unloaded after import = 3

========================================================================
Received Import Request.
  Time since last request: 0.000033 seconds.
  path: Assets/Plugins/CW/PaintIn3D/Examples/Materials/Tinted Grey.mat
  artifactKey: Guid(c6c193596127e1e44b4aaf3d18048846) Importer(815301076,1909f56bfc062723c751e8b465ee728b)
Start importing Assets/Plugins/CW/PaintIn3D/Examples/Materials/Tinted Grey.mat using Guid(c6c193596127e1e44b4aaf3d18048846) Importer(815301076,1909f56bfc062723c751e8b465ee728b) (PreviewImporter) -> (artifact id: 'fe57e85a9437bb2cd01930ce660dc29f') in 0.837125 seconds
Number of updated asset objects reloaded before import = 0Number of asset objects unloaded after import = 2

========================================================================
Received Import Request.
  Time since last request: 0.000059 seconds.
  path: Assets/Plugins/CW/PaintIn3D/Examples/Materials/Tinted White.mat
  artifactKey: Guid(c79ecaf52095adb47b56ec86887b938f) Importer(815301076,1909f56bfc062723c751e8b465ee728b)
Start importing Assets/Plugins/CW/PaintIn3D/Examples/Materials/Tinted White.mat using Guid(c79ecaf52095adb47b56ec86887b938f) Importer(815301076,1909f56bfc062723c751e8b465ee728b) (PreviewImporter) -> (artifact id: '53234e4923e291a96e4cdb87f664bcd7') in 0.0304522 seconds
Number of updated asset objects reloaded before import = 0Number of asset objects unloaded after import = 2

========================================================================
Received Import Request.
  Time since last request: 0.000046 seconds.
  path: Assets/Plugins/CW/PaintIn3D/Examples/Materials/Wet Cyan.mat
  artifactKey: Guid(c4847423e2070e344be54a3428a07f9a) Importer(815301076,1909f56bfc062723c751e8b465ee728b)
Start importing Assets/Plugins/CW/PaintIn3D/Examples/Materials/Wet Cyan.mat using Guid(c4847423e2070e344be54a3428a07f9a) Importer(815301076,1909f56bfc062723c751e8b465ee728b) (PreviewImporter) -> (artifact id: '5dc331f71dafc0c00fe23a3bdd2557d2') in 0.0635811 seconds
Number of updated asset objects reloaded before import = 0Number of asset objects unloaded after import = 4

========================================================================
Received Import Request.
  Time since last request: 0.000028 seconds.
  path: Assets/Plugins/CW/PaintIn3D/Examples/Materials/Tinted Cyan.mat
  artifactKey: Guid(ca8a9b32d6467114da6865e53a16fe8e) Importer(815301076,1909f56bfc062723c751e8b465ee728b)
Start importing Assets/Plugins/CW/PaintIn3D/Examples/Materials/Tinted Cyan.mat using Guid(ca8a9b32d6467114da6865e53a16fe8e) Importer(815301076,1909f56bfc062723c751e8b465ee728b) (PreviewImporter) -> (artifact id: '540dd489e5e34d65ece5f9a77daa0b8a') in 0.0266399 seconds
Number of updated asset objects reloaded before import = 0Number of asset objects unloaded after import = 2

========================================================================
Received Import Request.
  Time since last request: 1961.569218 seconds.
  path: Assets/InputSystem_Actions.inputactions
  artifactKey: Guid(052faaac586de48259a63d0c4782560b) Importer(815301076,1909f56bfc062723c751e8b465ee728b)
Start importing Assets/InputSystem_Actions.inputactions using Guid(052faaac586de48259a63d0c4782560b) Importer(815301076,1909f56bfc062723c751e8b465ee728b) (PreviewImporter) -> (artifact id: '5e3f70f0364ded6a0e35bba7f5564b43') in 0.2002355 seconds
Number of updated asset objects reloaded before import = 1Number of asset objects unloaded after import = 19

========================================================================
Received Import Request.
  Time since last request: 0.001820 seconds.
  path: Assets/Readme.asset
  artifactKey: Guid(8105016687592461f977c054a80ce2f2) Importer(815301076,1909f56bfc062723c751e8b465ee728b)
Start importing Assets/Readme.asset using Guid(8105016687592461f977c054a80ce2f2) Importer(815301076,1909f56bfc062723c751e8b465ee728b) (PreviewImporter) -> (artifact id: '7564957e633b305f4e69560a9de8e20a') in 0.0690362 seconds
Number of updated asset objects reloaded before import = 0Number of asset objects unloaded after import = 2

========================================================================
Received Import Request.
  Time since last request: 15.799263 seconds.
  path: Assets/Mesh Fixer (Cube).asset
  artifactKey: Guid(c8cfcb204395cc04cb905932f2c847d2) Importer(815301076,1909f56bfc062723c751e8b465ee728b)
Start importing Assets/Mesh Fixer (Cube).asset using Guid(c8cfcb204395cc04cb905932f2c847d2) Importer(815301076,1909f56bfc062723c751e8b465ee728b) (PreviewImporter) -> (artifact id: '29e67a196c23f2c3cf48a7a364d1100e') in 0.4233477 seconds
Number of updated asset objects reloaded before import = 0Number of asset objects unloaded after import = 3

========================================================================
Received Import Request.
  Time since last request: 115.252860 seconds.
  path: Assets/Mesh Fixer (Cube).asset
  artifactKey: Guid(c8cfcb204395cc04cb905932f2c847d2) Importer(815301076,1909f56bfc062723c751e8b465ee728b)
Start importing Assets/Mesh Fixer (Cube).asset using Guid(c8cfcb204395cc04cb905932f2c847d2) Importer(815301076,1909f56bfc062723c751e8b465ee728b) (PreviewImporter) -> (artifact id: 'ed3b8d61e7fe312009df123d4411d4fe') in 0.0238018 seconds
Number of updated asset objects reloaded before import = 1Number of asset objects unloaded after import = 3

